cue,response,human1,human2,frequency,n,model1,model2
accumulation,collecting,I,I-cont,20,30,T,T-syn
accumulation,over time,S,S-time,15,30,E,E-sys
accumulation,of snow,T,T-sub,13,30,T,T-sub
accumulation,build up,T,T-syn,10,30,E,E-sys
accumulation,hoarding,I,I-cont,10,30,E,E-beh
accumulation,too much,I,I-cont,9,30,I,I-cont
accumulation,gathering of things,T,T-syn,8,30,T,T-syn
accumulation,pile,I,I-cont,8,30,T,T-syn
accumulation,things,T,T-sub,8,30,T,T-syn
accumulation,adding,I,I-cont,8,30,T,T-syn
accumulation,grouping,I,I-cont,6,30,T,T-syn
accumulation,data,T,T-sub,6,30,E,E-comp
accumulation,quantity,I,I-cont,6,30,E,E-sys
accumulation,money,T,T-sub,5,30,S,S-obj
accumulation,objects,T,T-sub,5,30,T,T-sub
accumulation,junk,T,T-sub,5,30,T,T-syn
air,breathing,S,S-fun,27,30,S,S-act
air,oxygen,E,E-comp,22,30,E,E-comp
air,life,I,I-cont,18,30,I,I-cont
air,wind,T,T-sub,18,30,E,E-perc
air,fresh,E,E-perc,18,30,E,E-perc
air,clean,E,E-perc,10,30,E,E-perc
air,lung,S,S-obj,8,30,S,S-loc
air,trees,S,S-obj,7,30,S,S-obj
air,pollution,S,S-obj,7,30,S,S-other
air,earth,S,S-loc,7,30,E,E-whol
air,rain,S,S-obj,7,30,S,S-obj
air,atmosphere,T,T-syn,6,30,T,T-sup
air,sky,S,S-loc,5,30,S,S-loc
air,gas,T,T-sup,5,30,T,T-syn
air,purity,E,E-perc,5,30,E,E-sys
air,nature,E,E-whol,5,30,E,E-whol
airline,company,T,T-sup,27,30,T,T-syn
airline,airplanes,E,E-comp,19,30,E,E-comp
airline,airport,S,S-loc,16,30,S,S-loc
airline,planes,E,E-comp,10,30,E,E-comp
airline,Delta,T,T-sub,7,30,T,T-sub
airline,Lufthansa,T,T-sub,6,30,T,T-sub
airline,American,T,T-sub,6,30,E,E-sys
airline,flying,S,S-act,6,30,E,E-beh
airplane,travel,S,S-fun,21,30,S,S-fun
airplane,fast,E,E-sys,11,30,E,E-perc
airplane,wings,E,E-comp,10,30,E,E-comp
airplane,transportation,S,S-fun,9,30,S,S-fun
airplane,engine,E,E-comp,9,30,E,E-comp
airplane,flight,E,E-beh,8,30,S,S-act
airplane,flying,E,E-beh,8,30,E,E-beh
airplane,airport,S,S-loc,7,30,S,S-loc
airplane,uncomfortable seats,I,I-eval,6,30,E,E-perc
airplane,vacation,S,S-time,6,30,S,S-fun
airplane,large,E,E-perc,6,30,E,E-perc
airplane,sky,S,S-loc,5,30,S,S-loc
alcohol,wine,T,T-sub,22,30,T,T-sub
alcohol,beer,T,T-sub,17,30,T,T-sub
alcohol,drinking,S,S-act,15,30,S,S-act
alcohol,drunk,I,I-cont,10,30,E,E-sys
alcohol,dinner,S,S-time,6,30,S,S-time
alcohol,fun,I,I-eval,5,30,I,I-eval
alcohol,negative,I,I-eval,5,30,I,I-eval
America,home,I,I-cont,18,30,I,I-eval
America,red white and blue,S,S-other,15,30,S,S-other
America,freedom,I,I-cont,13,30,I,I-cont
America,country,T,T-sup,10,30,T,T-syn
America,large,E,E-perc,10,30,E,E-perc
America,eagle,S,S-obj,10,30,S,S-obj
America,diversity,I,I-cont,8,30,I,I-cont
America,patriotism,I,I-cont,8,30,S,S-other
America,native american,S,S-par,8,30,S,S-par
America,united states,T,T-syn,8,30,T,T-syn
America,land,T,T-sup,7,30,E,E-whol
America,democracy,I,I-cont,5,30,T,T-sup
America,nationality,T,T-sup,5,30,T,T-sub
America,president,S,S-par,5,30,S,S-par
America,obama,S,S-par,5,30,T,T-sub
America,usa,T,T-syn,5,30,T,T-syn
America,stars and stripes,S,S-other,5,30,S,S-other
animal,nature,E,E-whol,18,30,E,E-whol
animal,pet,T,T-sub,15,30,S,S-fun
animal,friend,I,I-cont,14,30,S,S-par
animal,lion,T,T-sub,11,30,T,T-sub
animal,cat,T,T-sub,9,30,T,T-coor
animal,zoo,S,S-loc,9,30,S,S-loc
animal,wild,E,E-sys,9,30,E,E-sys
animal,mammal,T,T-sub,5,30,T,T-sup
appearance,look,T,T-syn,14,30,S,S-act
appearance,important,I,I-eval,12,30,E,E-sys
appearance,clothes,S,S-obj,12,30,S,S-obj
appearance,seeing,S,S-act,12,30,S,S-act
appearance,face,S,S-obj,9,30,E,E-whol
appearance,makeup,S,S-obj,9,30,S,S-obj
appearance,beauty,T,T-sub,7,30,I,I-eval
appearance,perception,I,I-cont,6,30,S,S-act
appearance,public,S,S-loc,5,30,S,S-par
appearance,ugly,I,I-eval,5,30,I,I-eval
appearance,clean,I,I-eval,5,30,E,E-perc
appearance,style,T,T-syn,5,30,T,T-sub
army,war,S,S-time,23,30,S,S-loc
army,protection,S,S-fun,16,30,S,S-fun
army,gun,S,S-obj,15,30,S,S-obj
army,fighting,E,E-beh,15,30,S,S-act
army,camouflage,E,E-perc,13,30,E,E-sys
army,military,T,T-sup,11,30,T,T-syn
army,safety,I,I-cont,10,30,S,S-fun
army,training,S,S-act,10,30,S,S-act
army,men,E,E-comp,8,30,S,S-par
army,group of people,T,T-sup,8,30,T,T-sup
army,uniform,E,E-comp,8,30,S,S-obj
army,bombs,S,S-obj,8,30,S,S-obj
army,soldiers,E,E-comp,8,30,T,T-sub
army,navy,T,T-coor,7,30,T,T-coor
army,green,E,E-perc,6,30,S,S-other
army,air force,T,T-coor,5,30,T,T-coor
aspect,part,T,T-syn,13,30,T,T-syn
aspect,facet,T,T-syn,10,30,T,T-syn
aspect,detail,T,T-sub,7,30,T,T-syn
aspect,perspective,T,T-syn,7,30,T,T-syn
attention,focus,I,I-cont,15,30,T,T-syn
attention,looking,S,S-act,14,30,S,S-act
attention,listening,S,S-act,10,30,S,S-act
attention,awareness,I,I-cont,10,30,T,T-syn
attention,detail,S,S-obj,7,30,S,S-act
attention,alert,I,I-cont,5,30,E,E-beh
attitude,negative,I,I-eval,17,30,I,I-eval
attitude,feeling,I,I-cont,11,30,I,I-emo
attitude,changes,E,E-beh,10,30,E,E-beh
attitude,expression,T,T-sup,8,30,E,E-sys
attitude,thoughts,I,I-cont,8,30,E,E-sys
attitude,fight,S,S-act,8,30,I,I-cont
attitude,emotion,I,I-cont,5,30,E,E-sys
attitude,good,I,I-eval,5,30,I,I-eval
attitude,bad,I,I-eval,5,30,E,E-sys
attitude,reaction,T,T-syn,5,30,E,E-beh
attitude,mood,T,T-syn,5,30,E,E-sys
attitude,behavior,T,T-sup,5,30,T,T-sup
attitude,grumpy,T,T-sub,5,30,E,E-beh
attitude,approach,T,T-sup,5,30,T,T-syn
attitude,outlook,T,T-syn,5,30,T,T-syn
bank,money,E,E-comp,29,30,S,S-obj
bank,credit card,E,E-comp,18,30,S,S-obj
bank,safety,I,I-cont,13,30,S,S-fun
bank,savings,E,E-comp,13,30,S,S-fun
bank,account,E,E-comp,13,30,S,S-obj
bank,robbery,S,S-act,10,30,S,S-act
bank,checks,E,E-comp,10,30,S,S-obj
bank,river,T,T-sub,7,30,S,S-loc
bank,trust,I,I-cont,5,30,S,S-fun
bank,debt,I,I-cont,5,30,S,S-fun
bank,loans,S,S-obj,5,30,S,S-obj
bank,corruption,I,I-cont,5,30,S,S-fun
bank,rich,E,E-sys,5,30,E,E-sys
barcode,scan,S,S-act,28,30,S,S-fun
barcode,store,S,S-loc,16,30,S,S-loc
barcode,price,S,S-fun,16,30,S,S-fun
barcode,black,E,E-perc,13,30,E,E-perc
barcode,white,E,E-perc,12,30,E,E-perc
barcode,code,T,T-sup,11,30,T,T-syn
barcode,identification,S,S-fun,9,30,S,S-fun
barcode,lines,E,E-comp,9,30,E,E-comp
barcode,numbers,E,E-comp,7,30,E,E-comp
barcode,consumerism,I,I-cont,7,30,S,S-fun
barcode,shopping,S,S-act,7,30,S,S-fun
barcode,groceries,S,S-obj,7,30,S,S-obj
barcode,trackable,E,E-sys,6,30,S,S-fun
barcode,digital,E,E-sys,5,30,E,E-sys
barcode,bars,E,E-comp,5,30,E,E-comp
barcode,technology,T,T-sup,5,30,E,E-whol
barcode,information,E,E-comp,5,30,S,S-fun
beggar,poor,E,E-sys,23,30,E,E-sys
beggar,dirty,E,E-perc,19,30,I,I-eval
beggar,in need,E,E-sys,18,30,I,I-eval
beggar,hungry,E,E-sys,13,30,E,E-sys
beggar,sad,I,I-eval,10,30,I,I-emo
beggar,asking money,E,E-beh,8,30,S,S-act
beggar,clothes,E,E-perc,8,30,S,S-obj
beggar,street,S,S-loc,7,30,S,S-loc
beggar,many,I,I-cont,6,30,E,E-sys
beggar,alone,E,E-sys,5,30,I,I-eval
beggar,poverty,E,E-sys,5,30,S,S-act
beggar,gypsy,T,T-sub,5,30,T,T-coor
body,skin,E,E-comp,21,30,E,E-comp
body,self,I,I-cont,14,30,I,I-cont
body,muscles,E,E-comp,9,30,E,E-comp
body,human form,T,T-syn,8,30,T,T-syn
body,fat,E,E-sys,7,30,E,E-comp
body,movement,S,S-fun,7,30,E,E-beh
body,head,E,E-comp,7,30,E,E-comp
body,of work,T,T-sub,6,30,E,E-whol
body,soft,E,E-sys,5,30,E,E-perc
body,physical,E,E-sys,5,30,E,E-sys
body,blood,E,E-comp,5,30,E,E-comp
body,shape,E,E-perc,5,30,E,E-sys
body,bones,E,E-comp,5,30,E,E-comp
body,health,I,I-cont,5,30,E,E-sys
bomb,explosive,E,E-sys,20,30,E,E-sys
bomb,war,S,S-time,15,30,S,S-time
bomb,weapon,T,T-sup,15,30,E,E-comp
bomb,terrorism,S,S-fun,13,30,S,S-fun
bomb,death,S,S-fun,13,30,S,S-time
bomb,destructive,E,E-sys,11,30,E,E-sys
bomb,threat,T,T-sup,11,30,S,S-act
bomb,hiroshima,S,S-time,10,30,S,S-time
bomb,atomic,E,E-sys,9,30,E,E-comp
bomb,dangerous,I,I-eval,8,30,E,E-sys
bomb,killing,S,S-fun,8,30,S,S-act
bomb,loud,E,E-sys,7,30,E,E-perc
bomb,bad,I,I-eval,7,30,I,I-eval
bomb,burning,I,I-cont,5,30,S,S-act
bomb,scary,I,I-eval,5,30,I,I-emo
bomb,army,S,S-par,5,30,S,S-par
book,pages,E,E-comp,23,30,E,E-comp
book,hard,E,E-perc,13,30,E,E-perc
book,words,E,E-comp,12,30,E,E-comp
book,paper,E,E-comp,11,30,E,E-comp
book,information,E,E-comp,10,30,E,E-whol
book,cover,E,E-comp,9,30,E,E-comp
book,knowledge,I,I-cont,7,30,E,E-comp
book,soft,E,E-comp,7,30,E,E-perc
book,author,I,I-cont,6,30,S,S-par
book,learning,S,S-fun,6,30,S,S-fun
book,library,S,S-loc,5,30,S,S-loc
book,story,E,E-comp,5,30,T,T-syn
bottle,water,S,S-obj,29,30,S,S-obj
bottle,glass,E,E-comp,26,30,E,E-comp
bottle,holds liquids,S,S-fun,25,30,S,S-fun
bottle,beer,E,E-comp,16,30,S,S-obj
bottle,wine,E,E-comp,14,30,S,S-obj
bottle,container,T,T-sup,11,30,T,T-syn
bottle,lid,E,E-comp,9,30,E,E-comp
bottle,alcoholism,I,I-cont,6,30,S,S-time
brain,thinking,S,S-fun,20,30,E,E-beh
brain,smart,I,I-cont,15,30,E,E-sys
brain,neurons,E,E-comp,13,30,E,E-comp
brain,pink,E,E-perc,10,30,E,E-perc
brain,knowledge,I,I-cont,10,30,E,E-comp
brain,head,S,S-loc,8,30,E,E-comp
brain,lobes,E,E-comp,8,30,E,E-comp
brain,connections,E,E-comp,7,30,E,E-comp
brain,control center,S,S-fun,6,30,T,T-syn
brain,squishy,E,E-perc,6,30,E,E-perc
brain,wrinkly,E,E-perc,6,30,E,E-perc
brain,mind,T,T-coor,6,30,T,T-syn
brain,memory,I,I-cont,5,30,E,E-comp
brain,intelligence,I,I-cont,5,30,E,E-sys
brain,complicated,E,E-sys,5,30,E,E-sys
brain,spongey,E,E-perc,5,30,E,E-perc
bread,white,E,E-perc,21,30,E,E-perc
bread,sandwich,I,I-cont,19,30,S,S-obj
bread,butter,T,T-coor,16,30,S,S-obj
bread,loaf,T,T-sub,16,30,T,T-sub
bread,food,T,T-sup,14,30,T,T-sup
bread,slices,I,I-cont,11,30,E,E-comp
bread,wheat,E,E-comp,10,30,E,E-comp
bread,toast,I,I-cont,7,30,T,T-coor
bread,yeast,E,E-comp,6,30,E,E-comp
brightness,light,I,I-cont,30,30,T,T-syn
brightness,sun,I,I-cont,19,30,S,S-obj
brightness,warmth,I,I-cont,16,30,E,E-perc
brightness,eyes,S,S-obj,14,30,S,S-obj
brightness,summer,S,S-time,11,30,S,S-time
brightness,sunglasses,S,S-obj,8,30,S,S-obj
brightness,white,S,S-other,7,30,E,E-perc
brightness,blinding,E,E-sys,7,30,E,E-perc
brightness,squinting,S,S-act,6,30,S,S-act
brightness,happiness,I,I-eval,5,30,I,I-emo
brightness,outside,S,S-loc,5,30,S,S-loc
brightness,windows,S,S-obj,5,30,S,S-obj
brightness,sunshine,S,S-obj,5,30,E,E-perc
brightness,morning,S,S-time,5,30,S,S-time
brightness,darkness,T,T-ant,5,30,T,T-ant
building,tall,E,E-perc,18,30,E,E-perc
building,windows,E,E-comp,16,30,E,E-comp
building,bricks,E,E-comp,16,30,E,E-comp
building,doors,E,E-comp,14,30,E,E-comp
building,structure,T,T-sup,13,30,E,E-comp
building,walls,E,E-comp,13,30,E,E-comp
building,office,S,S-fun,12,30,E,E-whol
building,cement,E,E-comp,11,30,E,E-comp
building,roof,E,E-comp,10,30,E,E-comp
building,rooms,E,E-comp,8,30,E,E-comp
building,architecture,T,T-sup,6,30,E,E-whol
building,city,S,S-loc,6,30,E,E-whol
bulldozer,destruction,S,S-fun,25,30,S,S-fun
bulldozer,construction,S,S-fun,19,30,S,S-act
bulldozer,work,S,S-fun,19,30,S,S-act
bulldozer,dirt,S,S-obj,16,30,S,S-obj
bulldozer,yellow,E,E-perc,11,30,E,E-perc
bulldozer,machine,T,T-sup,11,30,T,T-syn
bulldozer,tear down,S,S-fun,8,30,S,S-act
bulldozer,used to flatten,S,S-fun,8,30,S,S-act
bulldozer,loud,E,E-sys,5,30,E,E-perc
bulldozer,strong,E,E-sys,5,30,E,E-sys
bulldozer,driver,S,S-par,5,30,S,S-par
bulldozer,large,E,E-perc,5,30,E,E-sys
bulldozer,demolish,S,S-fun,5,30,S,S-act
bullet,gun,S,S-obj,30,30,S,S-obj
bullet,killing,S,S-fun,25,30,S,S-fun
bullet,war,S,S-time,22,30,S,S-act
bullet,metal,E,E-comp,20,30,E,E-comp
bullet,pain,I,I-cont,16,30,I,I-emo
bullet,fast,E,E-sys,15,30,E,E-sys
bullet,violence,I,I-cont,15,30,I,I-cont
bullet,shooting,S,S-act,15,30,S,S-act
bullet,police,S,S-par,12,30,S,S-par
bullet,dangerous,I,I-eval,11,30,E,E-sys
bullet,death,I,I-cont,8,30,S,S-time
bullet,pointed end,E,E-comp,8,30,E,E-comp
bullet,small,E,E-sys,7,30,E,E-perc
canvas,painting,S,S-act,28,30,S,S-obj
canvas,material,E,E-comp,13,30,E,E-comp
canvas,fabric,E,E-comp,12,30,E,E-comp
canvas,creativity,I,I-cont,11,30,I,I-cont
canvas,blank,E,E-perc,11,30,E,E-perc
canvas,stretched,E,E-perc,9,30,E,E-perc
canvas,tent,I,I-cont,9,30,T,T-coor
canvas,oil,S,S-obj,9,30,E,E-comp
canvas,art,I,I-cont,8,30,S,S-fun
canvas,brushes,S,S-obj,7,30,E,E-comp
canvas,colors,S,S-obj,6,30,E,E-perc
canvas,rough,E,E-perc,6,30,E,E-perc
car,transportation,S,S-fun,24,30,S,S-fun
car,fast,E,E-sys,19,30,E,E-sys
car,travel,S,S-fun,17,30,S,S-fun
car,wheels,E,E-comp,14,30,E,E-comp
car,driving,S,S-act,14,30,S,S-act
car,engine,E,E-comp,13,30,E,E-comp
car,expensive,E,E-sys,10,30,E,E-sys
car,driver,S,S-par,9,30,S,S-par
car,doors,E,E-comp,7,30,E,E-comp
car,windows,E,E-comp,5,30,E,E-comp
car,gasoline,I,I-cont,5,30,E,E-comp
carpet,rug,T,T-syn,24,30,T,T-syn
carpet,dirty,E,E-perc,20,30,E,E-perc
carpet,floor,S,S-loc,15,30,S,S-loc
carpet,covers floors,S,S-fun,12,30,E,E-beh
carpet,house,S,S-loc,12,30,S,S-loc
carpet,dusty,E,E-perc,10,30,E,E-perc
carpet,vacuum cleaner,S,S-obj,9,30,S,S-obj
carpet,scratchy,E,E-perc,8,30,E,E-perc
carpet,warmth,S,S-fun,8,30,E,E-perc
carpet,soft,E,E-perc,7,30,E,E-perc
carpet,fuzzy,E,E-perc,5,30,E,E-perc
cart,food,S,S-obj,22,30,S,S-obj
cart,carries items,S,S-fun,18,30,S,S-fun
cart,metal,E,E-comp,18,30,E,E-comp
cart,bars,E,E-comp,18,30,E,E-comp
cart,grocery store,S,S-loc,17,30,S,S-loc
cart,pushing,S,S-act,14,30,S,S-act
cart,supermarket,S,S-loc,13,30,S,S-loc
center,between,T,T-syn,18,30,S,S-loc
center,middle,T,T-syn,13,30,T,T-syn
center,median,T,T-sub,10,30,T,T-syn
center,city,T,T-sub,8,30,S,S-loc
center,medium,T,T-syn,8,30,T,T-syn
center,mean,T,T-sub,5,30,T,T-syn
center,not the end,I,I-cont,5,30,I,I-cont
cigarette,smell,E,E-perc,25,30,E,E-perc
cigarette,bad,I,I-eval,23,30,I,I-eval
cigarette,cancer,I,I-cont,19,30,E,E-sys
cigarette,tobacco,E,E-comp,18,30,E,E-comp
cigarette,smoke,S,S-act,17,30,S,S-act
cigarette,unhealthy,I,I-eval,14,30,E,E-sys
cigarette,addiction,I,I-cont,9,30,E,E-sys
cigarette,lungs,S,S-obj,8,30,S,S-obj
cigarette,lighter,S,S-obj,7,30,S,S-obj
cigarette,deadly,E,E-sys,6,30,E,E-sys
cigarette,nicotine,E,E-comp,6,30,E,E-comp
cigarette,filter,E,E-comp,5,30,E,E-comp
cigarette,long,E,E-perc,5,30,E,E-sys
clock,time,S,S-fun,27,30,E,E-sys
clock,hours,E,E-comp,21,30,E,E-sys
clock,minutes,E,E-comp,20,30,E,E-comp
clock,seconds,E,E-comp,20,30,E,E-comp
clock,tick tock,E,E-perc,18,30,E,E-beh
clock,numbers,E,E-perc,12,30,E,E-comp
clock,round,E,E-perc,8,30,E,E-perc
clock,wall,S,S-loc,8,30,S,S-loc
clock,old,E,E-sys,7,30,E,E-perc
clock,alarm,T,T-syn,7,30,E,E-comp
clock,hands,E,E-comp,6,30,E,E-comp
cloth,cotton,E,E-comp,20,30,E,E-comp
cloth,sewing,S,S-act,18,30,S,S-act
cloth,clothes,S,S-fun,15,30,T,T-sup
cloth,silk,E,E-comp,13,30,E,E-comp
cloth,pattern,E,E-perc,10,30,E,E-perc
cloth,blanket,T,T-sub,8,30,T,T-coor
cloth,material,E,E-comp,8,30,E,E-comp
cloth,rough,E,E-perc,5,30,E,E-perc
cloth,soft,E,E-perc,5,30,E,E-perc
cloth,wash,S,S-act,5,30,S,S-act
cloth,warmth,S,S-fun,5,30,E,E-perc
coffee,morning,S,S-time,19,30,S,S-time
coffee,milk,S,S-obj,16,30,S,S-obj
coffee,sugar,S,S-obj,15,30,S,S-obj
coffee,black,E,E-perc,14,30,E,E-perc
coffee,cream,S,S-obj,13,30,S,S-obj
coffee,beans,E,E-comp,10,30,E,E-comp
coffee,espresso,T,T-sub,9,30,T,T-coor
coffee,starbucks,S,S-loc,9,30,T,T-sub
coffee,energy,I,I-cont,8,30,E,E-sys
coffee,hot,E,E-perc,8,30,E,E-perc
coffee,tired,I,I-cont,5,30,S,S-other
coke,soda,T,T-sup,18,30,T,T-syn
coke,fizzy,E,E-sys,13,30,E,E-perc
coke,addiction,I,I-cont,13,30,E,E-sys
coke,brown,E,E-perc,13,30,E,E-perc
coke,unhealthy,E,E-sys,12,30,E,E-sys
coke,sugar,E,E-comp,10,30,E,E-comp
coke,coca cola,T,T-syn,10,30,T,T-syn
coke,can,S,S-loc,9,30,S,S-loc
coke,red,S,S-other,9,30,E,E-perc
coke,white,S,S-other,9,30,E,E-perc
coke,drinking,S,S-act,8,30,S,S-act
coke,bottle,S,S-loc,8,30,S,S-obj
coke,carbonated,E,E-sys,6,30,E,E-perc
coke,sweet,E,E-sys,5,30,E,E-perc
coke,corporation,I,I-cont,5,30,S,S-loc
condition,state of being,T,T-syn,25,30,T,T-syn
condition,based on something,I,I-cont,10,30,I,I-cont
condition,illness,T,T-sub,8,30,T,T-syn
condition,shape,T,T-syn,8,30,E,E-sys
condition,testable,E,E-sys,5,30,E,E-sys
condition,situation,T,T-syn,5,30,T,T-syn
condition,mind,T,T-sub,5,30,T,T-sup
consequence,result,T,T-syn,21,30,T,T-syn
consequence,effect,T,T-syn,18,30,T,T-syn
consequence,outcome,T,T-syn,12,30,E,E-sys
consequence,negative,I,I-eval,7,30,I,I-eval
consideration,thinking,I,I-cont,23,30,T,T-syn
consideration,feeling,I,I-cont,15,30,T,T-syn
consideration,decision,I,I-cont,13,30,T,T-syn
consideration,option,I,I-cont,10,30,T,T-syn
consideration,thoughts,T,T-sup,10,30,E,E-sys
consideration,idea,I,I-cont,6,30,T,T-syn
consideration,different perspective,I,I-cont,5,30,T,T-syn
consideration,respect,S,S-act,5,30,T,T-syn
consideration,choice,I,I-cont,5,30,E,E-sys
constraint,holding back,S,S-fun,18,30,E,E-sys
constraint,discomfort,I,I-cont,15,30,E,E-sys
constraint,restrictive,E,E-sys,13,30,E,E-sys
constraint,obstacle,I,I-cont,10,30,I,I-cont
constraint,mental,E,E-sys,10,30,E,E-sys
constraint,limitation,T,T-syn,8,30,T,T-syn
constraint,physical,E,E-sys,8,30,E,E-sys
constraint,hindrance,T,T-syn,5,30,T,T-syn
constraint,stop,S,S-fun,5,30,E,E-beh
constraint,unable to move,I,I-cont,5,30,E,E-sys
constraint,difficult,E,E-sys,5,30,I,I-eval
country,nation,T,T-syn,18,30,T,T-syn
country,home,T,T-syn,15,30,S,S-loc
country,flag,S,S-obj,14,30,S,S-obj
country,borders,E,E-comp,12,30,E,E-sys
country,culture,I,I-cont,11,30,E,E-whol
country,state,T,T-syn,9,30,T,T-sub
country,land,E,E-whol,8,30,T,T-syn
country,place,E,E-whol,7,30,T,T-syn
country,pride,I,I-cont,7,30,I,I-eval
country,map,E,E-whol,5,30,S,S-obj
country,war,S,S-time,5,30,S,S-obj
country,anthem,E,E-comp,5,30,S,S-obj
country,emigration,S,S-act,5,30,S,S-act
cream (face),white,E,E-perc,28,30,E,E-perc
cream (face),moisturizing,E,E-sys,26,30,E,E-perc
cream (face),woman,S,S-par,12,30,S,S-par
cream (face),no wrinkles,S,S-fun,8,30,S,S-fun
cream (face),soft,E,E-perc,6,30,E,E-perc
cream (face),sunscreen,T,T-sub,6,30,S,S-obj
crocodile,teeth,E,E-comp,19,30,E,E-comp
crocodile,animal,T,T-sup,18,30,T,T-sup
crocodile,dangerous,E,E-sys,18,30,E,E-sys
crocodile,ferocious,E,E-sys,16,30,E,E-sys
crocodile,reptile,T,T-sup,15,30,T,T-sup
crocodile,swamp,S,S-loc,14,30,S,S-loc
crocodile,jaws,E,E-comp,13,30,E,E-comp
crocodile,south,S,S-loc,9,30,S,S-loc
crocodile,long,E,E-perc,9,30,E,E-perc
crocodile,swims,E,E-beh,8,30,E,E-beh
crocodile,cries,E,E-beh,6,30,E,E-beh
crocodile,large,E,E-perc,6,30,E,E-perc
cup,glass,E,E-comp,25,30,T,T-coor
cup,drinking,S,S-act,22,30,S,S-act
cup,plastic,E,E-comp,19,30,E,E-comp
cup,holds liquids,S,S-fun,15,30,S,S-fun
cup,thirst,I,I-cont,15,30,S,S-fun
cup,baking,S,S-act,12,30,S,S-loc
cup,coffee,T,T-sub,11,30,S,S-obj
cup,for measuring,S,S-fun,11,30,S,S-fun
cup,mug,T,T-syn,11,30,T,T-syn
cup,tea,T,T-sub,8,30,S,S-obj
cup,handle,E,E-comp,8,30,E,E-comp
cup,container,T,T-sup,8,30,T,T-syn
cup,bowl,S,S-obj,8,30,T,T-coor
cup,porcelain,E,E-comp,7,30,E,E-comp
cup,ceramic,E,E-comp,7,30,E,E-comp
cup,red,E,E-perc,5,30,E,E-perc
dandelion,flower,T,T-sup,28,30,T,T-sup
dandelion,pretty,I,I-eval,17,30,I,I-eval
dandelion,yellow,E,E-perc,16,30,E,E-perc
dandelion,blow,S,S-act,16,30,S,S-act
dandelion,weed,T,T-sup,15,30,T,T-syn
dandelion,fluffy,E,E-perc,14,30,E,E-perc
dandelion,white,E,E-perc,13,30,E,E-perc
dandelion,summer,S,S-time,12,30,S,S-time
dandelion,seeds,E,E-comp,12,30,E,E-comp
dandelion,petals,E,E-comp,10,30,E,E-comp
dandelion,stem,E,E-comp,9,30,E,E-comp
dandelion,happy,I,I-emo,7,30,I,I-emo
dandelion,allergy,I,I-cont,6,30,E,E-sys
decision,hard,I,I-eval,19,30,I,I-eval
decision,choice,T,T-syn,18,30,T,T-syn
decision,difficult,I,I-eval,12,30,I,I-eval
decision,thought,T,T-sup,11,30,E,E-sys
decision,changes,E,E-beh,9,30,E,E-beh
decision,bad,I,I-eval,8,30,I,I-eval
decision,agreement,T,T-sub,7,30,S,S-act
decision,good,I,I-eval,6,30,I,I-eval
decision,determination,I,I-cont,6,30,T,T-syn
decision,conclusion,T,T-syn,5,30,T,T-syn
destination,arrive,S,S-act,15,30,S,S-act
destination,reach,S,S-act,15,30,S,S-act
destination,end,T,T-sub,13,30,T,T-syn
destination,trip,S,S-time,11,30,S,S-obj
destination,traveling,S,S-act,6,30,S,S-act
discipline_(topic),topic,T,T-syn,15,30,T,T-syn
discipline_(topic),study,S,S-act,14,30,S,S-act
discipline_(topic),specialization,T,T-syn,13,30,T,T-sub
discipline_(topic),training,I,I-cont,12,30,S,S-act
discipline_(topic),science,T,T-sub,10,30,E,E-whol
discipline_(topic),school,S,S-loc,10,30,S,S-loc
discipline_(topic),work,S,S-act,7,30,T,T-sub
discussion,talking,I,I-cont,23,30,S,S-act
discussion,opinion,I,I-cont,22,30,S,S-obj
discussion,idea,I,I-cont,14,30,T,T-syn
discussion,argument,I,I-cont,8,30,T,T-syn
discussion,debate,T,T-syn,8,30,T,T-syn
discussion,understanding,I,I-cont,7,30,S,S-act
discussion,perspectives,I,I-cont,5,30,E,E-sys
discussion,topic,I,I-cont,5,30,S,S-act
discussion,knowledge,I,I-cont,5,30,E,E-whol
dollar,money,T,T-sup,30,30,T,T-syn
dollar,green,E,E-perc,22,30,E,E-perc
dollar,bills,T,T-sup,13,30,T,T-sub
dollar,wallet,S,S-loc,10,30,S,S-loc
dollar,george washington,E,E-perc,8,30,T,T-sub
dollar,bank,S,S-loc,6,30,S,S-loc
dollar,cash,T,T-sup,6,30,T,T-syn
dollar,economy,E,E-whol,8,30,S,S-loc
dollar,coins,S,S-obj,8,30,E,E-comp
dollar,pay,S,S-fun,5,30,S,S-act
dollar,currency,T,T-sup,5,30,T,T-syn
dollar,earn,S,S-act,5,30,S,S-act
dollar,spend,S,S-act,5,30,S,S-act
dolphin,smart,E,E-sys,23,30,E,E-sys
dolphin,intelligent,E,E-sys,23,30,E,E-sys
dolphin,swims,E,E-beh,22,30,E,E-beh
dolphin,mammal,T,T-sup,16,30,T,T-sup
dolphin,animal,T,T-sup,15,30,T,T-sup
dolphin,grey,E,E-perc,11,30,E,E-perc
dolphin,ocean,S,S-loc,11,30,S,S-loc
dolphin,makes noise,E,E-beh,9,30,E,E-beh
dolphin,fast,E,E-sys,9,30,E,E-sys
dolphin,cute,I,I-eval,7,30,I,I-eval
dolphin,friendly,I,I-eval,7,30,E,E-sys
dolphin,sleek,E,E-sys,7,30,E,E-perc
door,open,S,S-act,29,30,S,S-act
door,wooden,E,E-comp,26,30,E,E-comp
door,close,S,S-act,22,30,E,E-beh
door,knob,E,E-comp,21,30,E,E-comp
door,opportunity,I,I-cont,17,30,I,I-cont
door,push,S,S-act,13,30,S,S-act
door,lock,S,S-act,9,30,E,E-comp
door,handle,E,E-comp,9,30,E,E-comp
door,pull,S,S-act,7,30,S,S-act
door,brown,E,E-perc,7,30,E,E-perc
doorway,open,E,E-sys,18,30,E,E-beh
doorway,opportunity,I,I-cont,13,30,I,I-cont
doorway,going out,S,S-fun,11,30,S,S-act
doorway,light,I,I-cont,8,30,S,S-obj
doorway,door,S,S-obj,5,30,E,E-comp
dove,bird,T,T-sup,29,30,T,T-sup
dove,white,E,E-perc,27,30,E,E-perc
dove,flying,E,E-beh,26,30,E,E-beh
dove,pure,I,I-eval,22,30,I,I-eval
dove,peace,I,I-cont,21,30,I,I-cont
dove,wedding,S,S-time,14,30,S,S-time
dove,nest,S,S-obj,10,30,S,S-loc
dove,wings,E,E-comp,7,30,E,E-comp
dove,pretty,I,I-eval,6,30,I,I-eval
dove,feathers,E,E-comp,6,30,E,E-comp
drain,water,S,S-obj,30,30,E,E-comp
drain,sink,E,E-whol,23,30,E,E-whol
drain,clogged,E,E-sys,15,30,E,E-sys
drain,shower,E,E-whol,12,30,S,S-loc
drain,hole,T,T-sup,9,30,T,T-sup
drain,expelling,S,S-fun,8,30,E,E-beh
drain,hair,S,S-obj,6,30,S,S-obj
drain,lack of energy,T,T-syn,6,30,S,S-other
drain,bath thub,E,E-whol,5,30,S,S-loc
drawing,pencil,I,I-cont,23,30,S,S-obj
drawing,art,E,E-whol,20,30,E,E-whol
drawing,sketching,T,T-sub,13,30,S,S-act
drawing,doodling,T,T-sub,13,30,T,T-syn
drawing,artist,S,S-par,10,30,S,S-par
drawing,child,S,S-par,10,30,S,S-par
drawing,creativity,E,E-whol,10,30,I,I-cont
drawing,coloring,S,S-act,9,30,S,S-act
drawing,painting,S,S-act,8,30,S,S-act
drawing,paper,I,I-cont,6,30,E,E-comp
drawing,contour,S,S-obj,5,30,E,E-comp
drawing,displaying,S,S-fun,5,30,S,S-act
drawing,crayon,I,I-cont,5,30,S,S-obj
economy,money,S,S-obj,26,30,E,E-comp
economy,bank,S,S-obj,26,30,S,S-obj
economy,capitalism,I,I-cont,20,30,T,T-syn
economy,crisis,I,I-cont,19,30,S,S-time
economy,finance,T,T-coor,15,30,T,T-syn
economy,politics,T,T-coor,7,30,S,S-obj
economy,globalization,S,S-time,7,30,S,S-other
economy,depression,S,S-time,5,30,S,S-time
egg,protein,T,T-sup,29,30,E,E-comp
egg,yolk,E,E-comp,28,30,E,E-comp
egg,yellow,E,E-perc,28,30,E,E-perc
egg,fried,E,E-perc,26,30,S,S-act
egg,tasty,I,I-eval,18,30,E,E-perc
egg,breakfast,S,S-time,15,30,S,S-obj
egg,runny,E,E-perc,15,30,E,E-perc
egg,soft boiled,E,E-perc,15,30,E,E-sys
egg,cooking,S,S-act,13,30,S,S-act
egg,it breaks,E,E-sys,8,30,E,E-beh
egg,baking,S,S-act,8,30,S,S-act
elephant,big ears,E,E-comp,28,30,E,E-perc
elephant,grey,E,E-perc,27,30,E,E-perc
elephant,africa,S,S-loc,25,30,S,S-loc
elephant,large,E,E-sys,25,30,E,E-perc
elephant,animal,T,T-sup,22,30,T,T-sup
elephant,tusks,E,E-comp,20,30,E,E-comp
elephant,loud,E,E-perc,16,30,E,E-perc
elephant,trunk,E,E-comp,15,30,E,E-comp
elephant,kind,I,I-eval,13,30,E,E-sys
elephant,smart,E,E-sys,12,30,E,E-sys
elephant,circus,S,S-loc,9,30,S,S-loc
elephant,republican party,I,I-cont,8,30,I,I-cont
elephant,memory,E,E-sys,6,30,E,E-sys
elephant,zoo,S,S-loc,5,30,S,S-loc
emotion,feeling,T,T-sup,27,30,T,T-syn
emotion,sadness,T,T-sub,19,30,I,I-emo
emotion,happiness,T,T-sub,14,30,I,I-emo
emotion,crying,S,S-act,11,30,I,I-emo
emotion,expression,T,T-sup,9,30,E,E-beh
emotion,mood,I,I-cont,8,30,T,T-syn
emotion,love,T,T-sub,6,30,I,I-emo
emotion,hate,T,T-sub,6,30,I,I-emo
emotion,strong,E,E-sys,6,30,I,I-emo
emotion,human,E,E-sys,5,30,T,T-coor
emotion,fear,T,T-sub,5,30,T,T-syn
emotion,anger,T,T-sub,5,30,I,I-emo
emotion,enthusiasm,T,T-sub,5,30,I,I-emo
end,finish,T,T-syn,25,30,T,T-syn
end,new beginning,I,I-cont,16,30,I,I-cont
end,death,T,T-syn,11,30,S,S-time
end,done,T,T-syn,6,30,T,T-syn
end,completion,T,T-syn,5,30,T,T-syn
end,over,T,T-syn,5,30,T,T-syn
end,definitive,E,E-sys,5,30,E,E-sys
end,no more,I,I-cont,5,30,I,I-cont
equipment,tools,T,T-sub,23,30,E,E-comp
equipment,sport,T,T-sub,17,30,S,S-fun
equipment,technology,T,T-sub,13,30,T,T-sup
equipment,job,T,T-sub,10,30,S,S-fun
equipment,gear,T,T-sub,10,30,T,T-syn
equipment,machine,T,T-sub,10,30,T,T-coor
equipment,necessary,E,E-sys,7,30,E,E-sys
equipment,tractor,T,T-sub,7,30,T,T-sub
explanation,detail,E,E-comp,12,30,E,E-comp
explanation,understanding,S,S-fun,12,30,T,T-syn
explanation,instructions,T,T-sub,9,30,T,T-syn
explanation,helpful,E,E-sys,9,30,I,I-eval
explanation,words,I,I-cont,9,30,E,E-comp
explanation,written,T,T-sub,9,30,E,E-beh
explanation,steps,E,E-comp,6,30,E,E-comp
explanation,reason,S,S-fun,6,30,T,T-syn
explanation,description,T,T-sup,6,30,T,T-syn
explanation,teacher,S,S-par,6,30,S,S-par
explanation,why,S,S-fun,6,30,S,S-act
explanation,in depth,E,E-sys,6,30,E,E-sys
eye,colors,E,E-sys,24,30,E,E-perc
eye,sight,S,S-fun,23,30,E,E-perc
eye,glasses,S,S-obj,23,30,S,S-obj
eye,cornea,E,E-comp,16,30,E,E-comp
eye,vision,S,S-fun,14,30,E,E-sys
eye,round,E,E-perc,9,30,E,E-perc
eye,beautiful,I,I-eval,8,30,I,I-eval
eye,pupil,E,E-comp,8,30,E,E-comp
eye,iris,E,E-comp,7,30,E,E-comp
eye,lashes,E,E-comp,6,30,E,E-comp
eye,looking,S,S-fun,6,30,S,S-act
factory,large,E,E-perc,21,30,E,E-perc
factory,workers,S,S-par,16,30,S,S-par
factory,industry,E,E-whol,14,30,T,T-sup
factory,building,S,S-loc,9,30,T,T-syn
factory,labor,S,S-par,7,30,S,S-act
factory,efficient,E,E-sys,7,30,E,E-sys
factory,machine,E,E-comp,7,30,E,E-comp
factory,assembly line,E,E-comp,7,30,E,E-comp
factory,production,S,S-fun,5,30,S,S-fun
factory,pollution,I,I-cont,5,30,S,S-obj
factory,corporation,I,I-cont,5,30,T,T-sup
feces,poop,T,T-syn,23,30,T,T-syn
feces,toilet,S,S-loc,15,30,S,S-loc
feces,brown,E,E-perc,13,30,E,E-perc
feces,smelly,E,E-perc,13,30,E,E-perc
feces,dirty,E,E-perc,10,30,E,E-sys
feces,natural,E,E-sys,10,30,E,E-sys
feces,bathroom,S,S-loc,10,30,S,S-loc
feces,animal,T,T-sub,8,30,S,S-obj
feeding,breast,T,T-sub,17,30,S,S-obj
feeding,woman,S,S-par,14,30,S,S-par
feeding,girl,S,S-par,14,30,S,S-par
feeding,in public,S,S-loc,13,30,S,S-loc
feeding,natural,E,E-sys,9,30,E,E-sys
feeding,baby,S,S-par,9,30,S,S-act
feeding,caring,T,T-sup,7,30,S,S-act
feeding,mother,S,S-par,6,30,S,S-par
feeding,poverty,I,I-cont,6,30,S,S-other
feeding,africa,S,S-loc,5,30,S,S-loc
finger,hand,E,E-whol,23,30,E,E-whol
finger,nail,E,E-comp,21,30,E,E-comp
finger,pointing,S,S-fun,14,30,S,S-act
finger,useful,E,E-sys,9,30,E,E-sys
finger,thumb,T,T-sub,8,30,T,T-coor
finger,ring,S,S-obj,8,30,S,S-obj
finger,touch,S,S-fun,7,30,S,S-act
finger,working,S,S-fun,7,30,E,E-beh
finger,long,E,E-perc,6,30,E,E-perc
finger,typing,S,S-fun,6,30,S,S-act
finger,nail polish,S,S-obj,5,30,S,S-obj
finger,skin,E,E-comp,5,30,E,E-comp
finger,pinky,T,T-sub,5,30,E,E-comp
finger,knuckles,E,E-comp,5,30,E,E-comp
fire,burns,E,E-beh,30,30,E,E-beh
fire,heat,I,I-cont,28,30,E,E-perc
fire,discovery,I,I-cont,25,30,S,S-act
fire,cooking,I,I-cont,21,30,S,S-act
fire,important,I,I-eval,12,30,I,I-eval
fire,water,T,T-coor,12,30,T,T-ant
fire,fireman,S,S-par,9,30,S,S-par
flower,colorful,E,E-perc,18,30,E,E-perc
flower,spring,S,S-time,18,30,S,S-time
flower,smell,E,E-perc,14,30,E,E-perc
flower,love,I,I-emo,12,30,I,I-emo
flower,nature,E,E-whol,12,30,E,E-whol
flower,green,E,E-perc,9,30,E,E-perc
flower,roses,T,T-sub,8,30,T,T-sub
flower,daisy,T,T-sub,7,30,T,T-sub
flower,beautiful,I,I-eval,7,30,I,I-eval
flower,bloom,T,T-sub,7,30,E,E-beh
flower,pretty,I,I-eval,7,30,I,I-eval
flower,petals,E,E-comp,7,30,E,E-comp
flower,bees,S,S-par,6,30,S,S-obj
flower,growing,E,E-beh,6,30,E,E-beh
flower,yellow,E,E-perc,5,30,E,E-perc
flower,pollen,E,E-comp,5,30,E,E-comp
flower,red,E,E-perc,5,30,E,E-perc
flying,moving,T,T-sup,22,30,E,E-beh
flying,air,S,S-loc,15,30,S,S-loc
flying,wings,I,I-cont,13,30,E,E-comp
flying,throwing,I,I-cont,12,30,S,S-act
flying,falling,I,I-cont,10,30,S,S-act
flying,jumping,I,I-cont,7,30,T,T-coor
flying,airplane,S,S-obj,6,30,S,S-act
flying,humans cannot do it,I,I-cont,6,30,I,I-cont
food,eating,S,S-act,30,30,S,S-act
food,cooking,S,S-act,19,30,S,S-act
food,dinner,S,S-time,14,30,T,T-syn
food,delicious,I,I-eval,11,30,I,I-eval
food,groceries,T,T-sub,11,30,T,T-sub
food,pizza,T,T-sub,8,30,T,T-sub
food,vegetables,T,T-sub,7,30,T,T-coor
food,hunger,I,I-cont,7,30,S,S-fun
food,restaurants,S,S-loc,5,30,S,S-loc
force_(physical),body,I,I-cont,16,30,E,E-comp
force_(physical),strong,E,E-sys,13,30,E,E-sys
force_(physical),push,T,T-sub,11,30,E,E-sys
force_(physical),fighting,T,T-sub,8,30,S,S-act
force_(physical),rape,T,T-sub,8,30,S,S-act
force_(physical),people,S,S-par,7,30,S,S-par
fork,food,S,S-obj,28,30,S,S-obj
fork,prongs,E,E-comp,27,30,E,E-comp
fork,eating,S,S-fun,22,30,S,S-act
fork,dinner,S,S-time,15,30,S,S-obj
fork,metal,E,E-comp,14,30,E,E-comp
fork,silver,E,E-comp,14,30,E,E-perc
fork,spoon,T,T-coor,9,30,T,T-coor
fork,knife,T,T-coor,9,30,T,T-coor
fork,utensil,T,T-sup,8,30,T,T-syn
fork,plastic,E,E-comp,7,30,E,E-comp
fork,steel,E,E-comp,6,30,E,E-comp
frame,photography,S,S-obj,16,30,S,S-loc
frame,painting,S,S-obj,13,30,S,S-obj
frame,decoration,S,S-fun,11,30,S,S-fun
frame,art,I,I-cont,10,30,E,E-whol
frame,wooden,E,E-comp,8,30,E,E-comp
frame,camera,S,S-obj,7,30,S,S-obj
frame,looking,S,S-act,5,30,S,S-act
freedom,happiness,I,I-emo,25,30,I,I-emo
freedom,america,S,S-loc,21,30,S,S-obj
freedom,expression,T,T-sub,21,30,S,S-fun
freedom,do what you want,T,T-syn,18,30,I,I-cont
freedom,no obstacles,T,T-syn,12,30,I,I-cont
freedom,of speech,T,T-sub,8,30,T,T-sub
gas,car,E,E-whol,28,30,S,S-obj
gas,oil,I,I-cont,21,30,T,T-coor
gas,gas station,S,S-loc,14,30,S,S-loc
gas,pump,S,S-obj,12,30,S,S-obj
gas,cooking,S,S-fun,10,30,S,S-act
gas,smelly,E,E-perc,9,30,E,E-perc
gas,expensive,E,E-sys,9,30,I,I-eval
gas,flammable,E,E-sys,8,30,E,E-sys
gas,leak,E,E-beh,8,30,E,E-beh
gas,dangerous,E,E-sys,7,30,E,E-sys
gas,war,I,I-cont,7,30,S,S-obj
gas,vapor,T,T-sub,7,30,E,E-comp
gas,explosive,E,E-sys,5,30,E,E-sys
gas,environment,S,S-loc,5,30,S,S-loc
gas,fuel,S,S-fun,5,30,E,E-comp
girl,woman,T,T-coor,23,30,T,T-sup
girl,female,E,E-sys,21,30,T,T-syn
girl,mother,T,T-coor,16,30,T,T-sub
girl,dress,S,S-obj,14,30,S,S-obj
girl,pink,I,I-cont,10,30,E,E-perc
girl,young,E,E-sys,8,30,E,E-sys
girl,long hair,E,E-comp,8,30,E,E-perc
girl,make up,E,E-perc,6,30,S,S-obj
girl,not boy,I,I-cont,5,30,I,I-cont
globe_(world),blue,E,E-perc,15,30,E,E-perc
globe_(world),green,E,E-perc,14,30,E,E-perc
globe_(world),lands,E,E-comp,13,30,E,E-comp
globe_(world),maps,S,S-obj,13,30,E,E-whol
globe_(world),spherical,E,E-perc,10,30,E,E-perc
globe_(world),libraries,S,S-loc,6,30,S,S-loc
globe_(world),climate,E,E-sys,6,30,E,E-sys
gold,money,I,I-cont,15,30,S,S-fun
gold,silver,T,T-coor,11,30,T,T-coor
gold,rings,I,I-cont,9,30,E,E-whol
gold,earrings,I,I-cont,9,30,I,I-cont
gold,wealth,I,I-cont,9,30,S,S-fun
gold,rich,I,I-cont,9,30,I,I-eval
gold,mine,S,S-loc,9,30,S,S-loc
gold,yellow,E,E-perc,6,30,E,E-perc
gold,greed,I,I-cont,6,30,I,I-emo
gold,beautiful,I,I-eval,6,30,I,I-eval
gold,gold rush,S,S-time,6,30,S,S-time
gold,metal,T,T-sup,6,30,E,E-comp
gold,shiny,E,E-perc,6,30,E,E-perc
gorilla,animal,T,T-sup,23,30,T,T-sup
gorilla,big,E,E-perc,20,30,E,E-sys
gorilla,ape,T,T-sup,19,30,T,T-coor
gorilla,black,E,E-perc,17,30,E,E-perc
gorilla,hairy,E,E-perc,14,30,E,E-perc
gorilla,strong,E,E-sys,14,30,E,E-sys
gorilla,jungle,S,S-loc,9,30,S,S-loc
gorilla,scary,I,I-eval,8,30,E,E-sys
gorilla,zoo,S,S-loc,8,30,S,S-loc
gorilla,bananas,S,S-obj,8,30,S,S-obj
gorilla,furry,E,E-perc,8,30,E,E-perc
gorilla,knuckles,E,E-comp,7,30,E,E-comp
gorilla,king kong,T,T-sub,7,30,T,T-sub
gorilla,similar to humans,I,I-cont,6,30,E,E-sys
gorilla,dangerous,E,E-sys,6,30,I,I-eval
governance,rules,S,S-fun,22,30,E,E-sys
governance,president,S,S-par,17,30,T,T-sub
governance,leadership,S,S-fun,15,30,T,T-syn
governance,justice,S,S-fun,15,30,T,T-coor
governance,authority,E,E-sys,7,30,E,E-sys
hand,fingers,E,E-comp,30,30,E,E-comp
hand,holding,S,S-fun,21,30,E,E-beh
hand,nail,E,E-comp,13,30,E,E-comp
hand,rings,S,S-obj,12,30,S,S-obj
hand,useful,E,E-sys,12,30,E,E-sys
hand,five,E,E-comp,10,30,E,E-sys
hand,touching,S,S-fun,10,30,S,S-act
hand,part,T,T-sup,8,30,E,E-comp
hand,handshake,S,S-fun,7,30,S,S-act
hand,work,S,S-fun,7,30,S,S-act
hand,helping,S,S-fun,6,30,S,S-act
hardness,rock,I,I-cont,11,30,T,T-syn
hardness,tough,T,T-syn,10,30,T,T-syn
hardness,firm,T,T-syn,9,30,T,T-syn
hardness,durable,I,I-cont,8,30,E,E-sys
hardness,difficult,T,T-syn,7,30,T,T-ant
hardness,wood,I,I-cont,6,30,E,E-comp
hardness,softness,T,T-ant,6,30,T,T-ant
hardness,diamond,S,S-obj,6,30,T,T-sub
hardness,solid,T,T-syn,5,30,T,T-syn
hardness,strength,I,I-cont,5,30,T,T-syn
hardness,rough,T,T-syn,6,30,T,T-syn
harshness,mean,T,T-syn,22,30,T,T-ant
harshness,rude,T,T-syn,17,30,T,T-ant
harshness,cold,T,T-syn,10,30,T,T-syn
harshness,degrading,I,I-cont,7,30,E,E-sys
harshness,sharp,T,T-syn,5,30,T,T-syn
harshness,hard,T,T-syn,5,30,T,T-syn
harshness,blunt,T,T-syn,5,30,T,T-ant
harshness,unkind,I,I-eval,5,30,T,T-syn
harshness,emotion,T,T-sup,5,30,I,I-cont
heart,love,I,I-cont,27,30,I,I-emo
heart,organ,T,T-sup,23,30,T,T-syn
heart,vital,E,E-sys,22,30,E,E-sys
heart,blood,E,E-comp,19,30,E,E-comp
heart,transplant,I,I-cont,12,30,S,S-act
heart,beats,E,E-beh,12,30,E,E-beh
heart,broken,E,E-sys,9,30,I,I-emo
heart,heart attack,E,E-beh,7,30,E,E-sys
heart,center,T,T-syn,6,30,E,E-sys
heart,emotions,I,I-cont,6,30,I,I-emo
helping,others,S,S-par,13,30,S,S-par
helping,volunteering,T,T-sub,12,30,S,S-act
helping,charity,T,T-sub,9,30,S,S-fun
helping,good,I,I-eval,8,30,I,I-eval
helping,necessary,I,I-eval,5,30,E,E-sys
helping,selflessness,I,I-cont,5,30,I,I-eval
homeland,home,T,T-sup,11,30,T,T-syn
homeland,family,S,S-par,10,30,S,S-par
homeland,ancestor,S,S-par,8,30,S,S-par
homeland,culture,I,I-cont,6,30,E,E-sys
homeland,nationality,I,I-cont,8,30,I,I-eval
homeland,place,T,T-sup,8,30,T,T-syn
homeland,usa,T,T-sub,6,30,T,T-syn
homeland,place of birth,T,T-syn,6,30,T,T-syn
homeland,flag,S,S-obj,6,30,S,S-obj
homeland,motherland,T,T-syn,6,30,T,T-syn
homeland,childhood,S,S-time,6,30,S,S-time
homeland,pride,I,I-emo,5,30,I,I-eval
homeland,security,I,I-cont,5,30,S,S-other
horse,riding,S,S-act,21,30,S,S-act
horse,hay,S,S-obj,20,30,S,S-obj
horse,mane,E,E-comp,18,30,E,E-comp
horse,farm,S,S-loc,17,30,S,S-loc
horse,brown,E,E-perc,15,30,E,E-perc
horse,saddle,S,S-obj,15,30,S,S-obj
horse,fast,E,E-sys,15,30,E,E-sys
horse,beautiful,I,I-eval,14,30,I,I-eval
horse,transportation,S,S-fun,13,30,S,S-fun
horse,big,E,E-perc,11,30,E,E-perc
horse,white,E,E-perc,9,30,E,E-perc
horse,majestic,I,I-eval,9,30,I,I-eval
horse,stable,S,S-loc,9,30,S,S-loc
horse,powerful,E,E-sys,8,30,E,E-perc
horse,racing,S,S-act,8,30,S,S-act
house,home,T,T-syn,22,30,T,T-syn
house,living,S,S-act,16,30,S,S-loc
house,roof,E,E-comp,12,30,E,E-comp
house,windows,E,E-comp,10,30,E,E-comp
house,bricks,E,E-comp,10,30,E,E-comp
house,rooms,E,E-comp,8,30,E,E-comp
house,family,S,S-par,8,30,S,S-par
house,kitchen,E,E-comp,8,30,E,E-comp
house,bathroom,E,E-comp,8,30,E,E-comp
house,building,T,T-sup,7,30,T,T-syn
house,bedroom,E,E-comp,6,30,E,E-comp
house,happy,I,I-emo,6,30,I,I-emo
house,warmth,S,S-fun,5,30,E,E-perc
icecream,cold,E,E-perc,25,30,E,E-perc
icecream,summer,S,S-time,19,30,S,S-time
icecream,chocolate,E,E-comp,16,30,E,E-comp
icecream,delicious,I,I-eval,15,30,I,I-eval
icecream,treat,T,T-sup,14,30,T,T-sup
icecream,milk,E,E-comp,14,30,E,E-comp
icecream,cone,E,E-comp,14,30,S,S-obj
icecream,sweet,E,E-sys,12,30,E,E-perc
icecream,dessert,T,T-sup,11,30,T,T-coor
icecream,flavor,E,E-perc,11,30,E,E-perc
icecream,creamy,E,E-perc,8,30,E,E-perc
icecream,sticky,E,E-perc,6,30,E,E-perc
icecream,food,T,T-sup,6,30,T,T-sup
icecream,melts,E,E-beh,6,30,E,E-beh
icecream,child,S,S-par,5,30,S,S-par
icecream,bowl,S,S-obj,5,30,S,S-obj
icecream,spoon,S,S-obj,5,30,S,S-obj
icecream,dairy,T,T-sup,5,30,E,E-comp
icecream,vanilla,E,E-comp,5,30,E,E-comp
idea,thought,T,T-sup,23,30,T,T-syn
idea,lightbulb,S,S-obj,14,30,S,S-obj
idea,creativity,I,I-cont,14,30,E,E-sys
idea,innovation,I,I-cont,11,30,T,T-sub
idea,plan,T,T-sub,9,30,T,T-syn
idea,mind,S,S-obj,8,30,S,S-loc
idea,brain,S,S-obj,7,30,S,S-loc
idea,concept,T,T-sup,6,30,T,T-syn
institution,rules,E,E-comp,13,30,E,E-comp
institution,government,T,T-sub,10,30,T,T-sup
institution,old,E,E-sys,8,30,E,E-perc
institution,mental,T,T-sub,8,30,E,E-sys
institution,mental health,T,T-sub,8,30,E,E-sys
institution,politics,I,I-cont,8,30,T,T-sub
institution,hierarchy,E,E-comp,5,30,E,E-sys
institution,money,S,S-obj,5,30,E,E-comp
institution,official,E,E-sys,5,30,E,E-sys
institution,university,T,T-sub,5,30,T,T-sub
institution,higher education,T,T-sub,5,30,T,T-sub
institution,structure,E,E-sys,5,30,E,E-comp
institution,oppressive,I,I-eval,5,30,I,I-eval
institution,building,S,S-obj,5,30,E,E-whol
jail,bars,E,E-comp,17,30,E,E-comp
jail,orange,S,S-other,17,30,S,S-other
jail,prison,T,T-syn,15,30,T,T-syn
jail,cells,E,E-comp,11,30,E,E-comp
jail,crime,I,I-cont,9,30,S,S-act
jail,criminal,S,S-par,9,30,S,S-par
jail,barbed wire,E,E-comp,7,30,E,E-comp
jail,place,T,T-sup,6,30,S,S-loc
jail,police,S,S-par,6,30,S,S-par
jail,bad,I,I-eval,6,30,I,I-eval
jail,incarceration,S,S-act,6,30,T,T-syn
jail,cold,E,E-sys,6,30,S,S-other
jail,stuck,I,I-cont,5,30,E,E-sys
jeep,car,T,T-sup,28,30,T,T-coor
jeep,muddy,E,E-perc,16,30,S,S-other
jeep,adventure,S,S-time,14,30,S,S-time
jeep,wheels,E,E-comp,14,30,E,E-comp
jeep,big,E,E-perc,14,30,E,E-sys
jeep,summer,S,S-time,10,30,S,S-time
jeep,wrangler,T,T-sub,9,30,T,T-sub
jeep,beach,S,S-loc,8,30,S,S-loc
jeep,open,E,E-sys,8,30,E,E-perc
jeep,army,S,S-par,7,30,S,S-loc
jeep,no doors,E,E-perc,5,30,E,E-comp
judgment,judge,S,S-par,14,30,T,T-coor
judgment,decision,T,T-sup,9,30,T,T-syn
judgment,stereotypes,I,I-cont,8,30,I,I-cont
judgment,court,S,S-loc,8,30,S,S-loc
judgment,negative,I,I-eval,8,30,I,I-eval
judgment,assumption,I,I-cont,7,30,T,T-syn
judgment,prejudice,I,I-cont,6,30,I,I-cont
judgment,wrong,I,I-eval,5,30,I,I-eval
judgment,perception,I,I-cont,5,30,T,T-syn
judgment,opinion,T,T-sup,5,30,T,T-syn
kid,playing,E,E-beh,20,30,S,S-act
kid,child,T,T-syn,15,30,T,T-syn
kid,innocent,I,I-eval,10,30,E,E-sys
kid,school,S,S-loc,10,30,S,S-loc
kid,naive,I,I-eval,10,30,E,E-sys
kid,development,S,S-act,8,30,E,E-sys
kid,friends,S,S-par,8,30,S,S-par
kid,fun,I,I-eval,8,30,I,I-emo
kid,baby,T,T-sub,5,30,T,T-syn
kid,babysitting,S,S-act,5,30,S,S-fun
kid,small,E,E-sys,5,30,E,E-sys
kid,needs care,E,E-sys,5,30,E,E-sys
kid,imagination,E,E-sys,5,30,E,E-sys
kid,running,E,E-beh,5,30,E,E-beh
kid,laughing,E,E-beh,5,30,E,E-beh
kid,sister,S,S-par,5,30,T,T-coor
kid,energy,E,E-sys,5,30,E,E-sys
knowledge,power,I,I-cont,23,30,I,I-cont
knowledge,learning,I,I-cont,16,30,E,E-beh
knowledge,smart,I,I-cont,14,30,E,E-sys
knowledge,book,S,S-obj,13,30,S,S-obj
knowledge,experience,I,I-cont,11,30,E,E-sys
knowledge,wisdom,I,I-cont,9,30,T,T-syn
knowledge,information,E,E-comp,8,30,T,T-syn
knowledge,intelligence,I,I-cont,8,30,T,T-syn
knowledge,facts,E,E-comp,6,30,E,E-comp
knowledge,school,S,S-loc,6,30,S,S-loc
knowledge,education,I,I-cont,5,30,T,T-sup
lion,king,T,T-sub,28,30,T,T-sub
lion,dangerous,E,E-sys,26,30,I,I-emo
lion,jungle,S,S-loc,23,30,S,S-loc
lion,animal,T,T-sup,23,30,T,T-sup
lion,roar,E,E-beh,17,30,E,E-beh
lion,mane,E,E-comp,17,30,E,E-comp
lion,cat,T,T-coor,14,30,T,T-sup
lion,africa,S,S-loc,13,30,S,S-loc
lion,yellow,E,E-perc,13,30,E,E-perc
lion,strong,E,E-sys,10,30,E,E-sys
lion,majestic,I,I-eval,13,30,E,E-perc
lion,wild,E,E-sys,9,30,E,E-sys
lion,golden,E,E-perc,8,30,E,E-perc
lion,fur,E,E-comp,8,30,E,E-comp
lion,beautiful,I,I-eval,7,30,I,I-eval
lion,zoo,S,S-loc,6,30,S,S-loc
lion,powerful,E,E-sys,6,30,E,E-sys
location,place,T,T-syn,30,30,T,T-syn
location,map,S,S-loc,25,30,S,S-obj
location,where someone is,T,T-syn,12,30,E,E-whol
location,where something is,T,T-syn,9,30,T,T-syn
location,space,T,T-syn,7,30,T,T-syn
location,destination,T,T-sub,5,30,T,T-syn
location,lost,S,S-other,5,30,S,S-other
location,found,S,S-other,5,30,S,S-act
location,area,T,T-syn,5,30,T,T-syn
machine,factory,S,S-loc,12,30,S,S-loc
machine,engine,E,E-comp,12,30,E,E-comp
machine,pieces,E,E-comp,12,30,E,E-comp
machine,washing,T,T-sub,11,30,S,S-act
machine,metal,E,E-comp,8,30,E,E-comp
machine,man,S,S-par,6,30,T,T-coor
manhole,water,E,E-comp,16,30,S,S-obj
manhole,street,S,S-loc,14,30,S,S-loc
manhole,darkness,E,E-perc,12,30,E,E-perc
manhole,sewer,S,S-obj,10,30,S,S-loc
manhole,dirty,E,E-perc,9,30,E,E-perc
manhole,construction,S,S-act,9,30,S,S-loc
manhole,worker,S,S-par,9,30,S,S-par
manhole,round,E,E-perc,7,30,E,E-perc
manhole,underground,S,S-loc,7,30,S,S-loc
manhole,lid,E,E-comp,7,30,E,E-comp
manhole,heavy,E,E-sys,6,30,E,E-perc
manhole,grate,E,E-comp,5,30,E,E-comp
manner,how one acts,T,T-syn,23,30,E,E-beh
manner,fancy,I,I-eval,8,30,E,E-sys
manner,culture,I,I-cont,8,30,S,S-obj
manner,way of being,T,T-syn,6,30,E,E-sys
manner,formal,T,T-sub,5,30,E,E-sys
manner,attitude,T,T-sub,5,30,T,T-syn
manner,individual,S,S-par,5,30,T,T-syn
market,trading,S,S-fun,17,30,S,S-act
market,economy,E,E-whol,16,30,S,S-loc
market,supermarket,T,T-sub,14,30,T,T-syn
market,stock market,T,T-sub,11,30,T,T-coor
market,people,S,S-par,9,30,S,S-par
market,suits,S,S-obj,5,30,S,S-obj
matches,fire,S,S-fun,30,30,S,S-act
matches,wooden,E,E-comp,21,30,E,E-comp
matches,burning,S,S-fun,14,30,S,S-act
matches,light,S,S-obj,12,30,S,S-act
matches,box,S,S-loc,12,30,S,S-obj
matches,red,E,E-perc,10,30,E,E-perc
matches,flame,I,I-cont,9,30,S,S-obj
matches,candle,S,S-obj,9,30,S,S-obj
matches,campfire,S,S-obj,7,30,S,S-obj
matches,smoking,S,S-act,6,30,S,S-fun
maze,lost,I,I-cont,28,30,E,E-sys
maze,labyrinth,T,T-syn,16,30,T,T-syn
maze,corn,T,T-sub,15,30,T,T-coor
maze,hedges,E,E-comp,10,30,E,E-comp
maze,confusing,I,I-eval,8,30,I,I-emo
maze,complicated,I,I-eval,7,30,I,I-eval
maze,dead ends,E,E-comp,5,30,E,E-comp
maze,find,S,S-act,5,30,S,S-act
maze,map,S,S-obj,5,30,S,S-obj
maze,game,S,S-time,5,30,T,T-sup
missile,war,S,S-time,28,30,S,S-obj
missile,rocket,T,T-syn,27,30,T,T-syn
missile,destruction,S,S-act,24,30,S,S-fun
missile,weapon,T,T-sup,15,30,T,T-sup
missile,launching,S,S-act,12,30,S,S-act
missile,flying,E,E-beh,11,30,E,E-beh
missile,dangerous,I,I-eval,11,30,E,E-sys
missile,fire,S,S-obj,9,30,E,E-perc
missile,death,S,S-fun,8,30,S,S-fun
missile,nuclear,T,T-sub,6,30,E,E-sys
missile,killing,S,S-fun,5,30,S,S-act
missile,long,E,E-perc,5,30,E,E-perc
money,green,E,E-perc,24,30,E,E-perc
money,working,S,S-act,13,30,S,S-act
money,coins,T,T-sub,11,30,E,E-comp
money,buying,S,S-fun,10,30,S,S-fun
money,cash,T,T-sub,7,30,T,T-syn
money,dollar,T,T-sub,7,30,T,T-sub
money,bills,T,T-sub,6,30,T,T-sub
money,spend,S,S-act,6,30,S,S-act
money,earn,S,S-act,6,30,S,S-act
money,wealth,I,I-cont,6,30,S,S-fun
money,bank,S,S-loc,5,30,S,S-loc
money,euro,T,T-sub,5,30,T,T-sub
motion,movement,T,T-syn,28,30,T,T-syn
motion,running,T,T-sub,13,30,T,T-syn
motion,action,T,T-sup,10,30,T,T-syn
motion,fast,E,E-perc,9,30,E,E-perc
motion,slow,E,E-perc,8,30,E,E-sys
motion,going,T,T-syn,6,30,E,E-beh
motion,dancing,T,T-sub,5,30,S,S-act
motion,physics,E,E-whol,5,30,E,E-whol
motion,planets,T,T-sub,5,30,S,S-obj
motion,walking,T,T-sub,5,30,E,E-beh
mouth,lips,E,E-comp,29,30,E,E-comp
mouth,tongue,E,E-comp,21,30,E,E-comp
mouth,eating,S,S-fun,20,30,S,S-act
mouth,kissing,S,S-fun,11,30,S,S-act
mouth,open,E,E-perc,10,30,E,E-beh
mouth,speaking,S,S-fun,8,30,S,S-act
mouth,chewing,S,S-fun,8,30,S,S-act
mouth,singing,S,S-fun,8,30,S,S-act
mouth,food,S,S-obj,7,30,S,S-obj
mouth,face,E,E-whol,5,30,E,E-whol
mouth,saliva,E,E-comp,5,30,E,E-comp
mouth,taste,S,S-fun,5,30,E,E-perc
mouth,feeding,S,S-fun,5,30,S,S-act
mouthwash,mint,E,E-perc,18,30,E,E-perc
mouthwash,blue,E,E-perc,15,30,E,E-perc
mouthwash,teeth,S,S-obj,14,30,S,S-obj
mouthwash,clean,S,S-fun,13,30,E,E-perc
mouthwash,breath,S,S-act,13,30,S,S-obj
mouthwash,green,E,E-perc,10,30,E,E-perc
mouthwash,hygiene,S,S-fun,11,30,S,S-fun
mouthwash,liquid,E,E-perc,8,30,E,E-comp
mouthwash,fresh,E,E-perc,8,30,E,E-perc
mouthwash,crest,T,T-sub,8,30,T,T-sub
mouthwash,sting,I,I-cont,8,30,E,E-perc
mouthwash,spit,S,S-act,7,30,S,S-act
mouthwash,listerine,T,T-sub,6,30,T,T-sub
mouthwash,refreshing,E,E-perc,5,30,E,E-perc
mouthwash,burning,E,E-perc,5,30,E,E-perc
mouthwash,toothpaste,S,S-obj,5,30,T,T-coor
mouthwash,bathroom,S,S-loc,5,30,S,S-loc
mouthwash,morning,S,S-time,5,30,S,S-time
movement,ideas,I,I-cont,10,30,S,S-act
movement,going,T,T-syn,9,30,E,E-beh
movement,dancing,T,T-sub,9,30,S,S-act
movement,forward,E,E-perc,8,30,E,E-sys
movement,walking,T,T-sub,7,30,S,S-act
movement,fast,E,E-perc,5,30,E,E-beh
movement,slow,E,E-perc,5,30,E,E-sys
movement,people,S,S-par,5,30,S,S-par
movement,action,T,T-sup,5,30,S,S-act
movement,direction,E,E-comp,5,30,E,E-sys
news,tv,S,S-loc,23,30,S,S-loc
news,cnn,T,T-sub,20,30,T,T-coor
news,fox,T,T-sub,16,30,S,S-loc
news,information,T,T-sup,16,30,T,T-syn
news,coverage,I,I-cont,15,30,E,E-sys
news,bad,I,I-eval,13,30,I,I-eval
news,good,I,I-eval,13,30,I,I-eval
news,evening,S,S-time,10,30,S,S-time
news,watching,S,S-act,10,30,S,S-act
news,newspaper,S,S-loc,9,30,T,T-syn
newspaper,news,E,E-comp,27,30,T,T-syn
newspaper,reading,S,S-act,17,30,S,S-act
newspaper,white,E,E-perc,16,30,E,E-perc
newspaper,black,E,E-perc,16,30,E,E-perc
newspaper,ink,E,E-comp,11,30,E,E-comp
newspaper,information,E,E-comp,10,30,S,S-fun
newspaper,journal,T,T-sup,9,30,T,T-syn
newspaper,bias,E,E-sys,8,30,E,E-sys
newspaper,media,T,T-sup,8,30,T,T-sup
newspaper,politics,I,I-cont,6,30,S,S-obj
newspaper,headlines,E,E-comp,5,30,E,E-comp
newspaper,print,S,S-act,5,30,E,E-comp
newspaper,telling,S,S-fun,5,30,S,S-act
newspaper,morning,S,S-time,5,30,S,S-time
newspaper,journalist,S,S-par,5,30,S,S-par
newspaper,knowledge,I,I-cont,5,30,S,S-fun
newspaper,new york times,T,T-sub,5,30,T,T-sub
object,thing,T,T-syn,24,30,T,T-syn
object,something,T,T-syn,16,30,T,T-syn
object,touch,E,E-sys,8,30,S,S-act
object,material,E,E-comp,6,30,E,E-comp
object,tangible,E,E-sys,6,30,E,E-sys
obstacle,overcome,S,S-act,15,30,S,S-act
obstacle,challenge,I,I-cont,13,30,T,T-syn
obstacle,difficult,E,E-sys,10,30,E,E-sys
obstacle,wall,T,T-sub,8,30,T,T-syn
obstacle,problem,T,T-syn,8,30,T,T-syn
obstacle,hard,E,E-sys,7,30,E,E-sys
obstacle,climbing,S,S-act,7,30,S,S-act
obstacle,rock,T,T-sub,6,30,T,T-coor
obstacle,annoying,I,I-eval,5,30,I,I-eval
obstacle,physical,E,E-sys,5,30,E,E-sys
octopus,ocean,S,S-loc,23,30,S,S-loc
octopus,eight legs,E,E-comp,22,30,E,E-comp
octopus,tentacles,E,E-comp,18,30,E,E-comp
octopus,sea,S,S-loc,17,30,S,S-loc
octopus,suction cups,E,E-comp,12,30,E,E-comp
octopus,fish,T,T-sup,7,30,T,T-coor
octopus,scary,I,I-eval,7,30,I,I-emo
octopus,animal,T,T-sup,5,30,T,T-sup
onion,crying,I,I-cont,23,30,E,E-beh
onion,white,E,E-perc,18,30,E,E-perc
onion,food,T,T-sup,16,30,T,T-sub
onion,vegetable,T,T-sup,15,30,T,T-sup
onion,pungent,E,E-perc,9,30,E,E-perc
onion,bad breath,I,I-cont,9,30,E,E-perc
onion,layers,E,E-perc,7,30,E,E-comp
onion,smelly,E,E-perc,7,30,E,E-perc
opinion,idea,T,T-sup,22,30,T,T-sup
opinion,thinking,I,I-cont,8,30,S,S-act
opinion,debate,I,I-cont,8,30,S,S-act
opinion,argument,I,I-cont,8,30,S,S-act
opinion,politics,I,I-cont,8,30,S,S-obj
opinion,right,I,I-eval,5,30,E,E-sys
opinion,wrong,I,I-eval,5,30,I,I-eval
opinion,strong,E,E-sys,5,30,E,E-sys
opinion,unique,E,E-sys,5,30,E,E-sys
opinion,agreement,I,I-cont,5,30,S,S-act
opinion,disagreement,I,I-cont,5,30,S,S-act
opinion,topic,I,I-cont,5,30,E,E-whol
opinion,discussion,S,S-time,5,30,T,T-syn
opinion,not a fact,I,I-cont,5,30,I,I-cont
opportunity,success,I,I-cont,16,30,I,I-cont
opportunity,great,I,I-eval,12,30,I,I-eval
opportunity,seeking,S,S-act,12,30,S,S-act
opportunity,gift,T,T-sup,5,30,I,I-eval
organism,living,E,E-sys,21,30,E,E-sys
organism,science,E,E-whol,16,30,T,T-sup
organism,cells,E,E-comp,12,30,E,E-comp
organism,plant,T,T-sub,11,30,T,T-sub
organism,bacteria,T,T-sub,9,30,T,T-sub
organism,animal,T,T-sub,8,30,T,T-sup
organization,planned,E,E-sys,13,30,E,E-sys
organization,order,S,S-fun,10,30,E,E-sys
organization,group,T,T-syn,10,30,T,T-syn
organization,non profit,T,T-sub,8,30,E,E-sys
organization,people,S,S-par,8,30,E,E-comp
origin,start,T,T-syn,17,30,T,T-syn
origin,birth,T,T-sub,15,30,T,T-syn
origin,history,E,E-whol,13,30,E,E-sys
origin,beginning,T,T-syn,12,30,T,T-syn
origin,place,T,T-sup,11,30,E,E-whol
origin,family,S,S-par,10,30,T,T-sub
origin,life,E,E-whol,9,30,E,E-whol
origin,nationality,T,T-syn,6,30,T,T-syn
origin,creation,T,T-syn,6,30,T,T-syn
partner,love,T,T-sub,19,30,I,I-emo
partner,equality,I,I-cont,16,30,S,S-fun
partner,friend,T,T-sup,14,30,S,S-par
partner,work,T,T-sub,12,30,S,S-act
partner,together,I,I-cont,11,30,E,E-sys
partner,life,T,T-sub,11,30,S,S-act
partner,business,T,T-sub,8,30,S,S-par
partner,associate,T,T-sub,8,30,T,T-syn
partner,gay,T,T-sub,7,30,S,S-par
partner,trust,I,I-cont,6,30,E,E-sys
partner,companion,T,T-sup,5,30,T,T-syn
partner,couple,S,S-fun,5,30,T,T-coor
path,walking,S,S-act,22,30,S,S-act
path,woods,S,S-loc,18,30,S,S-loc
path,trail,T,T-syn,15,30,T,T-syn
path,hiking,S,S-act,14,30,S,S-act
path,road,T,T-sup,13,30,T,T-syn
path,direction,S,S-fun,8,30,T,T-syn
path,the road less travelled,T,T-syn,6,30,I,I-cont
path,journey,S,S-time,6,30,T,T-syn
peace,war,T,T-ant,28,30,T,T-ant
peace,dove,I,I-cont,25,30,I,I-cont
peace,calm,I,I-cont,22,30,T,T-syn
peace,quiet,I,I-cont,16,30,I,I-eval
peace,world,S,S-loc,9,30,S,S-loc
peace,rest,I,I-cont,9,30,T,T-syn
peace,love,T,T-coor,6,30,I,I-emo
pen,writing,S,S-fun,28,30,S,S-act
pen,ink,E,E-comp,26,30,E,E-comp
pen,black,T,T-sub,26,30,E,E-perc
pen,quill,T,T-sub,14,30,T,T-coor
pen,school,S,S-loc,14,30,S,S-loc
pen,words,S,S-obj,13,30,S,S-obj
pen,pointed end,E,E-comp,8,30,E,E-comp
pen,long,E,E-perc,7,30,E,E-perc
pen,red,T,T-sub,7,30,E,E-perc
pen,blue,T,T-sub,7,30,E,E-perc
pepper,spicy,E,E-perc,28,30,E,E-perc
pepper,hot,E,E-perc,24,30,E,E-perc
pepper,green,E,E-perc,21,30,E,E-perc
pepper,red,E,E-perc,21,30,E,E-perc
pepper,sweet,E,E-perc,16,30,E,E-perc
pepper,food,T,T-sup,13,30,S,S-obj
pepper,salt,T,T-coor,9,30,T,T-coor
perfume,smell,E,E-perc,25,30,E,E-perc
perfume,expensive,E,E-sys,22,30,E,E-sys
perfume,spray,T,T-sub,14,30,S,S-act
perfume,women,S,S-par,11,30,S,S-par
perfume,bottle,S,S-loc,8,30,S,S-obj
perfume,scent,T,T-syn,8,30,E,E-perc
perfume,going out,S,S-time,7,30,S,S-act
perfume,nice,I,I-eval,6,30,I,I-eval
perfume,attract,S,S-fun,6,30,E,E-sys
perfume,trigger,S,S-fun,5,30,S,S-act
perfume,fancy,I,I-eval,5,30,I,I-eval
perfume,odor,T,T-sup,5,30,E,E-perc
person,human,T,T-sup,25,30,T,T-syn
person,individual,T,T-syn,19,30,T,T-syn
person,people,T,T-sup,18,30,T,T-sup
person,friends,T,T-sub,10,30,S,S-par
person,stranger,T,T-sub,7,30,S,S-par
person,figure,T,T-sub,7,30,T,T-syn
person,soul,E,E-comp,7,30,T,T-sub
person,speaking,E,E-beh,6,30,E,E-beh
person,gender,E,E-comp,6,30,E,E-sys
person,know,S,S-act,5,30,S,S-act
person,mind,E,E-comp,5,30,E,E-comp
person,living,E,E-beh,5,30,E,E-sys
picture,camera,S,S-obj,25,30,S,S-obj
picture,photograph,T,T-syn,16,30,T,T-syn
picture,memories,S,S-fun,16,30,I,I-cont
picture,frame,S,S-loc,14,30,S,S-obj
picture,family,S,S-par,11,30,S,S-obj
picture,taking,S,S-act,8,30,S,S-act
picture,colors,E,E-perc,7,30,E,E-perc
picture,representation,T,T-sup,6,30,T,T-syn
picture,emotions,I,I-cont,6,30,I,I-emo
picture,beautiful,I,I-eval,5,30,I,I-eval
picture,digital,E,E-sys,5,30,E,E-sys
picture,art,E,E-whol,5,30,E,E-whol
piglet,pink,E,E-perc,27,30,E,E-perc
piglet,pig,T,T-sup,25,30,T,T-sup
piglet,cute,I,I-eval,24,30,I,I-eval
piglet,baby,T,T-sup,24,30,T,T-sup
piglet,mud,S,S-loc,14,30,S,S-loc
piglet,bacon,I,I-cont,12,30,E,E-whol
piglet,farm,S,S-loc,8,30,S,S-loc
piglet,food,I,I-cont,6,30,S,S-obj
place,home,T,T-sub,20,30,S,S-loc
place,location,T,T-syn,17,30,T,T-syn
place,country,T,T-sub,10,30,T,T-sup
place,somewhere,T,T-syn,9,30,T,T-syn
place,square,T,T-sub,8,30,T,T-ant
place,park,T,T-sub,8,30,T,T-coor
place,where people meet,T,T-syn,7,30,S,S-loc
place,city,T,T-sub,7,30,T,T-sub
place,spot,T,T-sub,7,30,T,T-syn
place,area,T,T-syn,6,30,T,T-syn
place,store,T,T-sub,6,30,T,T-coor
plant,green,E,E-perc,28,30,E,E-perc
plant,growing,E,E-beh,17,30,E,E-beh
plant,flowers,E,E-comp,16,30,E,E-comp
plant,sunlight,I,I-cont,13,30,S,S-obj
plant,nature,E,E-whol,12,30,S,S-loc
plant,water,I,I-cont,10,30,S,S-obj
plant,garden,S,S-loc,10,30,S,S-loc
plant,beautiful,I,I-eval,8,30,I,I-eval
plant,oxygen,I,I-cont,8,30,E,E-comp
plant,trees,T,T-sub,7,30,T,T-coor
plant,pots,S,S-loc,5,30,S,S-obj
plastic,material,T,T-sup,19,30,E,E-comp
plastic,cheap,E,E-sys,14,30,E,E-sys
plastic,substance,T,T-sup,13,30,E,E-comp
plastic,not glass,T,T-syn,13,30,T,T-ant
plastic,light,E,E-sys,10,30,E,E-perc
plastic,unbreakable,E,E-sys,7,30,E,E-sys
point,meeting,T,T-sub,16,30,S,S-loc
point,math,S,S-time,11,30,E,E-whol
point,period,T,T-sub,9,30,T,T-syn
point,end,I,I-cont,9,30,E,E-sys
point,view,T,T-sub,8,30,T,T-syn
point,writing,S,S-act,8,30,S,S-act
possibility,chance,T,T-syn,16,30,T,T-syn
possibility,could happen,E,E-beh,9,30,T,T-syn
possibility,hope,I,I-cont,8,30,I,I-cont
possibility,option,T,T-syn,8,30,T,T-syn
possibility,maybe,T,T-syn,7,30,T,T-syn
possibility,future,S,S-time,7,30,S,S-time
possibility,opportunity,T,T-syn,6,30,T,T-syn
possibility,open door,I,I-cont,6,30,I,I-cont
possibility,ability,I,I-cont,5,30,T,T-syn
possibility,choice,I,I-cont,5,30,T,T-syn
poverty,world,S,S-loc,16,30,S,S-loc
poverty,street,S,S-loc,14,30,S,S-loc
poverty,war,S,S-time,9,30,S,S-other
poverty,sad,I,I-eval,8,30,I,I-emo
poverty,need,I,I-cont,8,30,E,E-sys
poverty,money,S,S-obj,8,30,S,S-obj
poverty,beggar,S,S-par,7,30,S,S-par
poverty,famine,I,I-cont,5,30,S,S-act
president,obama,T,T-sub,18,30,T,T-sub
president,leader,S,S-fun,15,30,E,E-sys
president,white house,S,S-loc,11,30,S,S-loc
president,elections,S,S-time,10,30,S,S-time
president,country,S,S-loc,9,30,T,T-sup
president,voting,S,S-act,8,30,S,S-act
president,democracy,I,I-cont,8,30,S,S-obj
president,bush,T,T-sub,6,30,T,T-sub
president,in charge,E,E-beh,5,30,E,E-sys
president,nation,S,S-loc,5,30,T,T-sup
president,powerful,E,E-sys,5,30,E,E-sys
president,lincoln,T,T-sub,5,30,T,T-sub
president,responsible,E,E-sys,5,30,E,E-sys
president,government,E,E-whol,5,30,S,S-loc
provider,giving,E,E-beh,21,30,E,E-beh
provider,services,T,T-sub,14,30,T,T-sub
provider,money,T,T-sub,12,30,S,S-obj
provider,food,T,T-sub,10,30,S,S-obj
provider,worker,T,T-sup,9,30,S,S-par
provider,parents,T,T-sub,8,30,T,T-syn
provider,health care,T,T-sub,7,30,T,T-sub
provider,protect,S,S-fun,7,30,S,S-fun
provider,need,I,I-cont,7,30,S,S-act
provider,safety,S,S-fun,7,30,S,S-fun
provider,caregiver,T,T-syn,7,30,S,S-par
provider,source,T,T-syn,5,30,T,T-syn
provider,father,T,T-sub,5,30,T,T-coor
provider,selfless,E,E-sys,5,30,I,I-eval
purpose,reason,I,I-cont,24,30,T,T-syn
purpose,life,S,S-time,16,30,I,I-cont
purpose,destiny,I,I-cont,12,30,T,T-syn
purpose,motivation,I,I-cont,12,30,E,E-sys
purpose,meaning,E,E-comp,9,30,T,T-syn
purpose,desire,T,T-sub,6,30,E,E-sys
purpose,goal,T,T-syn,5,30,T,T-syn
purpose,necessary,E,E-sys,5,30,E,E-sys
radio,music,S,S-fun,30,30,S,S-obj
radio,car,S,S-loc,26,30,S,S-loc
radio,communication,S,S-fun,20,30,S,S-fun
radio,news,S,S-fun,15,30,S,S-obj
radio,entertainment,S,S-fun,12,30,S,S-fun
radio,station,E,E-comp,9,30,E,E-whol
radio,old,E,E-sys,8,30,E,E-sys
radio,Nineties,S,S-time,5,30,S,S-time
rank,military,T,T-sub,15,30,T,T-sup
rank,class,T,T-syn,14,30,T,T-syn
rank,organization,E,E-whol,9,30,S,S-obj
rank,numbers,S,S-obj,8,30,E,E-sys
rank,status,T,T-sup,7,30,T,T-syn
rank,order,T,T-syn,6,30,E,E-sys
rank,list,T,T-syn,6,30,T,T-syn
rank,first,T,T-sub,6,30,E,E-sys
rank,high,E,E-sys,5,30,E,E-sys
rank,low,E,E-sys,5,30,E,E-sys
rank,level,E,E-comp,5,30,T,T-syn
rank,value,E,E-comp,5,30,T,T-syn
reading,looking,I,I-cont,24,30,E,E-beh
reading,writing,T,T-coor,16,30,T,T-coor
reading,understanding,I,I-cont,15,30,I,I-cont
reading,comprehending,I,I-cont,13,30,I,I-cont
reading,lines,S,S-obj,11,30,S,S-act
reading,envisioning,I,I-cont,7,30,I,I-cont
reading,studying,I,I-cont,7,30,T,T-syn
reason,logic,E,E-sys,23,30,T,T-syn
reason,intelligence,I,I-cont,21,30,E,E-sys
reason,explanation,T,T-syn,8,30,T,T-syn
reason,justification,T,T-syn,7,30,T,T-syn
reason,because,T,T-syn,7,30,I,I-cont
reason,excuses,T,T-sub,5,30,T,T-syn
rhino,africa,S,S-loc,23,30,S,S-loc
rhino,grey,E,E-perc,18,30,E,E-perc
rhino,animal,T,T-sup,18,30,T,T-sup
rhino,safari,S,S-time,17,30,S,S-loc
rhino,zoo,S,S-loc,16,30,S,S-loc
rhino,dangerous,E,E-sys,9,30,E,E-sys
rhino,big,E,E-perc,8,30,E,E-perc
rhino,strong,E,E-sys,7,30,E,E-perc
rhino,charge,E,E-beh,7,30,E,E-beh
rhino,aggressive,E,E-sys,6,30,E,E-beh
rhino,angry,E,E-sys,5,30,E,E-beh
rhino,four legs,E,E-comp,5,30,E,E-comp
rhino,beady eyes,E,E-comp,5,30,E,E-perc
river,water,E,E-comp,30,30,E,E-comp
river,flow,E,E-sys,15,30,E,E-beh
river,fish,S,S-par,13,30,S,S-obj
river,stones,E,E-comp,10,30,S,S-obj
river,pebble,E,E-comp,10,30,S,S-obj
river,fresh,E,E-sys,9,30,E,E-perc
river,cold,E,E-sys,8,30,E,E-perc
river,running,E,E-beh,8,30,E,E-beh
river,calm,E,E-sys,8,30,E,E-sys
river,rafting,S,S-act,6,30,S,S-act
river,blue,E,E-perc,5,30,E,E-perc
river,bridge,S,S-obj,5,30,S,S-loc
route,path,T,T-syn,14,30,T,T-syn
route,road,T,T-syn,14,30,T,T-syn
route,direction,E,E-sys,13,30,T,T-syn
route,travel,S,S-fun,12,30,S,S-fun
route,map,S,S-loc,12,30,E,E-comp
route,destination,I,I-cont,8,30,S,S-loc
route,street,S,S-loc,7,30,T,T-syn
route,going,S,S-act,7,30,S,S-act
route,lost,I,I-cont,6,30,S,S-other
route,pathway,T,T-syn,5,30,T,T-syn
route,turning,S,S-act,5,30,E,E-sys
route,follow,S,S-act,5,30,S,S-act
rubbish,trash,T,T-syn,30,30,T,T-syn
rubbish,waste,T,T-syn,19,30,T,T-syn
rubbish,garbage,T,T-syn,17,30,T,T-syn
rubbish,bin,S,S-loc,14,30,S,S-loc
rubbish,crap,T,T-syn,11,30,T,T-syn
rubbish,dirty,E,E-perc,11,30,E,E-perc
rubbish,recycling,S,S-act,10,30,S,S-fun
rubbish,paper,E,E-comp,7,30,E,E-comp
rubbish,can,E,E-comp,5,30,S,S-loc
rubbish,plastic,E,E-comp,5,30,E,E-comp
rubbish,bottles,E,E-comp,5,30,E,E-comp
seagull,bird,T,T-sup,25,30,T,T-sup
seagull,beach,S,S-loc,21,30,S,S-loc
seagull,loud,E,E-sys,17,30,E,E-perc
seagull,wings,E,E-comp,17,30,E,E-comp
seagull,flying,E,E-beh,16,30,E,E-beh
seagull,white,E,E-perc,14,30,E,E-perc
seagull,eats fish,E,E-beh,9,30,E,E-beh
seagull,elegant,E,E-sys,5,30,I,I-eval
seagull,steals food,E,E-beh,5,30,E,E-beh
seaweed,green,E,E-perc,29,30,E,E-perc
seaweed,beach,S,S-loc,27,30,S,S-loc
seaweed,food,T,T-sup,21,30,S,S-obj
seaweed,sushi,I,I-cont,16,30,S,S-obj
seaweed,slimy,E,E-perc,14,30,E,E-perc
seaweed,smelly,E,E-perc,9,30,E,E-perc
seaweed,fish,S,S-par,8,30,S,S-obj
seaweed,plant,T,T-sup,8,30,T,T-syn
seaweed,underwater,S,S-loc,6,30,S,S-loc
sight,eyes,I,I-cont,27,30,E,E-comp
sight,glasses,I,I-cont,26,30,S,S-obj
sight,seeing,S,S-fun,16,30,S,S-act
sight,perception,T,T-sup,12,30,T,T-syn
sight,light,I,I-cont,12,30,S,S-obj
sight,senses,T,T-sup,9,30,T,T-sup
sight,future,I,I-cont,9,30,I,I-cont
sight,view,T,T-syn,6,30,T,T-syn
signature,sign,S,S-act,27,30,T,T-syn
signature,official,E,E-sys,22,30,E,E-sys
signature,papers,S,S-loc,14,30,S,S-obj
signature,pen,S,S-obj,11,30,S,S-obj
signature,name,I,I-cont,8,30,T,T-syn
situation,problem,T,T-syn,16,30,T,T-syn
situation,state of being,T,T-sup,11,30,T,T-syn
situation,event,T,T-coor,10,30,S,S-time
situation,action,T,T-coor,8,30,S,S-act
situation,bad,I,I-eval,8,30,I,I-eval
situation,good,I,I-eval,8,30,I,I-eval
situation,circumstance,T,T-syn,5,30,T,T-syn
situation,sticky,E,E-sys,5,30,I,I-eval
situation,happening,E,E-beh,5,30,S,S-act
skin,tan,E,E-perc,23,30,E,E-perc
skin,soft,E,E-perc,21,30,E,E-perc
skin,white,E,E-perc,19,30,E,E-perc
skin,freckles,E,E-perc,17,30,E,E-perc
skin,lotion,S,S-obj,16,30,S,S-obj
skin,smooth,E,E-perc,8,30,E,E-perc
skin,sunburn,I,I-cont,6,30,E,E-sys
skin,black,E,E-perc,6,30,E,E-perc
skin,dermatologists,S,S-par,5,30,S,S-par
smoking_the_activity_of,addiction,T,T-sup,23,30,S,S-fun
smoking_the_activity_of,bad,I,I-eval,21,30,I,I-eval
smoking_the_activity_of,kills,E,E-beh,20,30,S,S-fun
smoking_the_activity_of,deadly,E,E-sys,17,30,E,E-sys
smoking_the_activity_of,smell,E,E-perc,12,30,E,E-perc
smoking_the_activity_of,cigarette,S,S-obj,9,30,S,S-obj
smoking_the_activity_of,cancer,I,I-cont,8,30,S,S-obj
space,air,E,E-comp,13,30,T,T-syn
space,private,E,E-sys,5,30,E,E-sys
spoon,fork,T,T-coor,25,30,T,T-coor
spoon,soup,S,S-obj,21,30,S,S-obj
spoon,knife,T,T-coor,18,30,T,T-coor
spoon,eating,S,S-fun,16,30,S,S-act
spoon,silver,E,E-comp,15,30,E,E-comp
spoon,food,S,S-obj,11,30,S,S-obj
spoon,metal,E,E-comp,9,30,E,E-comp
spoon,cereal,S,S-obj,9,30,S,S-obj
spoon,utensil,T,T-sup,8,30,T,T-syn
spoon,measuring,S,S-fun,7,30,S,S-fun
spoon,icecream,S,S-obj,7,30,S,S-obj
spoon,silverware,T,T-sup,5,30,T,T-coor
spoon,smooth surface,E,E-perc,5,30,E,E-perc
spoon,cutlery,T,T-sup,5,30,T,T-coor
spoon,feeding,S,S-fun,5,30,S,S-act
spoon,plastic,E,E-comp,5,30,E,E-comp
spoon,round,E,E-perc,5,30,E,E-perc
success,money,I,I-cont,28,30,S,S-fun
success,happiness,I,I-emo,25,30,I,I-cont
success,no worries,I,I-cont,16,30,I,I-eval
success,gold star,S,S-obj,12,30,S,S-fun
success,accomplishment,T,T-syn,10,30,T,T-syn
success,power,I,I-cont,9,30,I,I-cont
success,completion,I,I-cont,8,30,E,E-sys
success,family,S,S-par,8,30,S,S-par
success,suits,S,S-obj,7,30,S,S-obj
sun,heat,S,S-fun,16,30,E,E-perc
sun,sunburn,I,I-cont,14,30,S,S-act
sun,yellow,E,E-perc,12,30,E,E-perc
sun,big,E,E-sys,10,30,E,E-perc
sun,beach,S,S-loc,9,30,S,S-loc
sun,happy,I,I-emo,8,30,I,I-emo
sun,bright,E,E-perc,7,30,E,E-perc
sun,important,E,E-sys,7,30,E,E-sys
sun,life,S,S-fun,7,30,I,I-cont
sun,star,T,T-sup,5,30,T,T-sup
surface,top,T,T-sub,18,30,E,E-perc
surface,smooth,E,E-perc,17,30,E,E-perc
surface,space,T,T-sup,13,30,S,S-loc
surface,rough,E,E-perc,10,30,E,E-perc
surface,outer part,T,T-syn,10,30,E,E-comp
surface,table,T,T-sub,9,30,T,T-coor
surface,flat,E,E-perc,9,30,E,E-perc
surface,seeing,S,S-act,7,30,S,S-act
surface,not deep,E,E-perc,5,30,E,E-perc
surface,area,T,T-sup,5,30,E,E-sys
surface,layer,T,T-sub,5,30,E,E-comp
swan,white,E,E-perc,30,30,E,E-perc
swan,beautiful,I,I-eval,27,30,I,I-eval
swan,graceful,I,I-eval,26,30,I,I-eval
swan,bird,T,T-sup,26,30,T,T-sup
swan,swim,E,E-beh,20,30,E,E-beh
swan,mean,E,E-sys,19,30,E,E-beh
swan,flying,E,E-beh,18,30,E,E-beh
swan,long neck,E,E-comp,11,30,E,E-comp
swan,wings,E,E-comp,11,30,E,E-comp
swan,lake,S,S-loc,9,30,S,S-loc
swan,peaceful,I,I-eval,5,30,I,I-eval
swan,large,E,E-sys,5,30,E,E-perc
sweater,comfortable,I,I-eval,17,30,I,I-eval
sweater,colors,E,E-perc,17,30,E,E-perc
sweater,clothing,T,T-sup,16,30,T,T-sup
sweater,autumn,S,S-time,15,30,S,S-time
sweater,knitted,E,E-sys,14,30,E,E-perc
sweater,wool,E,E-comp,12,30,E,E-comp
sweater,fire,S,S-obj,9,30,S,S-obj
sweater,nice,I,I-eval,6,30,I,I-eval
switch,light,T,T-sub,21,30,S,S-obj
switch,exchange,T,T-syn,15,30,T,T-syn
switch,swap,T,T-syn,12,30,T,T-syn
switch,trade,T,T-syn,8,30,T,T-syn
switch,new,E,E-sys,8,30,E,E-beh
switch,turn,S,S-act,8,30,S,S-act
switch,on,E,E-sys,6,30,E,E-sys
switch,off,E,E-sys,6,30,S,S-act
switch,electricity,E,E-whol,5,30,E,E-sys
tablet,ipad,T,T-sub,16,30,T,T-sub
tablet,technology,E,E-whol,16,30,E,E-whol
tablet,writing,S,S-act,11,30,S,S-act
tablet,small,E,E-perc,8,30,E,E-sys
tablet,computer,T,T-coor,8,30,T,T-coor
tablet,electronic,E,E-sys,7,30,E,E-comp
tablet,portable,E,E-sys,7,30,E,E-sys
tamer,lion,S,S-par,25,30,S,S-par
tamer,circus,S,S-loc,19,30,S,S-loc
tamer,whip,S,S-obj,14,30,S,S-obj
tamer,control,S,S-fun,12,30,S,S-act
tamer,animals,S,S-par,11,30,S,S-par
tamer,wild,S,S-other,9,30,T,T-ant
tamer,domesticated,S,S-other,8,30,E,E-beh
tamer,brave,E,E-sys,5,30,E,E-sys
tamer,costume,E,E-comp,5,30,E,E-comp
tamer,zoo,S,S-loc,5,30,S,S-loc
tank,war,S,S-time,26,30,S,S-fun
tank,big,E,E-perc,23,30,E,E-perc
tank,destruction,S,S-fun,14,30,S,S-fun
tank,green,E,E-perc,12,30,E,E-perc
tank,heavy,E,E-sys,12,30,E,E-sys
tank,metal,E,E-comp,9,30,E,E-comp
tank,army,E,E-whol,8,30,S,S-loc
target,arrows,S,S-obj,23,30,S,S-obj
target,bull's eye,T,T-syn,20,30,S,S-obj
target,red,E,E-perc,18,30,E,E-perc
target,white,E,E-perc,16,30,E,E-perc
target,archery,E,E-whol,15,30,S,S-loc
target,aim,S,S-act,13,30,T,T-syn
target,shooting,S,S-act,11,30,S,S-act
target,gun,S,S-obj,10,30,S,S-obj
target,practice,I,I-cont,8,30,S,S-fun
target,bow,S,S-obj,7,30,S,S-obj
target,achievement,T,T-syn,5,30,S,S-fun
target,hit,S,S-act,5,30,S,S-act
technology,computers,T,T-sub,23,30,T,T-sub
technology,social networks,E,E-comp,20,30,E,E-comp
technology,science,T,T-coor,18,30,T,T-sup
technology,knowledge,T,T-sub,17,30,T,T-sup
technology,digital,E,E-sys,17,30,E,E-sys
technology,tablets,T,T-sub,14,30,E,E-whol
technology,addictive,I,I-eval,12,30,I,I-eval
technology,digital natives,S,S-par,12,30,S,S-par
technology,automated,E,E-sys,11,30,E,E-sys
tentacle,octopus,E,E-whol,28,30,E,E-whol
tentacle,slippery,E,E-perc,25,30,E,E-perc
tentacle,purple,E,E-perc,24,30,E,E-perc
tentacle,suction cups,E,E-comp,23,30,E,E-comp
tentacle,ocean,S,S-loc,15,30,S,S-loc
tentacle,slimy,E,E-perc,13,30,E,E-perc
tentacle,wet,E,E-perc,9,30,E,E-perc
tentacle,water,S,S-obj,8,30,S,S-loc
terrorist,islam,I,I-cont,22,30,S,S-obj
terrorist,death,I,I-cont,22,30,S,S-fun
terrorist,kamikaze,T,T-sub,18,30,T,T-sub
terrorist,sad,I,I-eval,16,30,I,I-emo
terrorist,bad,I,I-eval,16,30,I,I-eval
terrorist,religion,I,I-cont,15,30,S,S-par
terrorist,fear,I,I-emo,11,30,I,I-emo
thermometer,temperature,I,I-cont,28,30,E,E-sys
thermometer,mercury,E,E-comp,21,30,E,E-comp
thermometer,hot,E,E-sys,18,30,E,E-perc
thermometer,fever,I,I-cont,17,30,S,S-obj
thermometer,weather,I,I-cont,14,30,S,S-obj
thermometer,measurement,S,S-fun,12,30,S,S-fun
thermometer,red,E,E-perc,9,30,E,E-perc
thermometer,sick,I,I-cont,9,30,S,S-act
thermometer,degrees,E,E-comp,9,30,E,E-sys
thermometer,blue,E,E-perc,7,30,E,E-perc
thermometer,cold,E,E-perc,7,30,E,E-perc
thermometer,pointed end,E,E-perc,7,30,E,E-comp
thermometer,farenheit,I,I-cont,7,30,E,E-sys
thermometer,heat,I,I-cont,6,30,E,E-perc
time,clock,I,I-cont,17,30,I,I-cont
time,watch,I,I-cont,16,30,S,S-obj
time,different zones,E,E-sys,14,30,E,E-sys
time,measurement,I,I-cont,14,30,T,T-syn
time,hours,E,E-comp,12,30,T,T-syn
time,minutes,E,E-comp,12,30,E,E-comp
time,seconds,E,E-comp,10,30,E,E-comp
time,schedule,S,S-obj,9,30,S,S-time
tire,car,E,E-whol,30,30,E,E-whol
tire,rubber,E,E-comp,28,30,E,E-comp
tire,wheel,S,S-obj,21,30,E,E-comp
tire,flat,E,E-perc,15,30,E,E-sys
tire,driving,S,S-act,13,30,S,S-act
tire,round,E,E-perc,12,30,E,E-perc
tire,bike,E,E-whol,8,30,S,S-loc
toy,playing,S,S-fun,22,30,S,S-act
toy,child,S,S-par,21,30,S,S-par
toy,fun,I,I-eval,16,30,I,I-eval
toy,christmas,S,S-time,15,30,S,S-time
toy,kid,S,S-par,15,30,S,S-par
toy,baby,S,S-par,14,30,S,S-par
toy,stuff animal,T,T-sub,13,30,T,T-coor
toy,barbies,T,T-sub,9,30,T,T-sub
toy,colorful,E,E-perc,9,30,E,E-perc
toy,object,T,T-sup,8,30,T,T-syn
toy,learning,S,S-fun,7,30,S,S-fun
toy,ball,T,T-sub,6,30,T,T-coor
toy,store,S,S-loc,6,30,S,S-loc
toy,imagination,I,I-cont,6,30,S,S-fun
trainer,coaching,E,E-beh,23,30,S,S-act
trainer,helping,E,E-beh,16,30,E,E-beh
trainer,supporting,E,E-beh,14,30,S,S-act
trainer,teacher,T,T-sup,12,30,T,T-syn
trainer,education,E,E-whol,12,30,S,S-fun
trainer,yelling,E,E-beh,9,30,E,E-beh
trainer,power,I,I-cont,8,30,E,E-sys
trainer,control,I,I-cont,6,30,S,S-fun
trainer,experienced,E,E-sys,5,30,E,E-sys
tree,green,E,E-perc,26,30,E,E-perc
tree,life,I,I-cont,22,30,I,I-cont
tree,oxygen,S,S-fun,17,30,E,E-comp
tree,nature,E,E-whol,13,30,S,S-loc
tree,wood,E,E-comp,10,30,E,E-comp
tree,forest,E,E-whol,10,30,E,E-whol
tree,earth,S,S-loc,9,30,S,S-loc
tree,leaves,E,E-comp,8,30,E,E-comp
tree,old,E,E-sys,8,30,E,E-sys
tree,growth,E,E-beh,8,30,E,E-sys
tree,park,S,S-loc,7,30,S,S-loc
tree,air,S,S-obj,7,30,S,S-obj
tree,fruit,E,E-comp,6,30,E,E-comp
tree,shade,S,S-fun,6,30,S,S-obj
tree,bark,E,E-comp,5,30,E,E-comp
tree,flowers,E,E-comp,5,30,E,E-comp
tree,roots,E,E-comp,5,30,E,E-comp
tree,beautiful,I,I-eval,5,30,I,I-eval
tree,trunk,E,E-comp,5,30,E,E-comp
tree,branches,E,E-comp,5,30,E,E-comp
tree,climbing,S,S-act,5,30,S,S-act
tree,strong,E,E-sys,5,30,E,E-sys
tree,brown,E,E-perc,5,30,E,E-perc
trumpet,music,S,S-fun,30,30,S,S-fun
trumpet,loud,E,E-perc,26,30,E,E-perc
trumpet,jazz,I,I-cont,20,30,S,S-loc
trumpet,instrument,T,T-sup,15,30,T,T-sup
trumpet,band,S,S-par,12,30,S,S-loc
trumpet,brass,T,T-sup,12,30,E,E-comp
trumpet,horns,T,T-sub,7,30,E,E-comp
trumpet,gold,E,E-perc,6,30,E,E-comp
turtle,shell,E,E-comp,29,30,E,E-comp
turtle,green,E,E-perc,27,30,E,E-perc
turtle,slow,E,E-sys,25,30,E,E-beh
turtle,animal,T,T-sup,22,30,T,T-sup
turtle,hard,E,E-perc,17,30,E,E-perc
turtle,swims,E,E-beh,7,30,E,E-beh
turtle,wrinkly,E,E-perc,7,30,E,E-perc
turtle,reptile,T,T-sup,7,30,T,T-sup
understanding,empathy,I,I-cont,13,30,I,I-cont
understanding,time,I,I-cont,11,30,I,I-cont
understanding,sympathetic,I,I-cont,9,30,I,I-cont
understanding,family,I,I-cont,7,30,S,S-par
understanding,comprehension,I,I-cont,7,30,T,T-syn
understanding,knowledge,I,I-cont,6,30,T,T-syn
war,death,I,I-cont,26,30,S,S-fun
war,guns,E,E-comp,25,30,S,S-obj
war,destructive,E,E-sys,19,30,I,I-eval
war,kill,I,I-cont,16,30,S,S-act
war,bombs,E,E-comp,13,30,S,S-obj
war,conflict,T,T-sup,11,30,T,T-syn
war,fighting,S,S-act,9,30,S,S-act
war,shooting,S,S-act,8,30,S,S-act
war,enemies,S,S-par,8,30,S,S-par
war,human,E,E-sys,7,30,S,S-par
war,soldiers,S,S-par,7,30,S,S-par
war,territory,S,S-fun,6,30,S,S-loc
war,religion,S,S-fun,6,30,S,S-other
water_rise(tide),ocean,S,S-loc,18,30,S,S-loc
water_rise(tide),high tide,T,T-syn,14,30,S,S-time
water_rise(tide),low tide,T,T-syn,14,30,T,T-ant
water_rise(tide),moon,S,S-obj,13,30,S,S-obj
water_rise(tide),fishing,S,S-act,7,30,S,S-act
weapon,gun,T,T-sub,27,30,T,T-sub
weapon,knife,T,T-sub,22,30,T,T-coor
weapon,pistol,T,T-sub,20,30,T,T-sub
weapon,bomb,T,T-sub,16,30,T,T-sub
weapon,wrong,I,I-eval,12,30,I,I-eval
weapon,negative,I,I-eval,10,30,I,I-eval
weapon,america,S,S-loc,10,30,S,S-obj
weapon,war,S,S-time,8,30,S,S-time
weapon,officer,S,S-par,7,30,S,S-par
wheel,car,E,E-whol,30,30,S,S-loc
wheel,round,E,E-perc,26,30,E,E-perc
wheel,spinning,E,E-beh,20,30,E,E-beh
wheel,tires,E,E-comp,19,30,E,E-comp
wheel,bycicle,E,E-whol,9,30,S,S-loc
wheel,rolls,E,E-beh,8,30,E,E-beh
wheel,rubber,E,E-comp,6,30,E,E-comp
wheel,invention,T,T-sup,6,30,E,E-sys
yolk,egg,E,E-whol,30,30,T,T-sup
yolk,yellow,E,E-perc,30,30,E,E-perc
yolk,chicken,I,I-cont,16,30,T,T-sup
yolk,egg white,T,T-coor,12,30,T,T-coor
yolk,scrambled,E,E-sys,10,30,S,S-obj
yolk,breakfast,S,S-time,9,30,S,S-loc
yolk,baby chick,I,I-cont,9,30,T,T-sub
yolk,baking,S,S-fun,8,30,S,S-act
yolk,cooking,S,S-fun,8,30,S,S-act
yolk,round,E,E-perc,8,30,E,E-perc
yolk,eating,S,S-act,5,30,S,S-act
yolk,yummy,E,E-perc,5,30,E,E-perc
yolk,cholesterol,I,I-cont,5,30,E,E-sys
yolk,hard boiled,S,S-act,5,30,S,S-act
zebra,black,E,E-perc,30,30,E,E-perc
zebra,white,E,E-perc,30,30,E,E-perc
zebra,stripes,E,E-comp,27,30,E,E-perc
zebra,africa,S,S-loc,23,30,S,S-loc
zebra,animal,T,T-sup,14,30,T,T-sup
zebra,endangered,E,E-sys,13,30,E,E-sys
zebra,lives in groups,E,E-beh,8,30,E,E-beh
zebra,horse,T,T-coor,8,30,T,T-coor
zebra,mane,E,E-comp,7,30,E,E-comp
zebra,zoo,S,S-loc,7,30,S,S-loc
