cue,response,humanA1,humanA2,humanB1,humanB2,frequency,model1,model2
ability,agility,T,T-sub,T,T-sub,2,T,T-syn
ability,capable,E,E-prop,E,E-prop,4,T,T-syn
ability,talent,T,T-syn,T,T-syn,8,T,T-syn
achievement,award,T,T-coord,S,S-obj,7,S,S-function
achievement,goal,E,E-prop,E,E-prop,10,T,T-syn
achievement,success,T,T-syn,E,E-state,7,T,T-syn
adventure,journey,S,S-time,S,S-time,2,T,T-syn
adventure,trip,S,S-time,S,S-time,3,T,T-syn
air,atmosphere,E,E-whole,E,E-whole,5,T,T-super
air,breath,S,S-action,S,S-action,4,S,S-action
air,breathe,S,S-action,S,S-action,13,S,S-action
airport,plane,S,S-obj,S,S-obj,13,S,S-loc
airport,planes,S,S-obj,S,S-obj,4,S,S-loc
airport,travel,S,S-action,S,S-action,9,S,S-function
alcohol,drink,T,T-super,S,S-action,8,S,S-action
alcohol,drunk,S,S-context,S,S-context,7,S,S-targetstate
ambulance,hospital,S,S-loc,S,S-loc,9,S,S-loc
ambulance,sick,S,S-context,S,S-context,2,S,S-function
ambulance,siren,E,E-comp,E,E-comp,10,E,E-comp
ancestor,ancient,E,E-prop,E,E-prop,4,E,E-prop
ancestor,family,E,E-whole,E,E-whole,9,T,T-super
ancestor,history,E,E-whole,E,E-whole,6,S,S-time
ancestor,old,E,E-prop,E,E-prop,10,E,E-prop
ancestor,relative,T,T-super,E,E-prop,5,T,T-super
anchor,weight,E,E-prop,E,E-prop,8,E,E-prop
apartment,home,T,T-super,T,T-super,9,T,T-syn
apartment,house,T,T-syn,T,T-coord,7,T,T-coord
apple,tree,E,E-whole,E,E-whole,7,E,E-whole
army,green,S,S-context,S,S-context,5,S,S-context
army,military,E,E-whole,E,E-whole,4,T,T-syn
army,navy,T,T-coord,T,T-coord,10,T,T-coord
army,soldier,E,E-comp,S,S-agent,10,T,T-sub
army,war,S,S-time,S,S-time,9,S,S-obj
arrest,jail,S,S-loc,S,S-loc,9,S,S-loc
arrest,stop,T,T-syn,T,T-syn,10,T,T-syn
arrow,bow,S,S-obj,S,S-obj,20,S,S-obj
arrow,head,E,E-comp,E,E-comp,3,E,E-comp
arrow,straight,E,E-prop,E,E-state,4,E,E-prop
art,beauty,I,I-contin,I,I-eval,3,I,I-eval
art,craft,T,T-ant,T,T-ant,2,T,T-coord
art,paint,S,S-obj,S,S-obj,6,S,S-obj
art,picture,T,T-sub,T,T-sub,3,T,T-syn
atom,molecule,E,E-whole,E,E-whole,6,T,T-super
atom,particle,T,T-super,E,E-comp,3,T,T-syn
atom,science,I,I-contin,E,E-whole,8,S,S-obj
attack,defend,T,T-ant,T,T-ant,5,T,T-ant
attack,fight,T,T-coord,E,E-beh,9,T,T-syn
attack,hit,T,T-coord,S,S-action,3,T,T-syn
attitude,bad,E,E-state,E,E-state,7,E,E-state
attitude,good,E,E-state,E,E-state,3,E,E-state
audience,applause,E,E-beh,S,S-action,5,S,S-action
audience,clap,E,E-beh,S,S-action,4,S,S-action
audience,clapping,E,E-beh,S,S-action,3,E,E-beh
audience,crowd,T,T-syn,E,E-prop,7,T,T-syn
aunt,family,T,T-super,E,E-whole,7,T,T-super
aunt,relative,T,T-super,E,E-comp,3,T,T-super
aunt,uncle,T,T-coord,T,T-coord,24,T,T-coord
aunt,woman,E,E-prop,E,E-prop,4,T,T-super
author,write,E,E-beh,E,E-beh,2,S,S-action
author,writer,T,T-sub,E,E-comp,20,T,T-syn
balance,beam,S,S-obj,S,S-obj,8,S,S-obj
ball,bat,S,S-obj,S,S-obj,5,S,S-obj
ball,game,S,S-time,E,E-whole,5,S,S-obj
ball,play,S,S-action,S,S-action,5,S,S-action
ballet,dance,T,T-coord,T,T-super,18,S,S-action
ballet,dancer,S,S-agent,S,S-agent,2,S,S-agent
balloon,air,E,E-comp,S,S-loc,7,E,E-comp
balloon,ball,T,T-coord,T,T-super,3,T,T-syn
balloon,pop,S,S-action,S,S-action,6,E,E-beh
balloon,red,E,E-prop,S,S-context,8,E,E-prop
bamboo,panda,S,S-agent,S,S-agent,16,S,S-obj
bamboo,shoot,E,E-prop,E,E-comp,3,E,E-comp
bamboo,tree,T,T-super,T,T-super,3,T,T-syn
bamboo,wood,E,E-comp,E,E-comp,7,E,E-comp
bandage,Band-Aid,T,T-sub,T,T-sub,9,T,T-syn
bandage,cut,S,S-action,S,S-obj,7,S,S-function
bandage,injury,S,S-obj,S,S-obj,4,S,S-function
baseball,ball,S,S-obj,S,S-obj,4,E,E-comp
baseball,bat,S,S-obj,S,S-obj,16,E,E-comp
basement,attic,T,T-ant,T,T-ant,2,T,T-coord
basement,cold,E,E-prop,S,S-targetstate,5,E,E-prop
basement,dark,E,E-prop,S,S-targetstate,8,E,E-prop
basement,house,E,E-whole,S,S-loc,3,E,E-whole
basketball,game,T,T-super,E,E-comp,5,T,T-super
basketball,hoop,S,S-obj,S,S-obj,7,S,S-obj
bat,ball,S,S-obj,S,S-obj,10,S,S-obj
bat,baseball,S,S-action,S,S-obj,11,S,S-obj
beach,ball,S,S-obj,S,S-obj,4,S,S-obj
beach,ocean,S,S-loc,S,S-obj,7,S,S-loc
beach,sand,E,E-comp,S,S-obj,27,E,E-comp
beach,sea,S,S-loc,S,S-obj,4,S,S-loc
bear,big,E,E-prop,E,E-state,2,E,E-prop
bear,cub,T,T-sub,T,T-sub,3,T,T-sub
beast,monster,T,T-sub,T,T-sub,8,T,T-syn
bed,mattress,E,E-comp,S,S-obj,4,E,E-comp
bed,rest,S,S-function,S,S-function,3,S,S-function
bee,honey,S,S-obj,T,T-sub,18,E,E-beh
bee,sting,E,E-beh,S,S-action,9,E,E-beh
beef,cow,E,E-whole,E,E-whole,20,E,E-whole
beef,steak,T,T-sub,T,T-sub,7,T,T-syn
beer,ale,T,T-sub,T,T-sub,6,T,T-syn
beer,bottle,S,S-loc,S,S-loc,3,E,E-whole
beer,drink,T,T-super,S,S-action,7,S,S-action
beer,drunk,S,S-context,S,S-context,3,S,S-action
bikini,beach,S,S-loc,S,S-loc,14,S,S-loc
bikini,swimsuit,T,T-super,T,T-super,6,T,T-syn
bikini,wax,S,S-action,S,S-action,2,S,S-obj
blood,gore,I,I-contin,S,S-obj,2,T,T-coord
blood,guts,T,T-coord,S,S-obj,3,E,E-comp
blood,red,E,E-prop,E,E-prop,17,E,E-prop
blood,relative,I,I-contin,I,I-contin,3,S,S-obj
body,human,T,T-sub,T,T-sub,3,T,T-super
body,soul,T,T-ant,T,T-ant,4,I,I-contin
bomb,atom,T,T-sub,T,T-sub,2,E,E-comp
bomb,blast,E,E-beh,E,E-beh,2,S,S-action
bomb,explode,E,E-beh,E,E-beh,7,E,E-beh
bomb,explosion,E,E-beh,E,E-beh,8,E,E-beh
bone,broken,S,S-targetstate,S,S-targetstate,2,E,E-state
bone,dog,S,S-agent,S,S-agent,6,S,S-obj
box,cardboard,E,E-comp,T,T-sub,9,E,E-comp
box,carton,E,E-comp,T,T-coord,2,T,T-syn
box,cutter,S,S-obj,S,S-obj,2,S,S-obj
boxing,gloves,S,S-obj,S,S-obj,10,S,S-obj
boyfriend,gay,S,S-targetstate,S,S-targetstate,1,E,E-prop
boyfriend,girlfriend,T,T-ant,T,T-ant,15,T,T-coord
boyfriend,love,I,I-emo,I,I-emo,7,I,I-emo
boyfriend,lover,T,T-coord,E,E-prop,4,T,T-syn
boyfriend,partner,T,T-super,E,E-comp,4,T,T-syn
bra,strap,E,E-comp,E,E-comp,5,E,E-comp
brand,jeans,S,S-context,S,S-context,1,S,S-obj
bread,loaf,E,E-whole,E,E-whole,3,T,T-syn
bread,wheat,E,E-comp,E,E-prop,9,E,E-comp
breakfast,cereal,T,T-sub,T,T-sub,5,S,S-obj
breakfast,eggs,T,T-sub,S,S-obj,9,S,S-obj
breakfast,food,S,S-obj,S,S-obj,8,T,T-super
bride,groom,T,T-ant,T,T-ant,14,T,T-coord
bride,marriage,S,S-time,S,S-time,5,S,S-function
bride,white,E,E-prop,E,E-prop,11,E,E-prop
bride,wife,E,E-prop,E,E-prop,5,T,T-syn
brother,friend,I,I-eval,T,T-syn,3,T,T-coord
brother,kin,T,T-super,T,T-sub,1,T,T-coord
brother,mother,T,T-coord,T,T-coord,7,T,T-coord
brother,sibling,T,T-super,T,T-super,9,T,T-syn
brother,sister,T,T-ant,T,T-ant,21,T,T-coord
bullet,gun,E,E-whole,E,E-whole,24,E,E-whole
bullet,wound,S,S-context,S,S-context,3,E,E-beh
businessman,money,S,S-obj,S,S-obj,8,S,S-function
businessman,suit,E,E-comp,E,E-comp,13,E,E-comp
butter,bread,S,S-obj,S,S-obj,11,S,S-obj
butter,fat,E,E-comp,E,E-comp,6,E,E-comp
butter,margarine,T,T-sub,T,T-syn,5,T,T-syn
cake,chocolate,E,E-comp,T,T-sub,7,E,E-comp
cake,eat,S,S-action,S,S-action,4,S,S-action
cake,icing,E,E-comp,E,E-comp,6,E,E-comp
cancer,breast,T,T-sub,T,T-sub,2,S,S-loc
cancer,sick,S,S-context,E,E-state,4,E,E-state
candle,flame,E,E-comp,E,E-comp,14,E,E-comp
candle,light,S,S-function,S,S-function,19,E,E-beh
capital,building,S,S-action,S,S-obj,2,S,S-loc
capital,money,E,E-comp,E,E-comp,9,T,T-syn
capital,state,E,E-whole,E,E-whole,3,T,T-super
capitalism,America,S,S-loc,I,I-contin,5,S,S-loc
capitalism,economy,E,E-whole,E,E-whole,2,T,T-super
capitalism,Marx,I,I-contin,I,I-contin,2,I,I-contin
carrot,juice,E,E-comp,E,E-comp,2,E,E-comp
carrot,rabbit,S,S-agent,S,S-agent,9,S,S-obj
castle,fort,T,T-coord,T,T-sub,3,T,T-coord
castle,king,S,S-agent,S,S-agent,6,S,S-agent
castle,medieval,E,E-prop,E,E-prop,4,S,S-time
castle,stone,E,E-comp,E,E-comp,8,E,E-comp
cat,dog,T,T-coord,T,T-coord,20,T,T-coord
cat,mouse,T,T-coord,T,T-coord,4,S,S-obj
ceiling,top,T,T-syn,E,E-state,7,T,T-syn
cell,biology,E,E-whole,E,E-whole,7,T,T-super
cell,wall,E,E-comp,E,E-comp,3,E,E-comp
challenge,accepted,S,S-action,S,S-action,3,S,S-action
challenge,difficult,I,I-eval,I,I-eval,6,I,I-eval
challenge,hard,I,I-eval,I,I-eval,8,I,I-eval
challenge,task,T,T-super,S,S-obj,3,T,T-syn
challenge,win,S,S-action,S,S-action,2,S,S-action
champagne,bubbles,T,T-syn,E,E-prop,8,E,E-comp
champagne,bubbly,E,E-prop,E,E-prop,8,E,E-prop
champagne,glass,S,S-obj,S,S-obj,5,S,S-obj
champion,best,E,E-prop,E,E-prop,5,T,T-syn
champion,hero,T,T-super,T,T-syn,1,T,T-syn
champion,win,S,S-action,S,S-action,1,S,S-function
chemistry,biology,T,T-coord,T,T-coord,5,T,T-coord
chemistry,chemicals,S,S-obj,S,S-obj,5,E,E-comp
chemistry,lab,S,S-loc,S,S-loc,4,S,S-loc
chemistry,physics,T,T-coord,T,T-coord,4,T,T-coord
cherry,picker,S,S-agent,S,S-obj,2,S,S-function
cherry,tree,E,E-comp,E,E-comp,6,E,E-whole
childhood,friends,S,S-agent,S,S-agent,2,S,S-agent
childhood,fun,I,I-eval,I,I-eval,4,I,I-eval
childhood,memories,S,S-obj,S,S-time,5,E,E-prop
childhood,youth,I,I-contin,I,I-contin,4,T,T-syn
chimney,brick,E,E-comp,E,E-comp,5,E,E-comp
chimney,fire,S,S-obj,S,S-obj,11,E,E-comp
chimney,smoke,S,S-obj,S,S-obj,13,S,S-obj
chin,cleft,E,E-comp,E,E-comp,3,E,E-comp
chin,double,S,S-targetstate,S,S-targetstate,4,E,E-prop
chocolate,brown,E,E-prop,E,E-prop,9,E,E-prop
cigar,cigarette,T,T-coord,T,T-coord,8,T,T-coord
cigar,Cuba,T,T-sub,T,T-sub,3,S,S-loc
cigar,Cuban,T,T-sub,T,T-sub,5,E,E-prop
cigar,smoke,S,S-obj,S,S-obj,21,S,S-action
cigarette,smoke,S,S-action,E,E-beh,22,S,S-action
cinema,film,S,S-obj,S,S-obj,11,S,S-obj
cinema,movie,S,S-obj,S,S-obj,19,S,S-obj
cinema,movies,T,T-syn,S,S-obj,5,S,S-obj
cinema,theater,T,T-syn,T,T-syn,11,T,T-syn
city,state,E,E-whole,E,E-whole,3,T,T-super
city,urban,E,E-prop,E,E-prop,5,T,T-syn
cliff,edge,E,E-comp,E,E-comp,6,E,E-comp
cliff,fall,S,S-action,S,S-action,8,S,S-action
cliff,mountain,E,E-whole,E,E-whole,4,T,T-coord
cloud,fluffy,E,E-prop,E,E-prop,7,E,E-prop
cloud,rain,S,S-obj,S,S-obj,12,E,E-beh
cloud,sky,S,S-loc,S,S-loc,16,S,S-loc
cloud,white,E,E-prop,E,E-prop,9,E,E-prop
clown,funny,I,I-eval,I,I-eval,6,I,I-eval
clown,makeup,E,E-comp,E,E-comp,5,E,E-comp
clown,nose,E,E-comp,E,E-comp,5,E,E-comp
coach,bus,T,T-syn,T,T-syn,6,T,T-syn
coach,football,S,S-time,S,S-time,5,S,S-function
coach,purse,T,T-super,S,S-context,2,T,T-coord
coach,teacher,T,T-coord,E,E-prop,4,T,T-syn
coach,team,S,S-agent,S,S-obj,9,S,S-agent
coconut,milk,E,E-comp,E,E-comp,14,E,E-comp
coconut,oil,E,E-comp,E,E-comp,4,E,E-comp
coconut,palm,E,E-whole,E,E-whole,5,E,E-whole
coconut,tree,E,E-whole,E,E-whole,8,T,T-super
coffin,box,T,T-super,E,E-comp,4,T,T-syn
coffin,death,S,S-context,S,S-context,14,S,S-obj
colony,bacteria,E,E-comp,T,T-sub,2,T,T-sub
comedy,fun,I,I-eval,E,E-prop,4,I,I-eval
comedy,funny,I,I-eval,E,E-prop,16,I,I-eval
comedy,humor,E,E-prop,E,E-prop,2,T,T-syn
comment,opinion,T,T-coord,T,T-coord,10,T,T-syn
comment,remark,T,T-coord,T,T-syn,2,T,T-syn
comment,say,S,S-action,S,S-action,7,T,T-syn
comment,speak,S,S-action,S,S-action,5,S,S-action
comment,word,E,E-comp,S,S-obj,2,E,E-comp
community,church,T,T-sub,S,S-loc,2,S,S-loc
community,group,T,T-super,E,E-comp,7,T,T-syn
community,neighborhood,T,T-sub,T,T-sub,5,T,T-syn
community,people,E,E-comp,E,E-whole,8,T,T-syn
community,town,T,T-sub,T,T-super,4,T,T-syn
company,friend,T,T-syn,S,S-agent,3,T,T-ant
company,friends,T,T-syn,S,S-agent,9,T,T-ant
competitor,athlete,T,T-sub,T,T-sub,3,T,T-super
competitor,business,T,T-sub,T,T-sub,4,S,S-agent
competitor,competition,S,S-time,E,E-whole,6,T,T-super
computer,PC,T,T-sub,T,T-sub,2,T,T-syn
computer,screen,S,S-obj,E,E-comp,4,E,E-comp
concert,music,E,E-prop,E,E-comp,21,S,S-obj
concert,orchestra,S,S-agent,S,S-obj,3,S,S-agent
concert,symphony,S,S-targetstate,S,S-targetstate,2,S,S-obj
conclusion,done,S,S-targetstate,E,E-prop,3,T,T-syn
control,power,E,E-prop,E,E-prop,8,T,T-syn
core,abs,T,T-syn,S,S-obj,1,T,T-syn
core,apple,E,E-whole,E,E-whole,19,E,E-whole
core,center,T,T-syn,E,E-prop,14,T,T-syn
core,earth,E,E-whole,E,E-whole,10,E,E-whole
core,middle,T,T-syn,E,E-prop,4,T,T-syn
corn,chips,S,S-targetstate,E,E-comp,1,E,E-comp
corn,cob,E,E-whole,E,E-whole,13,E,E-whole
corn,field,S,S-loc,S,S-loc,6,S,S-loc
corner,angle,E,E-prop,E,E-prop,2,E,E-prop
corner,edge,E,E-prop,E,E-prop,4,T,T-syn
corner,room,E,E-whole,E,E-whole,4,S,S-loc
corner,street,S,S-loc,S,S-loc,4,S,S-loc
corridor,hall,T,T-coord,T,T-coord,10,T,T-syn
corridor,hallway,T,T-syn,T,T-coord,17,T,T-syn
corridor,house,E,E-whole,E,E-whole,1,E,E-whole
corridor,long,E,E-prop,E,E-state,3,E,E-prop
cotton,ball,E,E-whole,E,E-comp,4,E,E-comp
cotton,cloth,E,E-whole,E,E-comp,2,E,E-whole
cotton,clothes,E,E-whole,E,E-comp,6,E,E-whole
cotton,wool,T,T-coord,S,S-targetstate,5,T,T-coord
country,home,S,S-targetstate,S,S-targetstate,2,S,S-loc
crab,legs,E,E-comp,E,E-comp,3,E,E-comp
cream,pie,S,S-obj,S,S-obj,2,E,E-comp
credit,debit,T,T-ant,T,T-ant,4,T,T-ant
credit,due,E,E-prop,E,E-prop,3,I,I-contin
crime,criminal,S,S-agent,S,S-agent,6,T,T-super
crime,jail,S,S-loc,S,S-loc,4,S,S-loc
crime,punishment,S,S-action,S,S-action,8,S,S-function
cucumber,cool,I,I-contin,E,E-prop,5,E,E-prop
cucumber,pickle,E,E-state,T,T-sub,4,T,T-ant
cucumber,salad,E,E-whole,E,E-whole,13,S,S-obj
culture,art,S,S-obj,E,E-comp,4,S,S-obj
culture,arts,S,S-obj,E,E-comp,2,S,S-obj
culture,civilization,T,T-syn,E,E-whole,1,T,T-syn
cup,coffee,S,S-obj,S,S-obj,10,S,S-obj
cup,saucer,S,S-obj,S,S-obj,5,S,S-obj
cup,tea,S,S-obj,S,S-obj,12,E,E-comp
curtain,rod,S,S-obj,S,S-obj,3,E,E-comp
curtain,window,S,S-loc,S,S-obj,11,S,S-loc
date,day,E,E-comp,E,E-comp,4,T,T-coord
date,night,S,S-time,S,S-time,3,S,S-time
date,time,T,T-coord,S,S-time,7,T,T-super
date,today,T,T-sub,T,T-sub,3,S,S-time
daughter,mother,T,T-coord,S,S-agent,12,T,T-super
daughter,sister,T,T-coord,T,T-super,4,T,T-coord
daughter,son,T,T-ant,T,T-ant,14,T,T-coord
dawn,breaking,S,S-action,S,S-action,2,S,S-action
dawn,day,S,S-time,E,E-comp,4,T,T-syn
dawn,dusk,T,T-ant,T,T-ant,7,T,T-ant
dawn,morning,S,S-time,E,E-prop,15,T,T-syn
dawn,sun,S,S-obj,S,S-obj,11,S,S-time
deer,doe,T,T-sub,T,T-sub,7,T,T-coord
deer,headlights,S,S-obj,S,S-obj,4,S,S-obj
deer,hunt,S,S-action,S,S-action,2,S,S-action
democracy,America,I,I-contin,T,T-sub,3,S,S-loc
democracy,freedom,E,E-prop,E,E-prop,6,I,I-contin
democracy,government,E,E-whole,S,S-action,9,T,T-syn
democracy,Greece,I,I-contin,T,T-sub,4,I,I-contin
democracy,republic,E,E-whole,E,E-whole,2,T,T-coord
dentist,doctor,T,T-super,T,T-coord,5,T,T-coord
dentist,pain,S,S-context,S,S-context,8,I,I-emo
depth,breadth,T,T-ant,T,T-ant,5,T,T-ant
depth,ocean,S,S-obj,S,S-obj,9,E,E-prop
depth,sea,E,E-whole,S,S-obj,4,S,S-loc
destination,end,T,T-syn,E,E-prop,4,T,T-syn
destination,journey,S,S-action,S,S-action,4,I,I-contin
destination,place,T,T-super,E,E-prop,6,T,T-syn
destination,travel,S,S-time,S,S-action,11,S,S-function
destination,trip,S,S-action,S,S-action,6,S,S-function
diamond,jewelry,T,T-super,T,T-super,4,T,T-super
dictionary,book,T,T-super,T,T-super,7,T,T-super
dictionary,definition,E,E-comp,E,E-comp,3,E,E-comp
dignity,class,T,T-coord,T,T-coord,1,I,I-eval
dignity,honor,T,T-coord,T,T-coord,8,T,T-syn
dignity,poise,T,T-coord,T,T-coord,2,T,T-syn
dignity,pride,T,T-coord,T,T-coord,13,T,T-syn
dignity,respect,T,T-coord,T,T-coord,11,T,T-syn
dinner,eat,S,S-action,S,S-action,5,S,S-action
dinner,lunch,T,T-coord,T,T-coord,6,T,T-coord
dinner,supper,T,T-coord,T,T-syn,11,T,T-syn
dinosaur,old,E,E-prop,E,E-prop,8,E,E-prop
dishwasher,clean,S,S-targetstate,S,S-function,8,S,S-function
dishwasher,machine,T,T-super,T,T-super,3,T,T-super
divorce,separate,S,S-action,S,S-action,5,T,T-syn
divorce,separation,S,S-context,S,S-action,5,T,T-syn
divorce,split,S,S-action,S,S-action,6,S,S-action
doctor,medical,E,E-prop,E,E-prop,3,T,T-super
doctor,nurse,T,T-coord,S,S-agent,8,T,T-coord
dog,bark,E,E-beh,E,E-beh,3,E,E-beh
dog,cat,T,T-coord,T,T-coord,18,T,T-coord
dog,pet,T,T-super,T,T-super,6,T,T-super
dolphin,fish,T,T-super,S,S-agent,8,T,T-super
donkey,ass,T,T-syn,T,T-coord,18,T,T-syn
donkey,mule,T,T-sub,T,T-coord,10,T,T-coord
door,open,E,E-state,E,E-state,13,E,E-state
door,opening,T,T-super,E,E-state,4,S,S-action
door,window,S,S-obj,S,S-obj,9,T,T-coord
drum,band,S,S-agent,S,S-obj,3,S,S-loc
drum,bang,S,S-action,S,S-action,5,E,E-beh
drum,bass,T,T-coord,S,S-obj,4,T,T-coord
drum,percussion,T,T-super,E,E-whole,2,T,T-super
ear,hear,S,S-function,E,E-beh,10,S,S-function
ear,hearing,E,E-prop,E,E-prop,7,S,S-function
ear,wax,E,E-comp,E,E-comp,4,E,E-comp
earring,diamond,E,E-comp,E,E-comp,5,E,E-comp
earring,ear,S,S-obj,S,S-obj,9,S,S-loc
earring,gold,E,E-comp,E,E-comp,7,E,E-comp
earring,hoop,E,E-prop,E,E-prop,2,E,E-comp
earth,blue,E,E-prop,E,E-prop,4,E,E-prop
earth,planet,T,T-super,T,T-super,14,T,T-syn
earthquake,shake,S,S-action,S,S-action,11,E,E-beh
earthquake,tremor,T,T-syn,E,E-beh,6,T,T-syn
education,knowledge,S,S-obj,S,S-function,3,T,T-syn
education,learning,S,S-action,S,S-action,5,T,T-syn
efficiency,fast,I,I-contin,E,E-prop,7,T,T-syn
efficiency,quick,I,I-contin,E,E-prop,6,T,T-syn
efficiency,speed,I,I-contin,E,E-prop,4,T,T-coord
efficiency,work,S,S-action,S,S-action,5,I,I-contin
election,rigged,S,S-context,S,S-targetstate,2,E,E-state
element,chemical,T,T-super,E,E-whole,2,T,T-super
element,metal,T,T-sub,E,E-comp,2,T,T-coord
element,science,S,S-obj,S,S-obj,5,T,T-super
empire,kingdom,T,T-coord,T,T-sub,7,T,T-syn
empire,Star Wars,I,I-contin,S,S-obj,3,S,S-loc
empire,state,T,T-syn,E,E-comp,7,T,T-coord
enemy,evil,I,I-eval,I,I-eval,3,I,I-eval
energy,electricity,S,S-obj,E,E-prop,2,T,T-syn
energy,high,E,E-state,E,E-state,1,E,E-state
entertainment,fun,I,I-eval,E,E-prop,9,T,T-syn
entertainment,movie,T,T-sub,T,T-sub,8,T,T-coord
entertainment,movies,T,T-sub,T,T-sub,6,T,T-super
envelope,mail,T,T-super,S,S-obj,14,S,S-function
envelope,paper,E,E-comp,E,E-comp,5,E,E-comp
evidence,court,S,S-loc,S,S-loc,5,S,S-loc
evidence,crime,S,S-time,S,S-time,7,S,S-obj
evidence,facts,E,E-comp,E,E-prop,2,T,T-syn
exam,bar,T,T-sub,T,T-sub,0,T,T-ant
exam,examination,S,S-time,S,S-time,3,T,T-syn
exam,test,T,T-super,E,E-comp,26,T,T-syn
eye,glasses,S,S-obj,S,S-obj,6,E,E-whole
eye,see,S,S-function,E,E-beh,9,S,S-function
eye,sight,E,E-prop,E,E-prop,6,E,E-prop
eyebrow,eye,S,S-obj,E,E-whole,7,E,E-whole
eyebrow,face,E,E-whole,E,E-whole,6,E,E-whole
eyebrow,piercing,S,S-obj,S,S-obj,2,S,S-obj
face,visage,T,T-syn,T,T-syn,3,T,T-syn
factory,build,S,S-action,S,S-action,2,S,S-action
family,friends,T,T-coord,S,S-agent,5,T,T-coord
family,mom,T,T-sub,T,T-sub,2,T,T-sub
family,mother,T,T-sub,T,T-sub,2,E,E-whole
farm,cows,S,S-obj,S,S-obj,3,S,S-obj
farm,house,T,T-super,T,T-super,4,S,S-loc
feedback,critique,T,T-coord,T,T-syn,2,T,T-syn
feedback,information,T,T-super,E,E-comp,2,T,T-syn
feedback,loop,E,E-prop,E,E-prop,4,T,T-syn
feedback,positive,E,E-prop,E,E-prop,6,I,I-eval
feedback,response,T,T-super,E,E-comp,11,T,T-syn
festival,carnival,T,T-sub,T,T-coord,7,T,T-syn
festival,celebration,T,T-super,S,S-action,4,T,T-syn
festival,music,S,S-obj,S,S-obj,7,S,S-obj
festival,party,T,T-coord,S,S-context,14,T,T-syn
fish,food,T,T-super,T,T-sub,5,S,S-function
fish,water,S,S-loc,S,S-loc,6,S,S-loc
fishing,fish,S,S-obj,S,S-agent,9,S,S-obj
flour,baking,S,S-action,S,S-action,11,S,S-function
flour,bread,E,E-whole,E,E-whole,10,E,E-comp
flour,cake,E,E-whole,E,E-whole,7,E,E-whole
flour,white,E,E-prop,E,E-beh,9,E,E-prop
flower,petal,E,E-comp,E,E-comp,4,E,E-comp
flower,rose,T,T-sub,T,T-sub,8,T,T-coord
flower,smell,S,S-action,S,S-action,3,E,E-prop
flute,champagne,S,S-obj,S,S-obj,3,S,S-obj
flute,piccolo,T,T-sub,T,T-coord,3,T,T-coord
fog,cloud,T,T-coord,E,E-whole,7,T,T-coord
fog,horn,S,S-obj,S,S-obj,2,S,S-obj
fog,London,S,S-loc,S,S-loc,4,S,S-loc
football,ball,S,S-obj,E,E-prop,4,E,E-comp
football,game,S,S-time,S,S-time,6,T,T-super
forest,green,E,E-prop,E,E-prop,11,E,E-prop
forest,tree,E,E-comp,E,E-comp,5,E,E-whole
forest,trees,E,E-comp,E,E-comp,22,E,E-whole
forest,woods,T,T-coord,T,T-coord,5,T,T-syn
fork,knife,T,T-coord,T,T-coord,19,T,T-coord
fox,clever,E,E-prop,E,E-prop,3,I,I-contin
fox,hound,S,S-agent,S,S-agent,5,T,T-coord
fox,sly,E,E-prop,E,E-prop,6,E,E-prop
frame,door,E,E-comp,E,E-comp,2,S,S-obj
frame,glass,E,E-comp,E,E-comp,2,E,E-comp
frame,window,E,E-comp,E,E-comp,3,E,E-whole
freedom,America,I,I-contin,I,I-contin,6,I,I-contin
freedom,eagle,I,I-contin,S,S-agent,3,I,I-contin
freedom,flag,I,I-contin,S,S-obj,4,I,I-contin
friend,best,S,S-targetstate,S,S-targetstate,5,T,T-syn
friendship,fun,I,I-eval,I,I-eval,2,I,I-eval
friendship,love,T,T-coord,E,E-prop,10,I,I-contin
frog,croak,E,E-beh,E,E-beh,3,E,E-beh
frog,green,E,E-prop,E,E-prop,12,E,E-prop
frog,leap,E,E-beh,E,E-beh,5,E,E-beh
fruit,apple,T,T-sub,T,T-sub,16,T,T-super
fruit,banana,T,T-sub,T,T-sub,9,T,T-super
fruit,orange,T,T-sub,T,T-sub,7,T,T-coord
fruit,salad,E,E-whole,E,E-whole,3,S,S-obj
fruit,vegetable,T,T-ant,T,T-ant,4,T,T-coord
funeral,dead,S,S-context,S,S-context,3,S,S-obj
funeral,death,S,S-time,I,I-contin,20,S,S-time
furniture,table,T,T-sub,T,T-sub,10,T,T-super
future,ahead,I,I-contin,E,E-prop,3,I,I-contin
future,tense,T,T-super,T,T-super,7,T,T-syn
future,tomorrow,T,T-sub,E,E-state,5,T,T-syn
garage,carport,T,T-sub,T,T-coord,2,T,T-syn
garage,door,E,E-comp,E,E-comp,7,E,E-comp
garage,sale,S,S-action,S,S-action,2,S,S-function
garden,flower,S,S-obj,S,S-obj,6,S,S-obj
garden,green,E,E-prop,E,E-prop,6,E,E-prop
garden,plants,S,S-obj,S,S-obj,3,S,S-obj
garden,vegetables,S,S-obj,S,S-obj,5,S,S-obj
genius,brilliant,T,T-syn,E,E-prop,4,T,T-syn
genius,clever,E,E-prop,E,E-prop,4,T,T-syn
genius,intelligent,E,E-prop,E,E-prop,5,T,T-syn
genius,smart,E,E-prop,E,E-prop,17,T,T-syn
ghost,scary,I,I-eval,E,E-prop,4,I,I-emo
ghost,white,E,E-prop,E,E-prop,9,E,E-prop
girl,boy,T,T-ant,T,T-ant,18,T,T-coord
girl,child,E,E-state,E,E-prop,5,T,T-super
girl,female,E,E-prop,E,E-prop,7,T,T-syn
girl,friend,S,S-agent,S,S-agent,6,T,T-coord
girl,woman,T,T-super,T,T-ant,10,T,T-syn
girlfriend,boyfriend,T,T-ant,T,T-ant,13,T,T-ant
girlfriend,love,I,I-emo,E,E-prop,7,I,I-emo
girlfriend,lover,T,T-super,E,E-prop,5,T,T-syn
girlfriend,partner,T,T-super,E,E-prop,5,T,T-syn
goose,egg,S,S-obj,S,S-obj,4,E,E-beh
goose,gander,T,T-sub,T,T-ant,7,T,T-coord
government,big,S,S-targetstate,S,S-targetstate,2,E,E-prop
government,people,E,E-comp,E,E-comp,2,T,T-super
government,politics,E,E-prop,E,E-prop,6,T,T-super
government,rule,E,E-beh,E,E-beh,3,E,E-beh
grape,juice,E,E-whole,E,E-prop,8,S,S-obj
grape,vine,E,E-whole,E,E-whole,7,E,E-whole
grape,wine,E,E-whole,E,E-whole,17,S,S-obj
grass,green,E,E-prop,E,E-prop,28,E,E-prop
grass,lawn,E,E-whole,E,E-whole,9,T,T-super
guest,friend,T,T-coord,S,S-targetstate,9,T,T-coord
guest,home,S,S-loc,S,S-loc,2,S,S-loc
guest,host,T,T-ant,T,T-ant,3,T,T-ant
gym,exercise,S,S-function,S,S-action,13,S,S-function
gym,fitness,S,S-function,S,S-function,2,S,S-function
gym,weights,S,S-obj,S,S-obj,8,S,S-obj
gym,work out,S,S-function,S,S-action,2,S,S-function
gym,workout,S,S-action,S,S-action,5,S,S-function
ham,bacon,T,T-coord,T,T-coord,5,T,T-coord
ham,pig,E,E-whole,E,E-whole,13,T,T-sub
ham,pork,T,T-super,T,T-super,6,T,T-syn
ham,sandwich,S,S-obj,S,S-obj,10,S,S-obj
hammer,nail,S,S-obj,S,S-obj,22,S,S-obj
hammer,nails,S,S-obj,S,S-obj,3,S,S-obj
hamster,animal,T,T-super,T,T-super,3,T,T-super
hamster,gerbil,T,T-coord,T,T-coord,4,T,T-coord
hamster,pet,T,T-super,T,T-super,10,T,T-super
hamster,rodent,T,T-super,T,T-super,9,T,T-super
hand,foot,T,T-coord,T,T-ant,5,T,T-coord
hand,give,T,T-syn,S,S-action,4,S,S-action
hand,left,E,E-prop,E,E-state,3,E,E-prop
handkerchief,cold,S,S-context,S,S-context,2,S,S-obj
handkerchief,napkin,T,T-syn,T,T-coord,2,T,T-syn
handkerchief,sneeze,S,S-action,S,S-action,7,S,S-function
handkerchief,tissue,T,T-syn,T,T-coord,6,T,T-syn
head,ache,S,S-targetstate,S,S-targetstate,3,E,E-prop
head,brain,T,T-syn,E,E-prop,5,E,E-whole
head,hair,E,E-comp,E,E-comp,7,E,E-comp
head,shoulders,T,T-coord,T,T-coord,3,E,E-whole
head,top,T,T-syn,E,E-state,5,E,E-whole
health,good,I,I-eval,E,E-state,6,I,I-eval
health,happiness,T,T-coord,I,I-emo,4,I,I-emo
health,wellbeing,T,T-coord,E,E-comp,5,T,T-syn
health,wellness,T,T-coord,E,E-prop,3,T,T-syn
heaven,earth,T,T-ant,T,T-ant,2,T,T-ant
height,length,T,T-coord,E,E-prop,3,T,T-coord
height,short,E,E-state,E,E-state,7,T,T-ant
height,tall,E,E-state,E,E-state,24,T,T-syn
height,weight,T,T-coord,T,T-coord,15,T,T-coord
helicopter,chopper,T,T-syn,T,T-syn,5,T,T-syn
hell,damnation,S,S-context,I,I-contin,4,I,I-contin
hell,fire,S,S-obj,S,S-obj,10,E,E-comp
hell,Hades,T,T-syn,T,T-syn,5,T,T-syn
hell,hot,E,E-prop,E,E-prop,6,E,E-prop
helmet,bike,S,S-obj,S,S-obj,11,S,S-obj
helmet,head,S,S-loc,S,S-loc,12,E,E-whole
helmet,motorcycle,S,S-obj,S,S-obj,5,S,S-obj
history,past,E,E-prop,E,E-prop,11,T,T-syn
history,story,T,T-syn,E,E-prop,5,T,T-syn
history,world,S,S-obj,S,S-obj,2,S,S-context
hobby,fun,E,E-prop,E,E-prop,6,I,I-eval
hobby,pastime,T,T-syn,T,T-syn,5,T,T-syn
hole,ass,T,T-sub,E,E-whole,4,T,T-coord
hole,dig,S,S-action,S,S-action,7,S,S-action
hole,golf,S,S-action,S,S-obj,4,S,S-loc
hole,ground,S,S-loc,S,S-loc,8,E,E-whole
hole,pit,T,T-syn,E,E-state,3,T,T-syn
horse,buggy,S,S-obj,S,S-obj,2,S,S-obj
horse,pony,T,T-sub,T,T-sub,3,T,T-coord
humor,funny,E,E-prop,E,E-prop,22,T,T-syn
husband,dead,S,S-targetstate,S,S-targetstate,1,E,E-state
husband,man,E,E-prop,E,E-prop,10,T,T-super
husband,wife,T,T-ant,T,T-ant,23,T,T-ant
ice,snow,E,E-state,E,E-state,6,T,T-coord
ice,water,E,E-state,E,E-state,11,T,T-syn
identity,me,I,I-contin,E,E-prop,4,I,I-contin
identity,self,T,T-syn,E,E-comp,9,T,T-syn
idol,God,T,T-coord,S,S-obj,6,T,T-syn
idol,gold,E,E-comp,E,E-comp,3,E,E-comp
idol,worship,S,S-context,S,S-action,9,S,S-action
import,bring in,T,T-syn,T,T-syn,2,T,T-syn
import,car,S,S-obj,S,S-obj,1,S,S-obj
import,export,T,T-ant,T,T-ant,17,T,T-ant
import,goods,S,S-obj,S,S-obj,5,S,S-obj
impression,art,T,T-super,T,T-super,4,S,S-obj
insect,six legs,E,E-comp,E,E-comp,1,E,E-prop
insect,spider,T,T-sub,T,T-coord,3,T,T-coord
insurance,car,T,T-sub,S,S-targetstate,7,S,S-obj
insurance,claim,S,S-action,S,S-action,5,S,S-obj
insurance,fraud,S,S-action,S,S-action,3,S,S-context
interview,job,T,T-sub,S,S-targetstate,18,S,S-function
interview,question,S,S-obj,S,S-action,3,S,S-action
interview,questions,S,S-obj,S,S-obj,3,S,S-obj
iron,steel,T,T-coord,T,T-sub,4,T,T-syn
island,beach,E,E-comp,E,E-comp,5,S,S-loc
island,isle,T,T-syn,T,T-syn,2,T,T-syn
island,sea,S,S-loc,S,S-loc,3,S,S-loc
jeans,blue,E,E-prop,E,E-comp,19,E,E-prop
jeans,denim,E,E-comp,E,E-comp,11,E,E-comp
joke,funny,E,E-prop,E,E-prop,22,I,I-eval
joke,jester,S,S-agent,S,S-agent,1,S,S-obj
juice,apple,T,T-sub,T,T-sub,14,E,E-comp
juice,box,S,S-loc,S,S-loc,2,E,E-comp
juice,drink,T,T-super,S,S-action,6,S,S-action
juice,fruit,T,T-sub,E,E-state,7,E,E-comp
juice,orange,T,T-sub,T,T-sub,24,E,E-comp
killer,bees,T,T-super,T,T-super,2,T,T-coord
king,crown,E,E-comp,E,E-comp,7,E,E-comp
king,knight,S,S-agent,S,S-agent,2,T,T-super
king,queen,T,T-ant,T,T-ant,21,T,T-coord
king,royal,E,E-prop,E,E-prop,3,E,E-prop
king,ruler,T,T-super,E,E-prop,5,T,T-syn
kingdom,animal,T,T-sub,T,T-sub,3,T,T-super
kingdom,castle,S,S-loc,S,S-obj,4,T,T-syn
kingdom,England,T,T-sub,T,T-sub,3,S,S-loc
kingdom,king,E,E-comp,E,E-comp,12,E,E-comp
kitchen,cook,S,S-function,E,E-comp,9,S,S-action
kitchen,cooking,S,S-function,E,E-comp,4,S,S-action
kitchen,table,S,S-obj,S,S-obj,3,S,S-obj
kite,bird,T,T-super,T,T-super,2,T,T-coord
kite,fly,S,S-function,E,E-beh,18,E,E-beh
kite,wind,S,S-obj,S,S-obj,7,S,S-obj
knee,bend,S,S-action,S,S-action,8,E,E-beh
knee,joint,T,T-super,T,T-super,11,E,E-comp
knowledge,intelligence,E,E-whole,E,E-prop,5,T,T-syn
knowledge,smart,E,E-prop,E,E-prop,6,I,I-eval
lake,blue,E,E-prop,E,E-prop,3,E,E-prop
language,speech,S,S-action,E,E-comp,3,T,T-syn
language,words,E,E-comp,E,E-comp,6,E,E-comp
lantern,candle,T,T-coord,T,T-sub,3,E,E-comp
lantern,lamp,E,E-comp,T,T-syn,6,T,T-syn
lantern,light,T,T-super,E,E-prop,26,E,E-comp
law,lawyer,S,S-agent,S,S-agent,7,T,T-super
law,order,I,I-contin,E,E-prop,7,T,T-syn
law,rule,T,T-syn,E,E-prop,8,T,T-syn
leaf,book,E,E-comp,E,E-whole,2,S,S-obj
leaf,green,E,E-prop,E,E-prop,16,E,E-prop
leaf,tree,E,E-whole,E,E-whole,22,E,E-whole
leather,cow,E,E-whole,E,E-prop,11,E,E-whole
leg,arm,T,T-ant,T,T-ant,16,T,T-coord
leg,foot,T,T-coord,E,E-comp,8,E,E-whole
legend,myth,T,T-coord,T,T-super,7,T,T-syn
legend,story,T,T-super,T,T-super,14,T,T-syn
legend,tale,T,T-coord,T,T-syn,7,T,T-syn
letter,envelope,S,S-obj,S,S-obj,6,E,E-whole
letter,mail,S,S-loc,S,S-loc,13,T,T-syn
letter,post,S,S-action,S,S-action,3,S,S-action
lettuce,green,E,E-prop,E,E-prop,15,E,E-prop
lettuce,salad,T,T-syn,S,S-obj,18,S,S-obj
library,book,S,S-obj,E,E-comp,7,S,S-obj
library,librarian,S,S-agent,S,S-agent,7,S,S-agent
library,quiet,E,E-state,E,E-prop,9,S,S-context
light,bright,E,E-state,E,E-prop,8,E,E-prop
light,sun,T,T-sub,T,T-super,5,T,T-super
link,chain,T,T-coord,S,S-obj,20,T,T-syn
link,join,T,T-syn,E,E-prop,5,T,T-syn
link,together,E,E-prop,S,S-context,4,E,E-beh
lobster,fish,T,T-super,S,S-agent,3,T,T-coord
lobster,food,T,T-super,T,T-super,3,T,T-coord
lobster,red,E,E-prop,E,E-prop,16,E,E-prop
logic,brain,I,I-contin,S,S-obj,2,S,S-loc
logic,math,T,T-coord,T,T-coord,6,T,T-coord
logic,reason,T,T-syn,E,E-comp,7,T,T-syn
logic,smart,I,I-contin,E,E-prop,4,E,E-prop
lover,love,E,E-prop,E,E-prop,4,S,S-function
lover,partner,T,T-syn,S,S-targetstate,4,T,T-syn
lover,sex,S,S-action,S,S-action,13,S,S-action
lover,wife,T,T-super,S,S-targetstate,4,T,T-syn
luggage,baggage,T,T-syn,T,T-syn,10,T,T-syn
luggage,bags,T,T-syn,T,T-syn,5,T,T-syn
luggage,travel,S,S-time,E,E-whole,9,S,S-function
lunch,food,T,T-super,E,E-comp,8,T,T-super
lunch,sandwich,S,S-obj,S,S-obj,10,S,S-obj
lung,air,S,S-obj,E,E-comp,11,E,E-comp
lung,breath,S,S-obj,E,E-comp,9,E,E-beh
lung,breathe,S,S-function,E,E-beh,13,S,S-function
machine,engine,E,E-comp,E,E-comp,4,E,E-comp
machine,washing,T,T-sub,T,T-super,3,S,S-function
machine,work,S,S-action,E,E-prop,3,S,S-function
mammal,cat,T,T-sub,T,T-sub,4,T,T-super
mandarin,Chinese,E,E-prop,E,E-whole,17,T,T-syn
mango,tree,E,E-whole,E,E-whole,1,E,E-whole
map,atlas,E,E-whole,E,E-whole,3,T,T-syn
map,geography,E,E-whole,E,E-whole,5,T,T-syn
map,Google,T,T-sub,T,T-sub,3,S,S-agent
map,world,T,T-sub,T,T-sub,6,S,S-obj
market,shop,E,E-comp,E,E-comp,5,T,T-syn
market,store,E,E-comp,E,E-comp,7,T,T-syn
marriage,divorce,T,T-ant,T,T-ant,4,T,T-ant
marriage,love,E,E-prop,E,E-comp,10,S,S-obj
marriage,wedding,T,T-syn,S,S-time,11,T,T-syn
material,cloth,T,T-sub,T,T-sub,7,T,T-syn
material,fabric,T,T-syn,T,T-sub,10,T,T-syn
meat,cow,E,E-whole,T,T-sub,4,T,T-super
meat,red,E,E-prop,E,E-prop,5,E,E-prop
meeting,business,T,T-sub,T,T-sub,5,S,S-obj
meeting,gathering,T,T-syn,T,T-syn,4,T,T-syn
meeting,work,T,T-sub,T,T-sub,5,S,S-function
melody,harmony,T,T-coord,T,T-coord,6,T,T-coord
melody,rhythm,T,T-coord,E,E-comp,2,T,T-coord
melody,song,E,E-whole,E,E-whole,23,T,T-super
melody,tune,T,T-syn,T,T-syn,13,T,T-syn
melon,ball,E,E-prop,S,S-targetstate,2,T,T-coord
melon,cantaloupe,T,T-sub,T,T-sub,5,T,T-coord
melon,water,T,T-sub,T,T-sub,9,E,E-comp
melon,watermelon,T,T-sub,T,T-sub,6,T,T-super
method,process,T,T-syn,E,E-comp,3,T,T-syn
method,scientific,T,T-sub,T,T-sub,5,T,T-syn
microscope,science,S,S-obj,E,E-whole,12,S,S-obj
microscope,slide,S,S-obj,E,E-comp,5,S,S-obj
milk,bottle,S,S-loc,S,S-loc,3,S,S-obj
milk,carton,S,S-loc,S,S-loc,1,E,E-whole
milk,cow,E,E-whole,T,T-sub,15,S,S-obj
miner,coal,S,S-obj,S,S-obj,20,S,S-obj
miner,gold,S,S-obj,S,S-obj,6,S,S-obj
miner,underground,S,S-loc,S,S-loc,3,S,S-loc
mint,fresh,E,E-prop,E,E-prop,9,E,E-prop
mint,money,S,S-obj,S,S-obj,4,I,I-contin
miracle,religion,E,E-whole,E,E-whole,4,T,T-coord
mirror,image,S,S-obj,S,S-obj,7,E,E-comp
mirror,wall,S,S-loc,S,S-loc,6,S,S-loc
money,cash,T,T-sub,T,T-sub,13,T,T-syn
money,currency,T,T-super,E,E-whole,3,T,T-syn
money,green,E,E-prop,E,E-prop,4,S,S-context
monkey,ape,T,T-coord,T,T-super,10,T,T-coord
monkey,primate,T,T-coord,T,T-super,3,T,T-super
monster,bed,S,S-loc,S,S-loc,3,S,S-loc
monster,evil,E,E-state,E,E-state,3,I,I-eval
monster,green,E,E-prop,E,E-prop,6,E,E-prop
mood,feeling,T,T-super,E,E-comp,6,T,T-syn
mood,happy,T,T-sub,T,T-sub,8,E,E-state
mood,swing,S,S-action,S,S-targetstate,4,E,E-state
moon,full,E,E-state,E,E-state,5,E,E-state
moon,stars,T,T-coord,T,T-coord,5,T,T-coord
moon,sun,T,T-coord,T,T-coord,11,T,T-ant
moonlight,romance,I,I-contin,I,I-emo,5,I,I-emo
mountain,high,E,E-prop,E,E-prop,6,E,E-prop
mountain,top,E,E-comp,E,E-comp,5,E,E-comp
muscle,arm,E,E-whole,E,E-whole,3,E,E-whole
muscle,fiber,E,E-comp,E,E-comp,3,E,E-comp
muscle,strength,E,E-prop,E,E-prop,6,E,E-prop
museum,history,S,S-context,E,E-prop,9,S,S-loc
nature,green,E,E-prop,E,E-prop,6,E,E-prop
nature,natural,E,E-prop,E,E-prop,3,T,T-syn
nature,outdoors,T,T-syn,E,E-prop,5,T,T-syn
nature,trees,E,E-comp,E,E-comp,8,S,S-obj
neck,head,T,T-coord,T,T-coord,12,E,E-whole
necklace,chain,E,E-prop,T,T-sub,5,E,E-comp
necklace,neck,S,S-loc,S,S-loc,8,E,E-whole
necklace,pearl,E,E-comp,E,E-comp,8,E,E-comp
necklace,pearls,E,E-comp,E,E-comp,6,E,E-comp
nerve,brain,E,E-whole,E,E-whole,7,E,E-whole
nerve,ending,E,E-comp,E,E-comp,5,E,E-comp
nerve,endings,E,E-comp,E,E-comp,2,E,E-comp
news,good,I,I-eval,E,E-state,2,I,I-eval
news,newspaper,E,E-whole,E,E-whole,3,T,T-syn
news,sports,E,E-comp,E,E-comp,1,T,T-coord
noise,loud,E,E-state,E,E-state,19,E,E-prop
noise,music,T,T-super,S,S-targetstate,4,T,T-ant
noise,sound,T,T-syn,E,E-comp,7,T,T-syn
noise,white,T,T-sub,S,S-targetstate,3,T,T-ant
noon,afternoon,T,T-coord,T,T-coord,5,T,T-coord
noon,day,E,E-prop,E,E-prop,6,T,T-coord
noon,high,E,E-prop,E,E-prop,7,S,S-time
noon,lunch,S,S-time,S,S-time,11,S,S-time
notebook,movie,I,I-contin,I,I-contin,5,T,T-ant
notebook,paper,E,E-comp,E,E-comp,12,E,E-comp
notebook,write,S,S-function,S,S-function,4,S,S-action
notebook,writing,S,S-function,S,S-function,5,S,S-function
novel,book,T,T-super,E,E-comp,29,T,T-syn
novel,story,T,T-syn,E,E-comp,7,T,T-syn
nurse,care,S,S-function,E,E-beh,4,S,S-action
nurse,doctor,T,T-coord,S,S-agent,16,T,T-coord
nurse,white,E,E-prop,E,E-comp,3,E,E-prop
nut,crazy,T,T-syn,T,T-syn,9,I,I-contin
nut,peanut,T,T-sub,T,T-sub,7,T,T-coord
nut,shell,E,E-comp,E,E-comp,5,E,E-comp
ocean,blue,E,E-prop,E,E-prop,8,E,E-prop
ocean,salt,E,E-comp,E,E-comp,4,E,E-comp
ocean,vast,E,E-prop,E,E-prop,5,E,E-prop
office,business,E,E-whole,E,E-whole,2,S,S-function
office,cubicle,E,E-comp,E,E-comp,3,S,S-loc
office,desk,S,S-obj,S,S-obj,7,S,S-obj
office,space,T,T-super,T,T-super,3,E,E-whole
oil,black,E,E-prop,E,E-prop,6,E,E-prop
oil,gas,T,T-coord,T,T-coord,4,T,T-coord
oil,olive,T,T-sub,T,T-sub,5,E,E-comp
oil,spill,S,S-action,S,S-targetstate,6,S,S-action
onion,garlic,T,T-coord,S,S-obj,4,T,T-coord
onion,peel,S,S-action,E,E-comp,6,S,S-action
onion,tears,S,S-context,S,S-context,5,E,E-beh
organ,pipe,E,E-comp,E,E-comp,6,E,E-comp
orphan,alone,E,E-prop,E,E-prop,9,E,E-state
orphan,child,E,E-prop,E,E-prop,12,T,T-syn
orphan,lonely,I,I-eval,E,E-prop,4,I,I-emo
orphan,parentless,E,E-prop,E,E-prop,5,E,E-state
oven,bake,S,S-function,S,S-function,12,S,S-function
oven,cooking,S,S-function,S,S-function,5,S,S-function
oven,hot,E,E-prop,E,E-prop,13,E,E-prop
oven,stove,T,T-syn,S,S-obj,8,T,T-coord
owl,hoot,E,E-beh,E,E-beh,10,E,E-beh
owl,night,S,S-time,S,S-time,14,S,S-time
owl,wise,I,I-eval,I,I-eval,3,I,I-eval
palace,big,E,E-prop,E,E-prop,3,E,E-prop
palace,royalty,S,S-agent,E,E-prop,5,S,S-agent
parachute,falling,S,S-targetstate,S,S-context,3,S,S-action
parachute,plane,S,S-obj,S,S-obj,9,S,S-obj
paragraph,essay,E,E-whole,E,E-whole,4,E,E-whole
paragraph,sentence,E,E-comp,E,E-comp,12,T,T-super
paragraph,sentences,E,E-comp,E,E-comp,4,E,E-whole
paragraph,words,E,E-comp,E,E-comp,5,E,E-comp
parrot,green,E,E-prop,E,E-prop,6,E,E-prop
parrot,repeat,E,E-beh,E,E-beh,6,E,E-beh
parrot,talk,E,E-beh,E,E-beh,3,E,E-beh
part,whole,T,T-ant,T,T-ant,8,T,T-super
password,code,T,T-syn,E,E-comp,5,T,T-syn
password,computer,S,S-obj,S,S-obj,5,S,S-obj
password,key,E,E-comp,E,E-comp,5,S,S-obj
password,secret,E,E-prop,E,E-prop,11,T,T-coord
password,security,E,E-whole,S,S-function,6,S,S-function
peace,calm,T,T-coord,T,T-coord,5,T,T-syn
peace,love,I,I-emo,T,T-coord,12,I,I-contin
peace,war,T,T-ant,T,T-ant,9,T,T-ant
peanut,food,T,T-super,T,T-super,2,T,T-super
peanut,nut,T,T-super,T,T-super,2,T,T-syn
penguin,tuxedo,I,I-contin,I,I-contin,6,I,I-contin
pepper,black,E,E-prop,E,E-prop,7,E,E-prop
pepper,hot,E,E-prop,E,E-prop,5,E,E-prop
pepper,red,E,E-prop,E,E-prop,3,E,E-prop
pepper,salt,T,T-ant,S,S-obj,24,T,T-coord
phenomenon,happening,S,S-action,T,T-syn,6,T,T-syn
phenomenon,unusual,S,S-targetstate,S,S-targetstate,3,E,E-prop
philosophy,Greek,E,E-prop,T,T-sub,2,S,S-context
philosophy,science,T,T-super,T,T-coord,2,T,T-coord
philosophy,study,S,S-action,S,S-action,5,S,S-function
philosophy,thought,S,S-targetstate,E,E-comp,4,S,S-obj
photo,camera,S,S-obj,S,S-obj,11,S,S-obj
photo,image,T,T-syn,E,E-prop,3,T,T-syn
photo,memory,I,I-contin,S,S-context,4,I,I-contin
physics,quantum,T,T-sub,T,T-sub,2,T,T-sub
picnic,basket,S,S-obj,S,S-obj,14,S,S-obj
picnic,blanket,S,S-obj,S,S-obj,12,S,S-obj
picnic,food,S,S-obj,S,S-obj,9,S,S-obj
picnic,lunch,S,S-time,S,S-time,3,S,S-obj
picnic,table,S,S-obj,S,S-obj,5,S,S-obj
pig,pork,T,T-syn,S,S-targetstate,5,T,T-super
pirate,Carribean,S,S-loc,S,S-loc,2,S,S-loc
pirate,parrot,S,S-agent,S,S-agent,4,S,S-obj
pirate,ship,S,S-obj,S,S-obj,17,S,S-loc
pizza,cheese,E,E-comp,E,E-comp,15,E,E-comp
pizza,pepperoni,E,E-comp,E,E-comp,9,E,E-comp
plan,action,S,S-action,S,S-targetstate,1,S,S-function
plan,map,T,T-syn,S,S-obj,5,T,T-syn
platform,dais,T,T-sub,T,T-syn,1,T,T-syn
platform,train,S,S-obj,S,S-obj,8,S,S-loc
pocket,jeans,E,E-whole,E,E-whole,5,E,E-whole
pocket,pants,E,E-whole,E,E-whole,7,E,E-comp
poem,English,E,E-prop,E,E-prop,2,S,S-obj
poem,love,T,T-sub,T,T-sub,4,I,I-emo
poem,rhyme,E,E-prop,E,E-prop,8,E,E-prop
poem,verse,E,E-comp,E,E-comp,3,E,E-whole
poet,poem,S,S-obj,E,E-prop,6,S,S-function
policy,government,S,S-obj,E,E-whole,5,S,S-agent
policy,insurance,T,T-sub,T,T-sub,5,T,T-syn
policy,plan,T,T-syn,T,T-syn,4,T,T-syn
policy,public,T,T-sub,T,T-sub,3,S,S-agent
policy,rule,T,T-syn,E,E-comp,6,T,T-syn
pork,chop,S,S-targetstate,S,S-targetstate,3,E,E-comp
pork,chops,S,S-targetstate,S,S-targetstate,3,E,E-comp
pork,meat,T,T-super,T,T-super,9,T,T-syn
pork,pig,T,T-syn,E,E-whole,23,T,T-super
poster,picture,T,T-coord,E,E-comp,6,T,T-syn
potato,chip,S,S-targetstate,S,S-targetstate,4,E,E-comp
potato,chips,S,S-targetstate,S,S-targetstate,5,E,E-comp
potato,tomato,T,T-coord,T,T-coord,5,T,T-coord
practice,law,S,S-obj,T,T-sub,2,T,T-super
practice,work,T,T-syn,E,E-prop,3,T,T-syn
pressure,blood,E,E-whole,E,E-whole,3,E,E-prop
pressure,force,T,T-coord,E,E-prop,4,T,T-syn
pressure,stress,I,I-contin,T,T-syn,12,T,T-syn
pressure,tire,E,E-whole,E,E-whole,3,E,E-comp
process,computer,E,E-whole,E,E-whole,2,S,S-obj
process,server,E,E-whole,E,E-whole,1,S,S-agent
process,think,S,S-action,S,S-action,3,I,I-contin
product,thing,T,T-super,T,T-super,4,T,T-syn
project,plan,S,S-obj,S,S-obj,2,S,S-obj
project,school,S,S-loc,S,S-loc,3,S,S-loc
psychologist,brain,S,S-context,S,S-context,4,S,S-obj
psychologist,mind,S,S-obj,S,S-context,5,S,S-obj
psychologist,psychiatrist,T,T-coord,T,T-coord,2,T,T-coord
psychology,brain,S,S-obj,S,S-context,8,S,S-loc
psychology,doctor,T,T-coord,S,S-agent,1,S,S-agent
psychology,mind,S,S-obj,S,S-context,11,T,T-super
pudding,chocolate,T,T-sub,T,T-sub,15,E,E-comp
pudding,sweet,E,E-prop,E,E-prop,6,E,E-prop
pudding,vanilla,T,T-sub,T,T-sub,4,E,E-comp
pumpkin,patch,S,S-loc,S,S-loc,2,S,S-loc
pumpkin,squash,T,T-syn,T,T-coord,5,T,T-coord
pyramid,Egypt,S,S-loc,S,S-loc,26,S,S-loc
pyramid,Egyptian,S,S-loc,S,S-loc,3,S,S-context
pyramid,Giza,S,S-loc,S,S-loc,2,S,S-loc
pyramid,triangle,E,E-prop,E,E-prop,8,T,T-syn
quality,good,E,E-state,E,E-state,10,I,I-eval
quality,high,E,E-state,E,E-state,3,E,E-state
quality,quantity,T,T-ant,T,T-ant,8,T,T-ant
rabbit,bunny,T,T-syn,T,T-syn,15,T,T-syn
rabbit,hare,T,T-sub,T,T-coord,6,T,T-syn
rabbit,white,E,E-prop,E,E-prop,4,E,E-prop
radiation,cancer,S,S-context,S,S-context,7,I,I-contin
radiation,nuclear,T,T-sub,T,T-sub,9,E,E-prop
radio,broadcast,S,S-action,S,S-function,3,E,E-beh
radio,music,S,S-function,S,S-obj,12,S,S-obj
radio,news,S,S-obj,S,S-obj,5,S,S-function
rain,cloud,S,S-obj,S,S-obj,4,E,E-whole
rain,drop,S,S-action,E,E-state,3,E,E-comp
rain,snow,T,T-coord,T,T-coord,4,T,T-coord
rain,water,E,E-comp,E,E-comp,10,T,T-syn
rainbow,color,E,E-comp,E,E-prop,6,E,E-prop
rainbow,colors,E,E-comp,E,E-prop,11,E,E-comp
rainbow,double,S,S-targetstate,S,S-targetstate,3,E,E-prop
raincoat,Mac,T,T-syn,T,T-sub,4,T,T-coord
raincoat,rain,S,S-time,S,S-time,9,S,S-function
raincoat,slicker,T,T-syn,T,T-sub,2,T,T-syn
raincoat,yellow,E,E-prop,E,E-prop,9,E,E-prop
range,shooting,S,S-action,T,T-sub,2,S,S-action
rape,violence,S,S-targetstate,E,E-prop,5,S,S-obj
reality,life,I,I-contin,I,I-contin,7,T,T-syn
reality,truth,E,E-prop,E,E-prop,4,T,T-syn
record,music,S,S-obj,S,S-obj,8,E,E-comp
record,write,T,T-syn,S,S-action,4,S,S-action
refugee,camp,S,S-loc,S,S-loc,4,S,S-loc
relationship,love,I,I-emo,I,I-emo,14,E,E-state
relationship,marriage,S,S-targetstate,S,S-targetstate,5,T,T-sub
relationship,together,I,I-contin,E,E-prop,2,E,E-beh
religion,atheism,T,T-sub,T,T-ant,2,T,T-ant
religion,church,S,S-loc,S,S-loc,6,S,S-loc
religion,faith,E,E-prop,E,E-comp,6,T,T-syn
resident,alien,T,T-sub,T,T-sub,5,T,T-ant
resident,citizen,T,T-coord,T,T-sub,3,T,T-syn
respect,admire,T,T-coord,T,T-coord,4,T,T-syn
respect,Aretha,I,I-contin,I,I-contin,4,I,I-contin
respect,authority,S,S-obj,S,S-obj,2,S,S-function
respect,elders,S,S-agent,S,S-agent,1,S,S-agent
respect,honor,T,T-coord,T,T-coord,10,T,T-syn
rest,bed,S,S-loc,S,S-obj,4,S,S-loc
rest,nap,T,T-sub,T,T-sub,5,T,T-syn
rest,relax,T,T-sub,T,T-sub,7,T,T-syn
rest,sleep,T,T-sub,T,T-sub,19,T,T-syn
rest,stop,S,S-action,S,S-action,5,S,S-loc
revenge,evil,I,I-eval,I,I-eval,3,T,T-syn
revolution,Beatles,I,I-contin,I,I-contin,3,I,I-contin
revolution,change,E,E-prop,E,E-prop,7,S,S-action
revolution,evolution,T,T-coord,T,T-coord,2,T,T-coord
ride,bike,S,S-obj,S,S-obj,10,S,S-action
ride,car,S,S-obj,S,S-obj,15,S,S-obj
ride,horse,S,S-agent,S,S-agent,16,S,S-action
ride,park,S,S-action,S,S-loc,3,S,S-loc
ride,roller coaster,T,T-sub,T,T-sub,2,S,S-function
risk,averse,S,S-context,S,S-context,1,T,T-ant
risk,danger,I,I-eval,I,I-eval,9,T,T-syn
risk,reward,I,I-contin,E,E-prop,5,I,I-contin
roof,ceiling,E,E-comp,E,E-comp,5,T,T-coord
roof,shingle,E,E-comp,E,E-comp,4,E,E-comp
roof,shingles,E,E-comp,E,E-comp,5,E,E-comp
roof,top,S,S-loc,S,S-loc,11,E,E-comp
room,bed,S,S-obj,S,S-obj,5,S,S-obj
room,bedroom,T,T-sub,T,T-sub,2,T,T-syn
room,house,E,E-whole,E,E-whole,6,E,E-whole
room,living,T,T-sub,T,T-sub,4,E,E-whole
room,space,T,T-super,E,E-prop,17,T,T-syn
roommate,flatmate,T,T-coord,T,T-syn,3,T,T-syn
roommate,friend,I,I-eval,I,I-eval,11,T,T-coord
root,plant,E,E-whole,E,E-whole,6,E,E-whole
rope,string,T,T-syn,T,T-coord,5,T,T-syn
ruler,length,E,E-prop,E,E-prop,3,S,S-function
ruler,measure,S,S-function,S,S-action,11,S,S-function
sacrifice,blood,S,S-obj,T,T-sub,6,S,S-obj
sacrifice,death,I,I-contin,E,E-state,6,I,I-contin
sacrifice,kill,T,T-syn,E,E-beh,1,S,S-action
salad,dressing,S,S-obj,S,S-obj,7,S,S-obj
salad,green,E,E-prop,E,E-prop,12,E,E-prop
salad,lettuce,T,T-syn,E,E-comp,12,E,E-comp
salad,toss,S,S-action,S,S-action,2,S,S-action
salmon,acid,E,E-comp,E,E-comp,0,E,E-comp
salmon,pink,E,E-prop,E,E-prop,12,E,E-prop
salt,pepper,T,T-coord,S,S-obj,15,T,T-coord
salt,salty,E,E-prop,E,E-prop,2,E,E-prop
salt,sea,E,E-whole,E,E-whole,5,S,S-loc
salt,sugar,T,T-ant,T,T-ant,3,T,T-coord
sand,beach,E,E-whole,E,E-whole,21,S,S-loc
sand,castle,T,T-super,T,T-super,5,S,S-obj
sand,grain,E,E-comp,E,E-comp,2,E,E-comp
sand,sea,S,S-loc,S,S-loc,5,S,S-loc
sandwich,bread,T,T-coord,E,E-comp,14,E,E-comp
sandwich,ham,S,S-obj,S,S-obj,6,E,E-comp
sandwich,meat,S,S-obj,S,S-obj,5,E,E-comp
satellite,moon,T,T-super,S,S-obj,8,T,T-coord
satellite,orbit,E,E-prop,E,E-beh,5,S,S-loc
sauce,gravy,T,T-sub,T,T-sub,3,T,T-syn
sauce,ketchup,T,T-sub,T,T-sub,3,T,T-coord
sauce,pasta,S,S-obj,S,S-obj,4,S,S-obj
sauce,spaghetti,S,S-obj,S,S-obj,4,S,S-obj
sauce,tomato,T,T-sub,T,T-sub,10,E,E-comp
sausage,fest,S,S-time,S,S-time,4,S,S-obj
sausage,meat,E,E-comp,E,E-comp,9,E,E-comp
sausage,penis,I,I-contin,T,T-syn,2,I,I-contin
sausage,pork,E,E-comp,T,T-sub,5,E,E-comp
scandal,politics,S,S-obj,T,T-sub,5,S,S-obj
scandal,sex,T,T-sub,T,T-sub,7,S,S-obj
scarf,hat,T,T-coord,T,T-coord,3,T,T-coord
scarf,neck,S,S-loc,S,S-loc,11,S,S-loc
scarf,warm,E,E-prop,E,E-prop,10,E,E-prop
scholarship,free,I,I-contin,E,E-prop,3,I,I-contin
scholarship,money,S,S-obj,S,S-obj,13,E,E-comp
scholarship,school,S,S-loc,S,S-loc,8,S,S-loc
scholarship,study,S,S-action,S,S-action,6,S,S-function
school,building,T,T-super,S,S-loc,2,T,T-syn
school,days,S,S-time,S,S-time,2,S,S-time
school,learn,S,S-function,S,S-function,7,S,S-function
school,work,T,T-coord,S,S-action,6,S,S-function
science,art,T,T-ant,T,T-ant,2,T,T-ant
science,knowledge,E,E-prop,E,E-comp,4,T,T-syn
science,lab,S,S-loc,S,S-loc,3,S,S-loc
sculpture,marble,E,E-comp,E,E-prop,8,E,E-comp
sculpture,statue,T,T-syn,T,T-sub,6,T,T-syn
seaweed,green,E,E-prop,E,E-prop,11,E,E-prop
seaweed,sushi,E,E-whole,S,S-obj,8,E,E-whole
sentence,period,E,E-comp,E,E-comp,9,E,E-comp
sentence,phrase,T,T-syn,T,T-syn,4,T,T-coord
sentence,structure,E,E-prop,E,E-prop,3,E,E-whole
service,customer,T,T-sub,T,T-sub,3,S,S-agent
service,help,T,T-coord,E,E-prop,6,T,T-syn
service,military,T,T-sub,T,T-sub,5,T,T-super
service,work,T,T-coord,T,T-super,2,T,T-syn
sex,bed,S,S-loc,S,S-loc,3,S,S-loc
sex,female,T,T-sub,E,E-state,8,T,T-super
sex,gender,T,T-syn,T,T-ant,13,T,T-syn
sex,love,S,S-targetstate,S,S-context,6,I,I-emo
sex,male,T,T-sub,E,E-state,8,T,T-super
shadow,dark,E,E-prop,E,E-prop,13,E,E-prop
shadow,darkness,E,E-comp,E,E-comp,3,T,T-syn
shadow,light,T,T-ant,S,S-obj,8,T,T-ant
shadow,shade,E,E-prop,E,E-prop,3,T,T-syn
shape,form,T,T-syn,T,T-coord,7,T,T-syn
shark,attack,S,S-action,S,S-action,4,E,E-beh
shark,bite,S,S-action,S,S-action,3,E,E-beh
shark,fin,E,E-comp,E,E-comp,5,E,E-comp
shark,teeth,E,E-comp,E,E-comp,13,E,E-comp
sheep,cow,S,S-agent,T,T-coord,3,T,T-coord
sheep,dog,S,S-agent,S,S-agent,2,S,S-agent
sheep,lamb,T,T-sub,T,T-sub,6,T,T-sub
sheep,wool,E,E-comp,E,E-comp,20,E,E-comp
shorts,bermuda,T,T-sub,T,T-sub,3,T,T-coord
shorts,pants,T,T-sub,T,T-super,12,T,T-coord
shoulder,arm,T,T-coord,E,E-whole,12,E,E-whole
shoulder,body,E,E-whole,E,E-whole,5,E,E-whole
shoulder,cry,S,S-action,S,S-action,6,S,S-obj
shoulder,head,T,T-coord,T,T-coord,2,E,E-whole
shoulder,neck,T,T-coord,T,T-coord,3,T,T-coord
silver,gold,T,T-ant,T,T-coord,21,T,T-coord
singer,songwriter,T,T-coord,T,T-coord,3,T,T-coord
singer,stage,S,S-loc,S,S-loc,3,S,S-loc
sister,brother,T,T-ant,T,T-ant,17,T,T-coord
sister,friend,S,S-context,S,S-context,6,T,T-coord
skateboard,park,S,S-loc,S,S-loc,6,S,S-loc
skateboard,punk,S,S-agent,S,S-agent,4,S,S-obj
skin,flesh,T,T-coord,T,T-coord,3,T,T-syn
skin,soft,E,E-prop,E,E-prop,7,E,E-prop
skin,tight,S,S-targetstate,S,S-targetstate,1,E,E-prop
sky,above,S,S-loc,S,S-loc,1,S,S-loc
sky,blue,E,E-prop,E,E-prop,28,E,E-prop
sky,cloud,S,S-obj,S,S-obj,7,E,E-whole
sky,heaven,T,T-super,T,T-sub,2,I,I-contin
slave,black,E,E-prop,E,E-prop,12,S,S-context
slave,chains,S,S-obj,S,S-obj,4,S,S-obj
slave,master,T,T-ant,T,T-ant,4,S,S-agent
slave,worker,T,T-sub,T,T-super,1,T,T-syn
snail,shell,E,E-comp,E,E-comp,18,E,E-comp
snail,slow,E,E-prop,E,E-prop,18,E,E-prop
snail,trail,S,S-obj,S,S-obj,3,E,E-beh
snake,grass,S,S-loc,S,S-loc,3,S,S-loc
socialism,Marxism,T,T-coord,T,T-sub,5,T,T-syn
socialism,politics,S,S-obj,S,S-time,5,T,T-super
socialism,red,E,E-prop,E,E-prop,3,E,E-prop
society,community,T,T-super,T,T-sub,3,T,T-syn
society,culture,E,E-prop,E,E-comp,4,T,T-syn
society,group,T,T-super,T,T-super,9,T,T-syn
society,high,T,T-sub,T,T-sub,5,I,I-eval
society,people,E,E-comp,E,E-comp,10,T,T-syn
soldier,army,E,E-whole,E,E-whole,8,T,T-super
soldier,gun,E,E-comp,S,S-obj,6,S,S-obj
soldier,military,E,E-whole,E,E-whole,3,T,T-super
soldier,war,S,S-time,S,S-time,14,S,S-agent
son,daughter,T,T-ant,T,T-ant,18,T,T-coord
soup,bowl,S,S-loc,S,S-obj,5,S,S-obj
soup,chicken,T,T-sub,T,T-sub,6,E,E-comp
soup,hot,E,E-state,E,E-state,6,E,E-prop
soup,warm,E,E-state,E,E-prop,4,E,E-prop
speech,communication,T,T-super,T,T-super,1,T,T-syn
speech,tongue,S,S-obj,S,S-obj,2,E,E-comp
speech,words,E,E-comp,E,E-comp,5,E,E-comp
spell,check,S,S-action,S,S-action,5,S,S-action
spell,magic,E,E-prop,E,E-prop,4,S,S-obj
spider,arachnid,T,T-syn,T,T-super,6,T,T-super
spider,bite,S,S-action,S,S-action,4,E,E-beh
spider,web,S,S-loc,S,S-loc,15,E,E-comp
spoon,eat,S,S-function,S,S-action,3,S,S-function
spoon,soup,S,S-obj,S,S-obj,5,S,S-obj
sport,game,E,E-comp,E,E-comp,5,T,T-syn
spring,flowers,S,S-obj,S,S-obj,9,S,S-time
squirrel,tree,S,S-loc,S,S-loc,9,S,S-loc
stomach,ache,S,S-context,S,S-context,9,E,E-state
stomach,flu,S,S-context,S,S-context,2,S,S-obj
stomach,gut,T,T-syn,T,T-coord,6,T,T-syn
stone,hard,E,E-prop,E,E-prop,9,E,E-prop
story,tale,T,T-syn,T,T-syn,17,T,T-syn
story,teller,S,S-agent,S,S-agent,3,S,S-agent
story,telling,S,S-action,S,S-action,2,E,E-beh
story,time,S,S-time,S,S-time,5,S,S-time
stranger,candy,S,S-obj,S,S-obj,2,S,S-obj
stranger,dark,S,S-context,S,S-context,3,S,S-context
stranger,person,T,T-super,S,S-agent,3,T,T-syn
stranger,unknown,E,E-prop,E,E-prop,10,E,E-prop
straw,drink,S,S-obj,S,S-action,12,S,S-function
straw,hay,T,T-coord,T,T-coord,15,T,T-syn
strawberry,fields,S,S-loc,S,S-loc,6,S,S-loc
strawberry,raspberry,T,T-coord,T,T-coord,3,T,T-coord
street,address,E,E-whole,E,E-prop,4,S,S-loc
street,car,S,S-obj,S,S-obj,5,S,S-loc
street,road,T,T-coord,T,T-coord,17,T,T-syn
structure,building,T,T-sub,T,T-sub,27,T,T-syn
structure,edifice,T,T-sub,T,T-sub,1,T,T-syn
struggle,challenge,T,T-coord,T,T-coord,1,T,T-syn
struggle,fight,T,T-coord,T,T-coord,14,T,T-syn
struggle,hard,E,E-prop,E,E-prop,6,I,I-eval
struggle,try,E,E-prop,S,S-action,2,T,T-syn
success,goal,S,S-obj,E,E-prop,2,I,I-contin
success,rich,I,I-contin,E,E-prop,1,I,I-contin
success,win,T,T-syn,S,S-action,8,T,T-syn
success,winning,S,S-action,S,S-action,3,T,T-syn
suicide,death,E,E-state,E,E-prop,18,T,T-syn
suicide,die,I,I-contin,I,I-contin,2,S,S-action
sunrise,orange,E,E-prop,E,E-prop,4,E,E-prop
sunrise,sun,S,S-obj,E,E-comp,5,E,E-whole
sunrise,sunset,T,T-ant,T,T-ant,15,T,T-ant
sunset,beach,S,S-loc,S,S-loc,7,S,S-loc
sunset,orange,E,E-prop,E,E-state,8,E,E-prop
sunset,sunrise,T,T-ant,T,T-ant,7,T,T-ant
supermarket,groceries,S,S-obj,S,S-obj,5,S,S-obj
supermarket,grocery,S,S-obj,S,S-obj,5,T,T-syn
supermarket,shop,T,T-super,T,T-super,4,T,T-syn
supermarket,store,T,T-super,T,T-super,5,T,T-syn
swan,dive,S,S-action,S,S-action,2,S,S-action
swan,graceful,I,I-eval,E,E-prop,4,I,I-eval
swan,lake,S,S-loc,S,S-loc,10,S,S-loc
swan,white,E,E-prop,E,E-state,13,E,E-prop
sweater,jumper,T,T-coord,T,T-coord,6,T,T-syn
sweater,warm,E,E-prop,E,E-prop,12,E,E-prop
sweater,wool,E,E-comp,E,E-comp,8,E,E-comp
sword,fight,S,S-action,S,S-action,7,S,S-action
sword,sharp,E,E-prop,E,E-prop,4,E,E-prop
sword,shield,S,S-obj,S,S-obj,4,T,T-coord
tail,cat,E,E-whole,E,E-prop,9,E,E-whole
tail,dog,E,E-whole,E,E-prop,12,E,E-whole
tail,end,T,T-syn,S,S-targetstate,6,E,E-whole
tail,head,T,T-ant,T,T-ant,3,T,T-coord
tattoo,arm,S,S-loc,S,S-loc,2,S,S-loc
tattoo,art,T,T-super,T,T-super,5,T,T-sub
tax,evasion,S,S-action,S,S-action,2,S,S-action
tax,government,S,S-agent,S,S-agent,5,S,S-agent
tax,income,T,T-sub,T,T-sub,6,S,S-obj
tax,money,E,E-comp,E,E-comp,13,E,E-comp
tax,pay,S,S-action,S,S-action,3,S,S-action
tea,coffee,T,T-coord,T,T-coord,9,T,T-coord
tea,cup,S,S-loc,S,S-obj,5,S,S-obj
tea,drink,T,T-super,S,S-action,7,T,T-syn
tea,party,S,S-time,S,S-time,6,S,S-obj
teacher,professor,T,T-sub,T,T-sub,3,T,T-syn
teenager,acne,E,E-comp,E,E-prop,2,E,E-prop
teenager,angst,E,E-prop,E,E-prop,3,I,I-emo
teenager,kid,T,T-coord,T,T-syn,3,T,T-coord
teenager,youth,T,T-coord,T,T-syn,4,T,T-syn
teeth,bite,S,S-function,S,S-action,5,S,S-action
teeth,clean,S,S-targetstate,S,S-action,1,E,E-state
telescope,galileo,I,I-contin,I,I-contin,1,S,S-agent
telescope,space,S,S-obj,S,S-loc,6,S,S-loc
telescope,star,S,S-obj,S,S-obj,3,S,S-obj
telescope,stars,S,S-obj,S,S-obj,19,S,S-obj
tennis,ball,S,S-obj,E,E-comp,18,S,S-obj
tennis,balls,S,S-obj,S,S-obj,2,S,S-obj
tennis,racquet,S,S-obj,E,E-comp,7,S,S-obj
tent,camp,S,S-action,S,S-action,5,S,S-loc
tent,camping,S,S-loc,S,S-action,19,S,S-function
tent,pitch,S,S-action,S,S-action,5,S,S-action
tent,pole,E,E-comp,E,E-comp,3,E,E-comp
tent,pup,T,T-sub,T,T-sub,2,T,T-coord
theory,Einstein,S,S-agent,S,S-agent,2,S,S-agent
theory,hypothesis,E,E-comp,E,E-comp,7,T,T-coord
theory,practice,T,T-ant,T,T-ant,2,T,T-coord
theory,science,E,E-whole,E,E-whole,10,T,T-sub
thermometer,heat,S,S-context,S,S-context,6,S,S-function
thermometer,mercury,E,E-comp,E,E-comp,8,E,E-comp
thief,burglar,T,T-coord,T,T-syn,5,T,T-syn
thief,crook,T,T-coord,T,T-super,2,T,T-syn
thief,robber,T,T-coord,T,T-syn,10,T,T-syn
thief,steal,E,E-beh,E,E-beh,13,E,E-beh
throat,cut,S,S-action,S,S-action,2,S,S-action
throat,neck,T,T-coord,E,E-whole,10,T,T-syn
throat,sore,S,S-targetstate,S,S-targetstate,13,E,E-state
thumb,finger,T,T-super,T,T-coord,18,T,T-coord
thumb,nail,E,E-comp,E,E-comp,10,E,E-comp
tiger,lion,T,T-coord,T,T-coord,13,T,T-coord
tiger,stripes,E,E-comp,E,E-prop,14,E,E-prop
time,hour,E,E-comp,E,E-comp,4,T,T-syn
time,minute,E,E-comp,E,E-comp,1,T,T-super
toe,big,T,T-sub,T,T-sub,5,E,E-prop
toe,nail,E,E-comp,E,E-comp,12,E,E-comp
toe,stub,S,S-targetstate,S,S-action,4,S,S-action
tongue,cheek,T,T-coord,T,T-coord,5,T,T-coord
tongue,language,T,T-syn,T,T-syn,4,S,S-function
tongue,mouth,S,S-loc,S,S-loc,14,E,E-whole
toothbrush,clean,S,S-context,S,S-action,6,S,S-function
toothbrush,tooth,S,S-obj,S,S-obj,3,S,S-obj
towel,dry,S,S-function,S,S-action,13,S,S-function
towel,wet,S,S-context,S,S-context,10,E,E-state
tower,castle,E,E-whole,S,S-loc,8,T,T-coord
tower,Eiffel,T,T-sub,T,T-sub,3,S,S-loc
tower,London,S,S-loc,T,T-sub,3,S,S-loc
tower,tall,E,E-prop,E,E-prop,10,E,E-prop
toy,car,T,T-sub,T,T-sub,2,T,T-super
toy,game,S,S-time,T,T-coord,4,T,T-coord
tradition,Christmas,T,T-sub,T,T-sub,6,S,S-time
tradition,culture,E,E-whole,E,E-whole,4,T,T-syn
tradition,family,S,S-agent,S,S-agent,10,S,S-obj
tradition,old,E,E-prop,E,E-prop,5,T,T-ant
tragedy,comedy,T,T-ant,T,T-ant,5,T,T-ant
tragedy,death,T,T-sub,S,S-time,8,S,S-obj
tragedy,Shakespeare,I,I-contin,S,S-agent,7,S,S-agent
trap,bear,S,S-agent,T,T-sub,4,S,S-obj
trap,catch,T,T-super,S,S-action,5,S,S-action
trap,mouse,T,T-sub,T,T-sub,8,S,S-obj
tree,branch,E,E-comp,E,E-comp,7,E,E-comp
tree,bush,T,T-coord,T,T-coord,2,T,T-coord
tree,green,E,E-prop,E,E-state,9,E,E-prop
tree,oak,T,T-sub,T,T-sub,3,T,T-sub
tribe,Africa,S,S-loc,S,S-loc,2,S,S-loc
tribe,group,T,T-super,T,T-super,12,T,T-syn
tribe,Indian,T,T-sub,T,T-sub,8,T,T-coord
tribe,Indians,T,T-sub,T,T-sub,3,T,T-coord
tribe,Native American,T,T-sub,T,T-sub,3,T,T-coord
truth,honest,I,I-contin,E,E-prop,5,T,T-syn
truth,lie,T,T-ant,T,T-ant,10,T,T-ant
truth,lies,T,T-ant,T,T-ant,5,T,T-ant
tunnel,dark,E,E-prop,E,E-prop,7,E,E-prop
tunnel,hole,E,E-comp,E,E-comp,6,T,T-syn
tunnel,train,S,S-obj,S,S-obj,7,S,S-loc
uncle,aunt,T,T-ant,T,T-ant,17,T,T-coord
uncle,family,T,T-super,E,E-whole,5,T,T-sub
university,college,T,T-coord,T,T-coord,16,T,T-syn
university,education,S,S-function,S,S-function,9,T,T-super
university,learning,S,S-function,S,S-function,5,S,S-function
university,school,T,T-super,T,T-super,10,T,T-super
valley,green,E,E-prop,E,E-prop,10,E,E-prop
valley,hill,E,E-comp,E,E-comp,7,T,T-ant
valley,hills,E,E-comp,E,E-comp,4,S,S-loc
valley,mountain,E,E-comp,E,E-comp,5,T,T-coord
value,cost,T,T-syn,E,E-prop,6,T,T-syn
value,money,E,E-whole,E,E-whole,11,T,T-syn
value,price,T,T-syn,E,E-prop,6,T,T-syn
victim,blood,S,S-obj,S,S-obj,1,E,E-comp
victim,crime,S,S-time,S,S-time,14,S,S-obj
victim,hurt,S,S-targetstate,S,S-targetstate,6,S,S-action
victim,murder,S,S-action,S,S-action,6,S,S-agent
victim,rape,S,S-action,S,S-action,5,S,S-agent
video,film,T,T-sub,T,T-sub,5,T,T-syn
video,movie,T,T-sub,T,T-sub,11,T,T-syn
village,hamlet,T,T-syn,T,T-syn,2,T,T-syn
village,people,E,E-comp,E,E-comp,6,S,S-agent
village,small,E,E-state,E,E-prop,7,E,E-prop
village,town,T,T-coord,T,T-coord,20,T,T-coord
vinegar,salt,T,T-coord,T,T-coord,5,T,T-coord
vinegar,wine,T,T-coord,I,I-contin,6,T,T-ant
violence,anger,I,I-emo,I,I-emo,4,I,I-emo
violence,blood,S,S-obj,S,S-obj,6,S,S-obj
violence,crime,S,S-obj,S,S-action,4,T,T-syn
violin,cello,T,T-coord,T,T-coord,3,T,T-coord
violin,music,S,S-function,S,S-function,12,S,S-function
violin,strings,E,E-comp,E,E-comp,6,E,E-comp
violin,viola,T,T-coord,T,T-coord,6,T,T-coord
visa,Mastercard,T,T-coord,T,T-coord,5,T,T-coord
visa,passport,S,S-obj,S,S-obj,14,T,T-coord
visa,travel,S,S-action,S,S-action,15,S,S-function
vocabulary,dictionary,S,S-obj,S,S-obj,8,S,S-obj
vocabulary,language,E,E-whole,E,E-whole,6,T,T-super
vocabulary,large,S,S-targetstate,E,E-prop,3,E,E-prop
vocabulary,word,E,E-comp,E,E-comp,3,T,T-super
vocabulary,words,E,E-comp,E,E-comp,21,T,T-super
volcano,eruption,E,E-beh,S,S-action,8,E,E-beh
volcano,fire,E,E-comp,E,E-comp,5,E,E-beh
volcano,lava,E,E-comp,E,E-comp,21,E,E-comp
volleyball,ball,T,T-super,T,T-super,5,T,T-super
volleyball,beach,S,S-loc,S,S-loc,9,S,S-loc
volleyball,game,S,S-time,S,S-time,7,T,T-super
volleyball,net,S,S-obj,S,S-obj,15,S,S-obj
water,drink,T,T-super,S,S-action,9,S,S-action
water,liquid,T,T-super,E,E-state,6,T,T-syn
water,wet,E,E-prop,E,E-prop,6,E,E-prop
watermelon,juicy,E,E-prop,E,E-prop,6,E,E-prop
watermelon,seed,E,E-comp,E,E-comp,4,E,E-comp
wealth,greed,S,S-context,I,I-eval,1,I,I-contin
weather,climate,E,E-whole,E,E-whole,3,T,T-syn
weather,cold,E,E-state,E,E-state,5,E,E-prop
weather,rain,T,T-sub,T,T-sub,16,E,E-comp
weather,sunny,T,T-sub,T,T-sub,4,E,E-state
wedding,bells,S,S-obj,S,S-obj,5,S,S-obj
wedding,day,S,S-time,S,S-time,4,S,S-time
wedding,white,S,S-context,S,S-context,8,S,S-context
weight,fat,I,I-contin,I,I-contin,10,T,T-coord
weight,heavy,E,E-state,E,E-state,10,T,T-syn
weight,height,T,T-coord,T,T-coord,5,T,T-ant
weight,mass,T,T-syn,T,T-coord,7,T,T-syn
whale,blue,T,T-sub,T,T-sub,8,E,E-prop
whale,fish,T,T-super,S,S-agent,5,T,T-super
wheat,bread,E,E-whole,E,E-whole,19,E,E-whole
wheat,chaff,E,E-comp,E,E-comp,2,E,E-comp
wheat,flour,S,S-targetstate,E,E-state,3,E,E-whole
wheat,grain,T,T-super,T,T-super,6,E,E-whole
wheel,car,E,E-whole,E,E-whole,15,E,E-comp
wheel,circle,E,E-prop,E,E-prop,3,T,T-syn
wheel,tire,E,E-comp,E,E-comp,5,E,E-comp
width,breadth,T,T-coord,T,T-coord,8,T,T-syn
width,girth,T,T-coord,T,T-coord,4,T,T-syn
width,height,T,T-ant,T,T-ant,9,T,T-ant
width,length,T,T-ant,T,T-ant,13,T,T-coord
width,wide,E,E-state,E,E-state,12,T,T-syn
wife,husband,T,T-ant,T,T-ant,16,T,T-coord
wife,mother,T,T-coord,S,S-context,5,T,T-coord
wife,spouse,T,T-syn,T,T-super,11,T,T-syn
wife,woman,E,E-prop,E,E-prop,9,T,T-syn
wind,blow,E,E-beh,E,E-beh,10,E,E-beh
wind,breeze,T,T-syn,T,T-sub,6,T,T-syn
wolf,dog,T,T-coord,T,T-super,15,T,T-super
woman,beauty,E,E-prop,I,I-contin,2,I,I-eval
woman,female,T,T-super,E,E-prop,13,T,T-syn
woman,girl,T,T-sub,T,T-ant,8,T,T-super
woman,lady,T,T-sub,T,T-syn,6,T,T-syn
wool,cotton,T,T-coord,T,T-coord,2,T,T-coord
wool,itchy,E,E-prop,E,E-prop,3,E,E-prop
wool,lamb,E,E-whole,E,E-whole,2,E,E-whole
wool,sheep,E,E-whole,E,E-whole,25,E,E-whole
wool,sweater,E,E-whole,E,E-whole,5,E,E-whole
worker,ant,T,T-super,T,T-super,2,T,T-coord
worker,construction,T,T-sub,S,S-agent,3,S,S-loc
worker,employee,T,T-syn,T,T-syn,6,T,T-syn
wrinkle,age,I,I-contin,I,I-contin,6,E,E-prop
wrinkle,old,S,S-time,S,S-time,15,E,E-prop
wrinkle,skin,S,S-targetstate,S,S-targetstate,9,E,E-whole
wrist,arm,E,E-whole,E,E-whole,9,E,E-whole
wrist,hand,E,E-comp,E,E-comp,16,T,T-super
wrist,joint,T,T-super,T,T-super,4,E,E-comp
wrist,watch,S,S-obj,S,S-obj,12,S,S-obj
year,age,E,E-prop,E,E-prop,7,T,T-syn
year,calendar,S,S-obj,S,S-obj,3,S,S-loc
year,month,E,E-comp,E,E-comp,7,T,T-super
year,time,E,E-prop,E,E-prop,11,T,T-syn
yoga,mat,S,S-obj,S,S-obj,4,S,S-obj
yoga,pants,S,S-obj,S,S-obj,5,S,S-obj
yoga,relax,S,S-function,E,E-prop,3,S,S-function
yoga,stretch,S,S-action,S,S-action,9,S,S-action
yogurt,bacteria,E,E-comp,S,S-obj,4,E,E-comp
yogurt,dairy,T,T-super,T,T-super,9,T,T-super
yogurt,Greek,T,T-sub,T,T-sub,8,E,E-comp
yogurt,milk,E,E-comp,E,E-comp,5,E,E-comp
zoo,animal,S,S-agent,S,S-agent,9,S,S-loc
zoo,animals,S,S-agent,S,S-agent,17,S,S-obj
zoo,keeper,S,S-agent,S,S-agent,2,S,S-agent
ability,skill,T,T-syn,T,T-syn,11,T,T-syn
achievement,accomplishment,T,T-syn,T,T-syn,5,T,T-syn
achievement,trophy,S,S-obj,S,S-obj,3,S,S-obj
activity,exercise,T,T-sub,T,T-sub,6,T,T-syn
activity,game,T,T-sub,T,T-sub,2,T,T-syn
activity,movement,T,T-sub,T,T-sub,4,T,T-syn
activity,play,T,T-sub,T,T-sub,7,S,S-action
activity,sport,T,T-sub,T,T-sub,4,T,T-super
adventure,fun,I,I-eval,I,I-eval,8,I,I-eval
adventure,map,S,S-obj,S,S-obj,1,S,S-obj
air,oxygen,E,E-comp,E,E-comp,9,E,E-comp
air,plane,S,S-obj,S,S-obj,5,S,S-obj
airport,airplane,S,S-obj,S,S-obj,3,S,S-loc
airport,fly,S,S-action,S,S-action,3,S,S-action
alcohol,beer,T,T-sub,T,T-sub,10,T,T-coord
alcohol,booze,T,T-syn,T,T-syn,8,T,T-syn
alcohol,wine,T,T-sub,T,T-sub,5,T,T-sub
ambulance,accident,S,S-time,S,S-time,4,S,S-loc
ambulance,emergency,S,S-time,S,S-time,13,S,S-function
anchor,boat,E,E-whole,E,E-whole,12,E,E-whole
anchor,ship,E,E-whole,E,E-whole,17,E,E-whole
apartment,condo,T,T-syn,T,T-syn,3,T,T-coord
apartment,flat,T,T-syn,T,T-syn,7,T,T-syn
apple,core,E,E-comp,E,E-comp,3,E,E-comp
apple,fruit,T,T-super,T,T-super,11,T,T-super
apple,orange,T,T-coord,T,T-coord,9,T,T-coord
apple,pear,T,T-coord,T,T-coord,6,T,T-coord
arrest,cops,S,S-agent,S,S-agent,2,S,S-agent
arrest,crime,S,S-time,S,S-time,6,S,S-action
arrest,police,S,S-agent,S,S-agent,16,S,S-agent
arrow,point,E,E-comp,E,E-comp,5,E,E-comp
art,painting,T,T-sub,T,T-sub,10,T,T-super
atom,small,E,E-prop,E,E-prop,8,E,E-prop
attack,war,S,S-time,S,S-time,6,S,S-time
attitude,mood,T,T-coord,T,T-coord,1,T,T-syn
attitude,outlook,T,T-syn,T,T-syn,3,T,T-syn
audience,people,E,E-comp,E,E-comp,6,T,T-syn
author,book,S,S-obj,S,S-obj,22,T,T-super
author,books,S,S-obj,S,S-obj,3,S,S-obj
autumn,fall,T,T-syn,T,T-syn,22,T,T-syn
autumn,leaves,S,S-obj,S,S-obj,24,E,E-comp
autumn,orange,S,S-context,S,S-context,4,E,E-prop
autumn,season,T,T-sub,T,T-sub,4,T,T-super
autumn,spring,T,T-coord,T,T-coord,4,T,T-ant
balance,equal,E,E-prop,E,E-prop,4,T,T-syn
balance,even,E,E-prop,E,E-prop,4,T,T-syn
balance,scale,S,S-obj,S,S-obj,5,T,T-syn
balance,scales,S,S-obj,S,S-obj,3,T,T-syn
ball,base,S,S-obj,S,S-obj,5,S,S-obj
ball,round,E,E-prop,E,E-prop,8,E,E-prop
ballet,dancing,S,S-action,S,S-action,2,S,S-action
ballet,tutu,S,S-obj,S,S-obj,5,S,S-obj
balloon,round,E,E-prop,E,E-prop,4,E,E-prop
bamboo,grass,T,T-coord,T,T-coord,3,T,T-super
banana,apple,T,T-coord,T,T-coord,3,T,T-coord
banana,fruit,T,T-super,T,T-super,18,T,T-super
banana,peel,E,E-comp,E,E-comp,5,E,E-comp
banana,yellow,E,E-prop,E,E-prop,21,E,E-prop
bandage,blood,S,S-obj,S,S-obj,6,S,S-obj
bandage,wound,S,S-obj,S,S-obj,13,S,S-obj
baseball,America,S,S-loc,S,S-loc,3,S,S-loc
baseball,game,T,T-super,T,T-super,5,T,T-super
baseball,sport,T,T-super,T,T-super,6,T,T-super
basement,cellar,T,T-syn,T,T-syn,9,T,T-syn
basket,container,T,T-super,T,T-super,4,T,T-syn
basket,weave,S,S-action,S,S-action,7,S,S-action
basketball,baseball,T,T-coord,T,T-coord,3,T,T-coord
basketball,sport,T,T-super,T,T-super,5,T,T-super
basketball,sports,T,T-super,T,T-super,3,T,T-super
bat,animal,T,T-super,T,T-super,4,T,T-super
bat,black,E,E-prop,E,E-prop,4,E,E-prop
bat,wings,E,E-comp,E,E-comp,3,E,E-comp
beach,sun,S,S-obj,S,S-obj,11,S,S-loc
bear,animal,T,T-super,T,T-super,6,T,T-super
bear,grizzly,T,T-sub,T,T-sub,7,T,T-sub
beast,animal,T,T-syn,T,T-syn,14,T,T-syn
bed,cot,T,T-sub,T,T-sub,2,T,T-syn
bed,sleep,S,S-action,S,S-action,25,S,S-function
bee,buzz,E,E-beh,E,E-beh,5,E,E-beh
bee,insect,T,T-super,T,T-super,4,T,T-super
beef,chicken,T,T-coord,T,T-coord,1,T,T-coord
beef,dinner,S,S-time,S,S-time,3,S,S-obj
beef,meat,T,T-super,T,T-super,13,T,T-super
beer,wine,T,T-coord,T,T-coord,4,T,T-coord
bikini,small,E,E-prop,E,E-prop,2,E,E-prop
bikini,summer,S,S-time,S,S-time,4,S,S-time
bird,flight,E,E-beh,E,E-beh,5,E,E-beh
bird,fly,E,E-beh,E,E-beh,16,E,E-beh
bird,free,I,I-contin,I,I-contin,1,I,I-emo
bird,robin,T,T-sub,T,T-sub,3,T,T-sub
bird,wings,E,E-comp,E,E-comp,7,E,E-comp
blackboard,chalk,S,S-obj,S,S-obj,27,S,S-obj
blackboard,chalkboard,T,T-syn,T,T-syn,2,T,T-syn
blackboard,school,S,S-loc,S,S-loc,16,S,S-loc
blackboard,teacher,S,S-agent,S,S-agent,9,S,S-agent
blackboard,whiteboard,T,T-ant,T,T-ant,5,T,T-coord
body,corpus,T,T-syn,T,T-syn,3,T,T-syn
body,mind,T,T-ant,T,T-ant,4,I,I-contin
bomb,terrorist,S,S-agent,S,S-agent,2,S,S-agent
bone,marrow,E,E-comp,E,E-comp,7,E,E-comp
bone,skeleton,E,E-whole,E,E-whole,10,E,E-whole
bone,white,E,E-prop,E,E-prop,8,E,E-prop
box,container,T,T-super,T,T-super,8,T,T-syn
box,square,E,E-prop,E,E-prop,10,T,T-syn
boxing,fight,S,S-action,S,S-action,9,S,S-action
boxing,fighting,S,S-action,S,S-action,4,S,S-action
boxing,ring,S,S-loc,S,S-loc,13,S,S-loc
bra,boobs,S,S-obj,S,S-obj,6,T,T-syn
bra,breast,S,S-obj,S,S-obj,5,S,S-obj
bra,breasts,S,S-obj,S,S-obj,9,E,E-whole
bra,support,S,S-function,S,S-function,6,S,S-function
brand,cattle,S,S-obj,S,S-obj,4,S,S-action
brand,label,T,T-syn,T,T-syn,3,T,T-syn
bread,butter,S,S-obj,S,S-obj,9,S,S-obj
bread,eat,S,S-action,S,S-action,2,S,S-action
bread,food,T,T-super,T,T-super,9,T,T-super
breakfast,lunch,T,T-coord,T,T-coord,6,T,T-coord
breakfast,meal,T,T-super,T,T-super,4,T,T-syn
bride,wedding,S,S-time,S,S-time,15,S,S-agent
bridge,connect,S,S-function,S,S-function,2,S,S-function
bridge,game,T,T-super,T,T-super,2,T,T-coord
bridge,river,S,S-obj,S,S-obj,7,S,S-loc
bridge,water,S,S-obj,S,S-obj,12,S,S-loc
businessman,businesswoman,T,T-ant,T,T-ant,4,T,T-coord
businessman,work,S,S-action,S,S-action,4,S,S-function
butter,cream,T,T-coord,T,T-coord,4,T,T-coord
butter,yellow,E,E-prop,E,E-prop,7,E,E-prop
cake,birthday,S,S-time,S,S-time,8,S,S-time
cake,dessert,T,T-super,T,T-super,4,T,T-super
camel,animal,T,T-super,T,T-super,4,T,T-super
camel,desert,S,S-loc,S,S-loc,20,S,S-loc
camel,hump,E,E-comp,E,E-comp,14,E,E-comp
cancer,chemotherapy,S,S-action,S,S-action,3,S,S-obj
cancer,death,I,I-contin,I,I-contin,10,I,I-contin
cancer,disease,T,T-super,T,T-super,8,T,T-syn
candle,wax,E,E-comp,E,E-comp,15,E,E-comp
candle,wick,E,E-comp,E,E-comp,4,E,E-comp
capitalism,greed,I,I-eval,I,I-eval,7,I,I-contin
capitalism,money,S,S-obj,S,S-obj,19,S,S-obj
car,auto,T,T-syn,T,T-syn,6,T,T-syn
car,automobile,T,T-syn,T,T-syn,4,T,T-syn
car,drive,S,S-action,S,S-action,7,S,S-action
car,truck,T,T-coord,T,T-coord,4,T,T-coord
car,vehicle,T,T-super,T,T-super,5,T,T-syn
carrot,orange,E,E-prop,E,E-prop,22,E,E-prop
carrot,vegetable,T,T-super,T,T-super,11,T,T-super
castle,moat,S,S-obj,S,S-obj,4,S,S-obj
cat,animal,T,T-super,T,T-super,2,T,T-super
cat,feline,T,T-syn,T,T-syn,7,T,T-syn
cat,meow,E,E-beh,E,E-beh,6,E,E-beh
ceiling,fan,S,S-obj,S,S-obj,5,S,S-obj
ceiling,floor,T,T-ant,T,T-ant,6,T,T-ant
ceiling,roof,T,T-syn,T,T-syn,17,T,T-syn
cell,jail,E,E-whole,E,E-whole,10,T,T-super
cell,prison,E,E-whole,E,E-whole,8,T,T-syn
champagne,drink,S,S-action,S,S-action,4,S,S-action
champagne,wine,T,T-coord,T,T-coord,9,T,T-syn
champion,winner,T,T-syn,T,T-syn,16,T,T-syn
charity,donation,S,S-action,S,S-action,3,S,S-obj
charity,give,S,S-action,S,S-action,6,S,S-function
charity,giving,S,S-action,S,S-action,6,T,T-syn
charity,good,I,I-eval,I,I-eval,4,I,I-eval
charity,money,S,S-obj,S,S-obj,10,S,S-obj
chemistry,science,T,T-super,T,T-super,15,T,T-sub
cherry,fruit,T,T-super,T,T-super,13,T,T-super
cherry,red,E,E-prop,E,E-prop,17,E,E-prop
childhood,kids,S,S-agent,S,S-agent,2,T,T-super
chimney,roof,S,S-loc,S,S-loc,2,E,E-whole
chin,face,E,E-whole,E,E-whole,15,E,E-whole
chin,mouth,T,T-coord,T,T-coord,5,T,T-coord
chocolate,candy,T,T-coord,T,T-coord,5,T,T-super
chocolate,sweet,E,E-prop,E,E-prop,9,E,E-prop
cigar,tobacco,E,E-comp,E,E-comp,4,E,E-comp
cigarette,butt,E,E-comp,E,E-comp,4,E,E-comp
cigarette,cancer,I,I-contin,I,I-contin,10,I,I-contin
cigarette,cigar,T,T-coord,T,T-coord,3,T,T-coord
cigarette,fag,T,T-syn,T,T-syn,2,T,T-syn
cinema,popcorn,S,S-obj,S,S-obj,9,S,S-obj
city,London,T,T-sub,T,T-sub,3,T,T-syn
city,New York,T,T-sub,T,T-sub,3,T,T-syn
city,town,T,T-coord,T,T-coord,14,T,T-coord
cliff,rock,E,E-comp,E,E-comp,6,E,E-comp
cloud,blue,S,S-context,S,S-context,3,E,E-prop
clown,circus,S,S-loc,S,S-loc,8,S,S-loc
clown,scary,I,I-eval,I,I-eval,9,I,I-emo
coconut,brown,E,E-prop,E,E-prop,4,E,E-prop
coffin,casket,T,T-syn,T,T-syn,3,T,T-syn
coffin,dead,S,S-context,S,S-context,12,S,S-obj
coffin,grave,S,S-loc,S,S-loc,6,S,S-loc
colony,Africa,T,T-sub,T,T-sub,2,S,S-loc
colony,America,T,T-sub,T,T-sub,3,S,S-loc
colony,ant,S,S-agent,S,S-agent,5,E,E-whole
colony,ants,S,S-agent,S,S-agent,9,T,T-super
comedy,laugh,S,S-action,S,S-action,10,E,E-beh
comedy,laughter,S,S-action,S,S-action,6,E,E-beh
company,business,T,T-syn,T,T-syn,10,T,T-syn
company,corporation,T,T-syn,T,T-syn,6,T,T-syn
competitor,opponent,T,T-syn,T,T-syn,2,T,T-coord
competitor,rival,T,T-syn,T,T-syn,5,T,T-syn
computer,internet,S,S-obj,S,S-obj,8,S,S-obj
computer,laptop,T,T-sub,T,T-sub,5,T,T-coord
computer,Mac,T,T-sub,T,T-sub,3,T,T-sub
concert,hall,S,S-loc,S,S-loc,5,S,S-loc
concert,play,S,S-action,S,S-action,2,S,S-action
conclusion,end,T,T-syn,T,T-syn,20,T,T-syn
conclusion,ending,T,T-syn,T,T-syn,7,T,T-syn
conclusion,finish,T,T-syn,T,T-syn,8,T,T-syn
conclusion,summary,T,T-syn,T,T-syn,7,T,T-syn
corn,food,T,T-super,T,T-super,3,T,T-super
corn,yellow,E,E-prop,E,E-prop,9,E,E-prop
corner,store,S,S-loc,S,S-loc,5,S,S-loc
corridor,doors,S,S-obj,S,S-obj,3,E,E-comp
cotton,field,S,S-loc,S,S-loc,5,S,S-loc
country,America,T,T-sub,T,T-sub,3,T,T-sub
country,land,T,T-syn,T,T-syn,4,T,T-syn
country,nation,T,T-syn,T,T-syn,6,T,T-syn
country,USA,T,T-sub,T,T-sub,4,T,T-sub
crab,crustacean,T,T-super,T,T-super,4,T,T-super
crab,sea,S,S-loc,S,S-loc,6,S,S-loc
cream,milk,E,E-whole,E,E-whole,10,E,E-comp
cream,white,E,E-prop,E,E-prop,7,E,E-prop
credit,bank,S,S-obj,S,S-obj,4,S,S-obj
credit,money,S,S-obj,S,S-obj,8,T,T-syn
crime,bad,I,I-eval,I,I-eval,4,I,I-eval
crime,illegal,E,E-prop,E,E-prop,3,T,T-syn
crocodile,aligator,T,T-coord,T,T-coord,3,T,T-coord
crocodile,alligator,T,T-coord,T,T-coord,15,T,T-coord
crocodile,animal,T,T-super,T,T-super,3,T,T-super
crocodile,reptile,T,T-super,T,T-super,5,T,T-super
cucumber,green,E,E-prop,E,E-prop,17,E,E-prop
cucumber,vegetable,T,T-super,T,T-super,10,T,T-super
cup,drink,S,S-action,S,S-action,5,S,S-action
cup,mug,T,T-coord,T,T-coord,7,T,T-syn
curtain,drape,T,T-syn,T,T-syn,4,T,T-syn
curtain,drapes,T,T-syn,T,T-syn,3,T,T-syn
curtain,theater,S,S-loc,S,S-loc,3,S,S-loc
date,calendar,S,S-obj,S,S-obj,10,S,S-loc
daughter,girl,E,E-prop,E,E-prop,9,T,T-syn
deer,animal,T,T-super,T,T-super,6,T,T-sub
deer,antelope,T,T-coord,T,T-coord,2,T,T-coord
dentist,office,S,S-loc,S,S-loc,2,S,S-loc
dentist,teeth,S,S-obj,S,S-obj,22,S,S-agent
dentist,tooth,S,S-obj,S,S-obj,6,S,S-obj
depth,water,S,S-obj,S,S-obj,8,S,S-loc
diamond,gem,T,T-super,T,T-super,2,T,T-syn
diamond,hard,E,E-prop,E,E-prop,6,E,E-prop
diamond,shiny,E,E-prop,E,E-prop,2,E,E-prop
dictionary,thesaurus,T,T-coord,T,T-coord,3,T,T-syn
dictionary,word,E,E-comp,E,E-comp,4,S,S-obj
dictionary,words,E,E-comp,E,E-comp,23,E,E-comp
dinner,food,S,S-obj,S,S-obj,15,T,T-syn
dinner,meal,T,T-super,T,T-super,4,T,T-syn
dinosaur,ancient,E,E-prop,E,E-prop,3,E,E-prop
dinosaur,extinct,E,E-prop,E,E-prop,5,E,E-state
dinosaur,reptile,T,T-super,T,T-super,5,T,T-super
dinosaur,Tyrannosaurus Rex,T,T-sub,T,T-sub,4,T,T-sub
director,actor,S,S-agent,S,S-agent,4,S,S-agent
director,boss,T,T-super,T,T-super,5,T,T-syn
director,film,S,S-obj,S,S-obj,5,S,S-obj
director,leader,T,T-super,T,T-super,5,T,T-syn
director,movie,S,S-obj,S,S-obj,12,S,S-function
dishwasher,appliance,T,T-super,T,T-super,3,T,T-super
dishwasher,dishes,S,S-obj,S,S-obj,6,S,S-obj
dishwasher,water,S,S-obj,S,S-obj,5,E,E-comp
divorce,marriage,T,T-ant,T,T-ant,13,T,T-ant
divorce,unhappy,I,I-emo,I,I-emo,2,I,I-emo
doctor,lawyer,T,T-coord,T,T-coord,4,T,T-coord
doctor,physician,T,T-syn,T,T-syn,4,T,T-syn
dog,canine,T,T-super,T,T-super,4,T,T-syn
dog,puppy,T,T-sub,T,T-sub,3,T,T-sub
dolphin,mammal,T,T-super,T,T-super,9,T,T-super
dolphin,ocean,S,S-loc,S,S-loc,8,S,S-loc
dolphin,porpoise,T,T-coord,T,T-coord,3,T,T-coord
dolphin,whale,T,T-coord,T,T-coord,4,T,T-coord
donkey,animal,T,T-super,T,T-super,5,T,T-super
donkey,horse,T,T-coord,T,T-coord,10,T,T-coord
door,entry,T,T-super,T,T-super,3,S,S-function
door,knob,E,E-comp,E,E-comp,5,E,E-comp
drum,beat,S,S-action,S,S-action,12,S,S-action
ear,lobe,E,E-comp,E,E-comp,7,E,E-comp
ear,nose,T,T-coord,T,T-coord,3,T,T-coord
earring,jewelry,T,T-super,T,T-super,11,T,T-super
earth,dirt,T,T-syn,T,T-syn,4,T,T-syn
earth,round,E,E-prop,E,E-prop,6,E,E-prop
earth,world,T,T-syn,T,T-syn,4,T,T-syn
earthquake,California,S,S-loc,S,S-loc,4,S,S-loc
earthquake,disaster,T,T-super,T,T-super,4,T,T-syn
earthquake,Japan,S,S-loc,S,S-loc,3,S,S-loc
education,school,S,S-loc,S,S-loc,17,S,S-loc
education,smart,I,I-contin,I,I-contin,4,I,I-contin
education,university,S,S-loc,S,S-loc,5,S,S-loc
efficiency,apartment,I,I-contin,I,I-contin,1,T,T-ant
election,politics,S,S-obj,S,S-obj,6,S,S-context
election,president,S,S-agent,S,S-agent,11,S,S-agent
election,vote,S,S-action,S,S-action,15,S,S-action
element,chemistry,E,E-whole,E,E-whole,8,T,T-super
element,fire,T,T-sub,T,T-sub,8,T,T-coord
empire,British,T,T-sub,T,T-sub,3,S,S-agent
enemy,bad,I,I-eval,I,I-eval,2,I,I-eval
enemy,foe,T,T-syn,T,T-syn,9,T,T-syn
enemy,friend,T,T-ant,T,T-ant,14,T,T-ant
enemy,hate,I,I-emo,I,I-emo,4,I,I-emo
energy,drink,T,T-super,T,T-super,4,T,T-syn
energy,force,T,T-syn,T,T-syn,3,T,T-syn
energy,power,S,S-function,S,S-function,8,T,T-syn
entertainment,television,S,S-obj,S,S-obj,5,S,S-obj
entertainment,TV,S,S-obj,S,S-obj,4,T,T-coord
envelope,letter,S,S-obj,S,S-obj,19,E,E-whole
envelope,lick,S,S-action,S,S-action,6,S,S-action
envelope,stamp,S,S-obj,S,S-obj,8,S,S-obj
evidence,proof,T,T-syn,T,T-syn,16,T,T-syn
evidence,trial,S,S-time,S,S-time,4,S,S-loc
exam,school,S,S-loc,S,S-loc,4,S,S-loc
exam,study,S,S-action,S,S-action,8,S,S-action
eye,ball,E,E-comp,E,E-comp,8,E,E-comp
eye,iris,E,E-comp,E,E-comp,2,E,E-comp
eyebrow,hair,E,E-comp,E,E-comp,11,E,E-comp
eyebrow,pluck,S,S-action,S,S-action,6,S,S-action
face,eyes,E,E-comp,E,E-comp,6,E,E-comp
face,head,E,E-whole,E,E-whole,4,E,E-whole
face,nose,E,E-comp,E,E-comp,7,E,E-comp
factory,made,S,S-action,S,S-action,1,S,S-function
factory,work,S,S-action,S,S-action,4,S,S-loc
factory,worker,S,S-agent,S,S-agent,5,S,S-agent
factory,workers,S,S-agent,S,S-agent,4,S,S-agent
family,home,S,S-loc,S,S-loc,3,S,S-loc
family,love,I,I-emo,I,I-emo,8,I,I-emo
farm,animal,S,S-obj,S,S-obj,6,S,S-obj
farm,animals,S,S-obj,S,S-obj,4,S,S-loc
farm,land,S,S-loc,S,S-loc,4,E,E-whole
festival,fun,I,I-eval,I,I-eval,6,I,I-eval
fire,alarm,S,S-obj,S,S-obj,2,S,S-obj
fire,flame,E,E-comp,E,E-comp,7,T,T-syn
fire,heat,E,E-prop,E,E-prop,4,E,E-prop
fire,hot,E,E-prop,E,E-prop,10,E,E-prop
fire,water,T,T-ant,T,T-ant,3,T,T-ant
fish,chips,S,S-obj,S,S-obj,2,S,S-obj
fish,swim,E,E-beh,E,E-beh,4,E,E-beh
fish,trout,T,T-sub,T,T-sub,3,T,T-sub
fishing,boat,S,S-obj,S,S-obj,7,S,S-obj
fishing,line,S,S-obj,S,S-obj,5,S,S-obj
fishing,pole,S,S-obj,S,S-obj,7,S,S-obj
fishing,rod,S,S-obj,S,S-obj,9,S,S-obj
fist,anger,I,I-emo,I,I-emo,2,I,I-emo
fist,fight,S,S-action,S,S-action,6,S,S-action
fist,hand,E,E-whole,E,E-whole,16,T,T-super
fist,hit,S,S-action,S,S-action,4,S,S-action
fist,punch,S,S-action,S,S-action,18,E,E-beh
flour,bake,S,S-action,S,S-action,5,S,S-action
flower,bloom,E,E-state,E,E-state,4,E,E-beh
flute,glass,E,E-comp,E,E-comp,2,S,S-obj
flute,instrument,T,T-super,T,T-super,8,T,T-super
flute,music,S,S-function,S,S-function,15,S,S-obj
fog,mist,T,T-syn,T,T-syn,11,T,T-syn
football,goal,S,S-obj,S,S-obj,3,S,S-obj
football,soccer,T,T-syn,T,T-syn,12,T,T-syn
football,sport,T,T-super,T,T-super,4,T,T-super
fork,eat,S,S-action,S,S-action,5,S,S-function
fork,spoon,T,T-coord,T,T-coord,21,T,T-coord
fork,utensil,T,T-super,T,T-super,4,T,T-syn
fox,animal,T,T-super,T,T-super,7,T,T-super
fox,red,E,E-prop,E,E-prop,9,E,E-prop
frame,painting,S,S-obj,S,S-obj,4,E,E-comp
frame,picture,S,S-obj,S,S-obj,25,S,S-obj
freedom,liberty,T,T-syn,T,T-syn,11,T,T-syn
friend,buddy,T,T-syn,T,T-syn,7,T,T-syn
friend,enemy,T,T-ant,T,T-ant,6,T,T-ant
friend,foe,T,T-ant,T,T-ant,4,T,T-ant
friend,pal,T,T-syn,T,T-syn,7,T,T-syn
friendship,buddy,S,S-agent,S,S-agent,2,T,T-coord
friendship,friend,S,S-agent,S,S-agent,2,T,T-super
friendship,friends,S,S-agent,S,S-agent,2,T,T-super
frog,jump,E,E-beh,E,E-beh,5,E,E-beh
frog,toad,T,T-coord,T,T-coord,10,T,T-coord
funeral,black,S,S-context,S,S-context,9,S,S-context
funeral,coffin,S,S-obj,S,S-obj,6,S,S-obj
funeral,sad,I,I-emo,I,I-emo,8,I,I-emo
furniture,chair,T,T-sub,T,T-sub,19,T,T-super
furniture,couch,T,T-sub,T,T-sub,9,T,T-super
furniture,sofa,T,T-sub,T,T-sub,7,T,T-super
furniture,store,S,S-loc,S,S-loc,4,S,S-loc
future,past,T,T-ant,T,T-ant,16,T,T-ant
future,present,T,T-coord,T,T-coord,4,T,T-ant
garage,band,S,S-obj,S,S-obj,2,S,S-loc
garage,car,S,S-obj,S,S-obj,24,S,S-loc
garden,flowers,S,S-obj,S,S-obj,12,S,S-obj
genius,Einstein,T,T-sub,T,T-sub,9,T,T-sub
ghost,ghoul,T,T-coord,T,T-coord,3,T,T-syn
ghost,phantom,T,T-coord,T,T-coord,3,T,T-syn
ghost,spirit,T,T-syn,T,T-syn,8,T,T-syn
giraffe,Africa,S,S-loc,S,S-loc,8,S,S-loc
giraffe,animal,T,T-super,T,T-super,7,T,T-super
giraffe,neck,E,E-comp,E,E-comp,14,E,E-comp
giraffe,spots,E,E-prop,E,E-prop,9,E,E-prop
giraffe,tall,E,E-prop,E,E-prop,15,E,E-prop
girlfriend,wife,I,I-contin,I,I-contin,5,T,T-coord
glass,clear,E,E-prop,E,E-prop,10,E,E-prop
glass,cup,T,T-coord,T,T-coord,6,T,T-syn
glass,drink,S,S-action,S,S-action,9,S,S-action
glass,water,S,S-obj,S,S-obj,5,S,S-obj
glass,wine,S,S-obj,S,S-obj,4,S,S-obj
goat,animal,T,T-super,T,T-super,4,T,T-super
goat,Billy,T,T-sub,T,T-sub,6,T,T-sub
goat,sheep,T,T-coord,T,T-coord,7,T,T-coord
goose,bird,T,T-super,T,T-super,6,T,T-super
goose,duck,T,T-coord,T,T-coord,9,T,T-coord
government,bad,I,I-eval,I,I-eval,1,I,I-eval
grape,fruit,T,T-super,T,T-super,15,T,T-sub
grape,purple,E,E-prop,E,E-prop,9,E,E-prop
grass,pot,T,T-syn,T,T-syn,3,I,I-contin
grass,weed,T,T-syn,T,T-syn,4,T,T-coord
guest,visitor,T,T-syn,T,T-syn,6,T,T-syn
ham,cheese,S,S-obj,S,S-obj,6,S,S-obj
hammer,hit,S,S-action,S,S-action,5,S,S-action
hammer,tool,T,T-super,T,T-super,7,T,T-super
hamster,wheel,S,S-obj,S,S-obj,11,S,S-obj
hand,finger,E,E-comp,E,E-comp,5,E,E-comp
hand,fingers,E,E-comp,E,E-comp,6,E,E-comp
handkerchief,nose,S,S-obj,S,S-obj,7,S,S-loc
heaven,angels,S,S-agent,S,S-agent,3,S,S-agent
heaven,clouds,S,S-obj,S,S-obj,7,S,S-loc
heaven,God,S,S-agent,S,S-agent,12,S,S-loc
heaven,hell,T,T-ant,T,T-ant,15,T,T-ant
height,cliff,S,S-obj,S,S-obj,1,E,E-prop
helicopter,blades,E,E-comp,E,E-comp,5,E,E-comp
helicopter,fly,S,S-function,S,S-function,8,E,E-beh
helicopter,plane,T,T-coord,T,T-coord,5,T,T-coord
helicopter,rotor,E,E-comp,E,E-comp,5,E,E-comp
hell,heaven,T,T-ant,T,T-ant,11,T,T-ant
helmet,hat,T,T-coord,T,T-coord,5,T,T-coord
helmet,protection,S,S-function,S,S-function,5,S,S-function
hen,chicken,T,T-super,T,T-super,26,T,T-syn
hen,cock,T,T-coord,T,T-coord,3,T,T-coord
hen,egg,S,S-obj,S,S-obj,15,E,E-beh
hen,eggs,S,S-obj,S,S-obj,5,E,E-comp
hen,rooster,T,T-coord,T,T-coord,11,T,T-coord
history,book,S,S-obj,S,S-obj,3,S,S-obj
hobby,activity,T,T-super,T,T-super,3,T,T-syn
honey,bee,S,S-agent,S,S-agent,14,S,S-obj
honey,bees,S,S-agent,S,S-agent,7,S,S-agent
honey,sweet,E,E-prop,E,E-prop,16,E,E-prop
horse,animal,T,T-super,T,T-super,7,T,T-super
horse,cow,T,T-coord,T,T-coord,3,T,T-coord
horse,equine,T,T-super,T,T-super,2,T,T-syn
hospital,bed,S,S-obj,S,S-obj,4,S,S-obj
hospital,doctor,S,S-agent,S,S-agent,10,S,S-loc
hospital,ill,S,S-context,S,S-context,2,S,S-targetstate
hospital,nurse,S,S-agent,S,S-agent,7,S,S-agent
hospital,sick,S,S-context,S,S-context,10,S,S-loc
humor,British,T,T-sub,T,T-sub,1,E,E-prop
humor,joke,S,S-obj,S,S-obj,6,T,T-super
humor,laugh,S,S-action,S,S-action,14,S,S-function
humor,laughter,S,S-action,S,S-action,5,S,S-obj
husband,marriage,S,S-time,S,S-time,4,S,S-obj
husband,spouse,T,T-syn,T,T-syn,7,T,T-syn
ice,cold,E,E-prop,E,E-prop,23,E,E-prop
identity,person,E,E-whole,E,E-whole,5,T,T-super
import,China,S,S-loc,S,S-loc,3,S,S-loc
impression,dent,T,T-syn,T,T-syn,2,T,T-syn
impression,idea,T,T-syn,T,T-syn,4,I,I-contin
impression,painting,T,T-sub,T,T-sub,2,T,T-coord
insect,bug,T,T-syn,T,T-syn,21,T,T-syn
insect,fly,T,T-sub,T,T-sub,4,T,T-super
insect,grasshopper,T,T-sub,T,T-sub,2,T,T-super
insurance,money,S,S-obj,S,S-obj,6,S,S-obj
insurance,policy,S,S-obj,S,S-obj,6,T,T-syn
interview,questioning,S,S-action,S,S-action,1,S,S-action
interview,talk,S,S-action,S,S-action,3,S,S-action
iron,board,S,S-obj,S,S-obj,3,S,S-obj
iron,clothes,S,S-obj,S,S-obj,3,S,S-function
iron,metal,T,T-super,T,T-super,8,T,T-super
island,ocean,S,S-loc,S,S-loc,5,S,S-loc
island,water,S,S-obj,S,S-obj,7,S,S-loc
jeans,comfortable,I,I-eval,I,I-eval,2,I,I-eval
jeans,pants,T,T-super,T,T-super,14,T,T-syn
jeans,trousers,T,T-super,T,T-super,3,T,T-syn
joke,haha,S,S-action,S,S-action,2,E,E-beh
joke,laugh,S,S-action,S,S-action,17,S,S-action
joke,laughter,S,S-action,S,S-action,2,S,S-function
kidney,bean,T,T-super,T,T-super,12,T,T-coord
kidney,liver,T,T-coord,T,T-coord,4,T,T-coord
kidney,organ,T,T-super,T,T-super,8,T,T-super
kidney,stone,S,S-obj,S,S-obj,10,E,E-comp
kidney,stones,S,S-obj,S,S-obj,3,E,E-comp
killer,murder,S,S-action,S,S-action,7,S,S-agent
killer,murderer,T,T-syn,T,T-syn,11,T,T-syn
killer,serial,T,T-sub,T,T-sub,5,T,T-super
killer,whale,T,T-super,T,T-super,5,T,T-syn
kitchen,food,S,S-obj,S,S-obj,13,S,S-obj
kitchen,sink,S,S-obj,S,S-obj,8,E,E-comp
kite,flying,S,S-action,S,S-action,3,E,E-beh
kite,string,E,E-comp,E,E-comp,9,E,E-comp
knee,elbow,T,T-coord,T,T-coord,5,T,T-coord
knee,leg,E,E-whole,E,E-whole,11,E,E-whole
knowledge,book,S,S-obj,S,S-obj,4,S,S-obj
knowledge,learning,S,S-action,S,S-action,3,I,I-contin
lake,deep,E,E-state,E,E-state,1,E,E-prop
lake,pond,T,T-coord,T,T-coord,9,T,T-coord
lake,river,T,T-coord,T,T-coord,2,T,T-coord
lake,water,E,E-comp,E,E-comp,18,E,E-comp
language,English,T,T-sub,T,T-sub,9,T,T-super
language,speak,S,S-action,S,S-action,6,S,S-action
language,tongue,T,T-syn,T,T-syn,2,E,E-comp
lantern,Chinese,T,T-sub,T,T-sub,1,I,I-contin
laser,light,E,E-comp,E,E-comp,11,E,E-comp
law,police,S,S-agent,S,S-agent,8,S,S-agent
leaf,autumn,S,S-time,S,S-time,3,S,S-time
leaf,fall,S,S-time,S,S-time,6,E,E-beh
leg,appendage,T,T-super,T,T-super,2,T,T-syn
leg,knee,E,E-comp,E,E-comp,4,E,E-comp
leg,limb,T,T-super,T,T-super,5,T,T-syn
legend,hero,S,S-agent,S,S-agent,8,T,T-syn
letter,alphabet,E,E-whole,E,E-whole,10,T,T-sub
letter,box,T,T-super,T,T-super,3,S,S-loc
lettuce,cabbage,T,T-coord,T,T-coord,4,T,T-coord
lettuce,tomato,T,T-coord,T,T-coord,5,T,T-coord
lettuce,vegetable,T,T-super,T,T-super,6,T,T-super
library,books,S,S-obj,S,S-obj,22,S,S-obj
light,dark,T,T-ant,T,T-ant,10,T,T-ant
light,heavy,T,T-ant,T,T-ant,3,T,T-ant
link,connect,T,T-syn,T,T-syn,5,T,T-syn
link,connection,T,T-syn,T,T-syn,6,T,T-syn
lobster,crab,T,T-coord,T,T-coord,7,T,T-coord
lobster,seafood,T,T-super,T,T-super,5,T,T-super
luggage,bag,T,T-sub,T,T-sub,6,T,T-syn
luggage,suitcase,T,T-sub,T,T-sub,10,T,T-syn
lunch,dinner,T,T-coord,T,T-coord,10,T,T-coord
lunch,eat,S,S-action,S,S-action,8,S,S-action
lunch,meal,T,T-super,T,T-super,5,T,T-syn
lung,organ,T,T-super,T,T-super,6,T,T-super
machine,metal,E,E-comp,E,E-comp,4,E,E-comp
mammal,animal,T,T-super,T,T-super,10,T,T-super
mammal,dog,T,T-sub,T,T-sub,3,T,T-super
mammal,human,T,T-sub,T,T-sub,10,T,T-super
mammal,whale,T,T-sub,T,T-sub,8,T,T-super
mandarin,China,S,S-loc,S,S-loc,8,S,S-loc
mandarin,fruit,T,T-super,T,T-super,5,T,T-super
mandarin,language,T,T-super,T,T-super,6,T,T-super
mandarin,orange,T,T-coord,T,T-coord,26,T,T-syn
mango,fruit,T,T-super,T,T-super,23,T,T-super
mango,orange,T,T-coord,T,T-coord,10,T,T-coord
mango,papaya,T,T-coord,T,T-coord,2,T,T-coord
mango,ripe,E,E-state,E,E-state,1,E,E-state
map,cartography,E,E-whole,E,E-whole,3,T,T-syn
market,food,S,S-obj,S,S-obj,5,S,S-obj
market,sell,S,S-action,S,S-action,6,S,S-function
marriage,husband,S,S-agent,S,S-agent,4,S,S-agent
marriage,wife,S,S-agent,S,S-agent,4,S,S-agent
material,stuff,T,T-syn,T,T-syn,4,T,T-syn
meat,beef,T,T-sub,T,T-sub,9,T,T-syn
meat,food,T,T-super,T,T-super,7,T,T-super
meat,steak,T,T-sub,T,T-sub,6,T,T-sub
meeting,boring,I,I-eval,I,I-eval,5,I,I-eval
melody,music,E,E-whole,E,E-whole,17,T,T-super
melon,fruit,T,T-super,T,T-super,10,T,T-super
method,way,T,T-syn,T,T-syn,10,T,T-syn
microscope,bacteria,S,S-obj,S,S-obj,5,S,S-obj
microscope,small,S,S-context,S,S-context,4,E,E-prop
microscope,tiny,S,S-context,S,S-context,5,E,E-prop
milk,drink,S,S-action,S,S-action,6,T,T-super
milk,white,E,E-prop,E,E-prop,11,E,E-prop
miner,mine,S,S-loc,S,S-loc,3,S,S-loc
miner,ore,S,S-obj,S,S-obj,1,S,S-obj
mint,green,E,E-prop,E,E-prop,6,E,E-prop
mint,herb,T,T-super,T,T-super,4,T,T-syn
miracle,God,S,S-agent,S,S-agent,7,S,S-agent
miracle,Jesus,S,S-agent,S,S-agent,4,S,S-agent
miracle,wonder,T,T-syn,T,T-syn,3,I,I-emo
mirror,glass,E,E-comp,E,E-comp,8,E,E-comp
mirror,reflection,E,E-prop,E,E-prop,18,E,E-prop
money,dollar,T,T-sub,T,T-sub,4,T,T-syn
money,dollars,T,T-sub,T,T-sub,4,T,T-syn
monkey,animal,T,T-super,T,T-super,3,T,T-sub
monkey,banana,S,S-obj,S,S-obj,8,S,S-obj
monkey,chimp,T,T-sub,T,T-sub,5,T,T-coord
monster,scary,I,I-eval,I,I-eval,10,I,I-emo
mood,emotion,T,T-coord,T,T-coord,6,T,T-syn
moon,night,S,S-time,S,S-time,6,S,S-time
moonlight,night,S,S-time,S,S-time,10,S,S-time
moonlight,stars,S,S-obj,S,S-obj,5,S,S-loc
mountain,climb,S,S-action,S,S-action,6,S,S-action
mountain,hill,T,T-coord,T,T-coord,6,T,T-super
mountain,snow,S,S-obj,S,S-obj,6,E,E-prop
muscle,bicep,T,T-sub,T,T-sub,3,T,T-super
museum,art,S,S-obj,S,S-obj,13,S,S-obj
museum,artifacts,S,S-obj,S,S-obj,2,S,S-obj
museum,dinosaur,S,S-obj,S,S-obj,3,S,S-obj
museum,old,S,S-context,S,S-context,7,E,E-prop
neck,kiss,S,S-action,S,S-action,4,S,S-action
necklace,jewelry,T,T-super,T,T-super,14,T,T-super
news,information,T,T-syn,T,T-syn,8,T,T-syn
noon,midday,T,T-syn,T,T-syn,7,T,T-syn
notebook,pen,S,S-obj,S,S-obj,7,S,S-obj
novel,new,T,T-syn,T,T-syn,13,T,T-ant
novel,read,S,S-action,S,S-action,6,S,S-action
nurse,baby,S,S-agent,S,S-agent,2,S,S-agent
nurse,hospital,S,S-loc,S,S-loc,12,S,S-loc
nut,acorn,T,T-sub,T,T-sub,3,T,T-sub
nut,almond,T,T-sub,T,T-sub,4,T,T-coord
ocean,sea,T,T-coord,T,T-coord,16,T,T-syn
ocean,water,E,E-comp,E,E-comp,12,T,T-super
office,work,S,S-action,S,S-action,15,S,S-action
oil,money,I,I-contin,I,I-contin,4,I,I-contin
onion,cry,S,S-action,S,S-action,8,E,E-beh
onion,crying,S,S-action,S,S-action,2,E,E-beh
organ,body,E,E-whole,E,E-whole,5,E,E-whole
organ,heart,T,T-sub,T,T-sub,13,E,E-comp
organ,piano,T,T-coord,T,T-coord,6,T,T-coord
oven,cook,S,S-action,S,S-action,5,S,S-function
owl,bird,T,T-super,T,T-super,18,T,T-super
owl,eyes,E,E-comp,E,E-comp,8,E,E-comp
palace,castle,T,T-coord,T,T-coord,10,T,T-syn
palace,king,S,S-agent,S,S-agent,12,S,S-agent
palace,queen,S,S-agent,S,S-agent,8,S,S-loc
parachute,jump,S,S-action,S,S-action,9,S,S-action
parachute,open,S,S-targetstate,S,S-targetstate,3,E,E-state
parachute,silk,E,E-comp,E,E-comp,4,E,E-comp
paragraph,writing,S,S-action,S,S-action,9,S,S-obj
parrot,bird,T,T-super,T,T-super,20,T,T-super
parrot,pirate,S,S-agent,S,S-agent,6,S,S-agent
part,hair,S,S-obj,S,S-obj,10,S,S-obj
part,piece,T,T-syn,T,T-syn,12,T,T-syn
part,section,T,T-syn,T,T-syn,4,T,T-syn
peace,dove,I,I-contin,I,I-contin,5,I,I-contin
penguin,bird,T,T-super,T,T-super,12,T,T-super
penguin,black,E,E-prop,E,E-prop,7,E,E-prop
penguin,cold,S,S-context,S,S-context,6,E,E-prop
penguin,ice,S,S-obj,S,S-obj,5,S,S-loc
phenomenon,amazing,I,I-eval,I,I-eval,3,I,I-eval
phenomenon,event,T,T-syn,T,T-syn,6,T,T-syn
phenomenon,occurrence,T,T-syn,T,T-syn,4,T,T-syn
philosophy,Socrates,S,S-agent,S,S-agent,5,T,T-sub
photo,picture,T,T-syn,T,T-syn,21,T,T-syn
physics,astronomy,T,T-coord,T,T-coord,3,T,T-coord
physics,chemistry,T,T-coord,T,T-coord,4,T,T-coord
physics,math,T,T-coord,T,T-coord,5,T,T-coord
physics,science,T,T-super,T,T-super,17,T,T-sub
pig,bacon,I,I-contin,I,I-contin,8,E,E-beh
pig,oink,E,E-beh,E,E-beh,6,E,E-beh
pig,pink,E,E-prop,E,E-prop,10,E,E-prop
pig,snout,E,E-comp,E,E-comp,4,E,E-comp
pirate,steal,S,S-action,S,S-action,4,S,S-action
pizza,food,T,T-super,T,T-super,7,T,T-super
pizza,Italian,E,E-prop,E,E-prop,6,S,S-context
pizza,pie,T,T-coord,T,T-coord,5,T,T-syn
plan,organize,T,T-syn,T,T-syn,4,T,T-syn
platform,base,T,T-syn,T,T-syn,1,T,T-syn
platform,stage,T,T-syn,T,T-syn,11,T,T-syn
poem,sonnet,T,T-sub,T,T-sub,4,T,T-sub
poet,artist,T,T-coord,T,T-coord,3,T,T-coord
poet,Shakespeare,T,T-sub,T,T-sub,3,T,T-sub
poet,words,S,S-obj,S,S-obj,6,S,S-obj
poet,writer,T,T-coord,T,T-coord,6,T,T-coord
pork,beef,T,T-coord,T,T-coord,4,T,T-coord
poster,sign,T,T-coord,T,T-coord,2,T,T-syn
poster,wall,S,S-loc,S,S-loc,12,S,S-loc
potato,spud,T,T-syn,T,T-syn,5,T,T-syn
potato,vegetable,T,T-super,T,T-super,4,T,T-super
process,method,T,T-syn,T,T-syn,5,T,T-syn
process,procedure,T,T-syn,T,T-syn,5,T,T-syn
product,goods,T,T-syn,T,T-syn,2,T,T-syn
product,item,T,T-syn,T,T-syn,5,T,T-syn
product,result,T,T-syn,T,T-syn,3,T,T-syn
project,done,S,S-targetstate,S,S-targetstate,1,S,S-targetstate
project,task,T,T-syn,T,T-syn,4,T,T-syn
project,work,S,S-action,S,S-action,12,S,S-action
psychologist,doctor,T,T-coord,T,T-coord,9,T,T-coord
psychologist,shrink,T,T-syn,T,T-syn,8,T,T-syn
psychology,science,T,T-super,T,T-super,3,T,T-super
psychology,sociology,T,T-coord,T,T-coord,2,T,T-coord
pudding,dessert,T,T-super,T,T-super,8,T,T-super
pudding,pie,T,T-coord,T,T-coord,3,T,T-coord
pumpkin,Halloween,S,S-time,S,S-time,14,S,S-time
pumpkin,orange,E,E-prop,E,E-prop,13,E,E-prop
rabbit,ears,E,E-comp,E,E-comp,5,E,E-comp
rabbit,hop,E,E-beh,E,E-beh,4,E,E-beh
radiation,bomb,S,S-obj,S,S-obj,3,S,S-obj
radiation,X-ray,S,S-obj,S,S-obj,4,E,E-comp
radio,television,T,T-coord,T,T-coord,4,T,T-coord
rain,wet,E,E-prop,E,E-prop,14,E,E-state
rainbow,arc,E,E-prop,E,E-prop,4,E,E-prop
rainbow,colorful,E,E-prop,E,E-prop,2,E,E-prop
raincoat,wet,S,S-context,S,S-context,6,E,E-state
rape,bad,I,I-eval,I,I-eval,3,I,I-eval
rape,horrible,I,I-eval,I,I-eval,1,I,I-eval
rape,sex,S,S-action,S,S-action,5,T,T-syn
rape,woman,S,S-agent,S,S-agent,3,S,S-agent
reality,matrix,I,I-contin,I,I-contin,2,I,I-contin
record,album,T,T-syn,T,T-syn,3,T,T-syn
record,tape,T,T-coord,T,T-coord,6,T,T-coord
refugee,Africa,S,S-loc,S,S-loc,2,S,S-loc
refugee,asylum,S,S-action,S,S-action,3,S,S-loc
refugee,flee,S,S-action,S,S-action,2,E,E-beh
refugee,war,S,S-time,S,S-time,10,S,S-agent
relationship,friends,S,S-agent,S,S-agent,2,S,S-obj
relationship,girlfriend,S,S-agent,S,S-agent,3,T,T-sub
religion,Christianity,T,T-sub,T,T-sub,4,T,T-super
religion,God,S,S-agent,S,S-agent,13,S,S-obj
resident,home,S,S-loc,S,S-loc,7,S,S-loc
resident,house,S,S-loc,S,S-loc,6,S,S-loc
revenge,anger,I,I-emo,I,I-emo,10,I,I-emo
revenge,avenge,T,T-syn,T,T-syn,2,T,T-syn
revenge,mean,I,I-eval,I,I-eval,3,T,T-syn
revolution,American,T,T-sub,T,T-sub,2,S,S-loc
revolution,war,S,S-time,S,S-time,5,T,T-coord
risk,chance,T,T-syn,T,T-syn,4,T,T-syn
risk,game,T,T-super,T,T-super,8,I,I-contin
rocket,fire,S,S-obj,S,S-obj,4,S,S-obj
rocket,space,S,S-loc,S,S-loc,15,S,S-loc
roof,house,E,E-whole,E,E-whole,16,E,E-whole
roommate,college,S,S-loc,S,S-loc,6,S,S-loc
roommate,dorm,S,S-loc,S,S-loc,3,S,S-loc
roommate,share,S,S-action,S,S-action,6,S,S-action
root,tree,E,E-whole,E,E-whole,15,E,E-whole
rope,climb,S,S-action,S,S-action,5,S,S-function
rope,hang,S,S-action,S,S-action,8,S,S-action
rope,knot,S,S-obj,S,S-obj,7,S,S-obj
rope,tie,S,S-action,S,S-action,8,S,S-action
ruler,inches,S,S-obj,S,S-obj,3,E,E-comp
ruler,king,T,T-sub,T,T-sub,15,T,T-coord
ruler,measurement,S,S-function,S,S-function,4,S,S-function
sacrifice,give up,T,T-syn,T,T-syn,4,S,S-action
sacrifice,Jesus,S,S-agent,S,S-agent,4,I,I-contin
salad,healthy,I,I-eval,I,I-eval,4,I,I-eval
salmon,Alaska,S,S-loc,S,S-loc,1,S,S-loc
salmon,color,T,T-super,T,T-super,3,E,E-prop
salmon,fish,T,T-super,T,T-super,29,T,T-super
sandwich,eat,S,S-action,S,S-action,2,S,S-action
sandwich,food,T,T-super,T,T-super,5,T,T-super
satellite,space,S,S-loc,S,S-loc,19,S,S-loc
sausage,breakfast,S,S-time,S,S-time,6,S,S-obj
scandal,gossip,S,S-action,S,S-action,5,S,S-obj
scandal,newspaper,S,S-obj,S,S-obj,2,S,S-obj
scarf,knit,S,S-action,S,S-action,2,S,S-action
scarf,winter,S,S-time,S,S-time,6,S,S-loc
scholarship,smart,I,I-contin,I,I-contin,2,I,I-contin
school,education,S,S-function,S,S-function,4,T,T-syn
science,study,S,S-action,S,S-action,6,S,S-function
sculpture,art,T,T-super,T,T-super,14,T,T-super
sculpture,David,T,T-sub,T,T-sub,5,T,T-sub
sculpture,painting,T,T-coord,T,T-coord,2,T,T-coord
season,autumn,T,T-sub,T,T-sub,4,T,T-sub
season,fall,T,T-sub,T,T-sub,13,T,T-sub
season,spring,T,T-sub,T,T-sub,9,T,T-sub
season,summer,T,T-sub,T,T-sub,10,T,T-super
season,winter,T,T-sub,T,T-sub,16,T,T-sub
seaweed,beach,S,S-loc,S,S-loc,4,S,S-loc
seaweed,kelp,T,T-sub,T,T-sub,7,T,T-syn
seaweed,ocean,S,S-loc,S,S-loc,12,S,S-loc
sentence,word,E,E-comp,E,E-comp,6,E,E-whole
sentence,words,E,E-comp,E,E-comp,12,E,E-comp
shape,circle,T,T-sub,T,T-sub,11,T,T-super
shape,round,T,T-sub,T,T-sub,6,E,E-prop
shape,square,T,T-sub,T,T-sub,13,T,T-sub
shape,triangle,T,T-sub,T,T-sub,7,T,T-sub
shark,fish,T,T-super,T,T-super,11,T,T-super
sheep,animal,T,T-super,T,T-super,3,T,T-sub
shorts,legs,S,S-obj,S,S-obj,6,S,S-obj
shorts,summer,S,S-time,S,S-time,11,S,S-time
shorts,trousers,T,T-coord,T,T-coord,4,T,T-coord
silver,metal,T,T-super,T,T-super,7,T,T-super
singer,artist,T,T-super,T,T-super,3,T,T-syn
singer,music,S,S-obj,S,S-obj,7,S,S-obj
singer,song,S,S-obj,S,S-obj,10,S,S-obj
sister,sibling,T,T-super,T,T-super,9,T,T-coord
skateboard,kids,S,S-agent,S,S-agent,2,S,S-agent
skateboard,skater,S,S-agent,S,S-agent,2,S,S-agent
skateboard,wheels,E,E-comp,E,E-comp,7,E,E-comp
skin,touch,S,S-action,S,S-action,2,E,E-beh
sky,clouds,S,S-obj,S,S-obj,10,E,E-comp
slave,bad,I,I-eval,I,I-eval,1,I,I-eval
snail,slug,T,T-coord,T,T-coord,5,T,T-coord
snake,hiss,E,E-beh,E,E-beh,3,E,E-beh
snake,reptile,T,T-super,T,T-super,6,T,T-super
snake,serpent,T,T-syn,T,T-syn,5,T,T-syn
snake,slither,E,E-beh,E,E-beh,11,E,E-beh
socialism,communism,T,T-coord,T,T-coord,8,T,T-coord
socialism,Marx,S,S-agent,S,S-agent,5,S,S-agent
soldier,warrior,T,T-syn,T,T-syn,2,T,T-syn
son,boy,E,E-prop,E,E-prop,8,T,T-syn
son,father,T,T-coord,T,T-coord,9,T,T-coord
son,offspring,T,T-super,T,T-super,3,T,T-syn
soup,food,T,T-super,T,T-super,4,T,T-super
speech,talk,S,S-action,S,S-action,15,T,T-syn
spell,word,S,S-obj,S,S-obj,8,S,S-function
spell,words,S,S-obj,S,S-obj,4,S,S-obj
spider,black,E,E-prop,E,E-prop,5,E,E-prop
spider,legs,E,E-comp,E,E-comp,8,E,E-comp
spoon,food,S,S-obj,S,S-obj,4,S,S-obj
spoon,fork,T,T-coord,T,T-coord,22,T,T-coord
spoon,knife,T,T-coord,T,T-coord,12,T,T-coord
sport,baseball,T,T-sub,T,T-sub,4,T,T-super
sport,basketball,T,T-sub,T,T-sub,4,T,T-super
sport,football,T,T-sub,T,T-sub,9,T,T-super
sport,soccer,T,T-sub,T,T-sub,7,T,T-super
spring,fall,T,T-coord,T,T-coord,6,T,T-ant
spring,season,T,T-super,T,T-super,6,T,T-sub
spring,summer,T,T-coord,T,T-coord,7,T,T-coord
squirrel,animal,T,T-super,T,T-super,3,T,T-super
squirrel,cute,I,I-eval,I,I-eval,3,I,I-eval
squirrel,nut,S,S-obj,S,S-obj,7,S,S-obj
squirrel,nuts,S,S-obj,S,S-obj,12,S,S-obj
stomach,belly,T,T-syn,T,T-syn,5,T,T-syn
stomach,food,S,S-obj,S,S-obj,11,S,S-obj
stone,pebble,T,T-sub,T,T-sub,3,T,T-super
stone,rock,T,T-syn,T,T-syn,25,T,T-syn
strawberry,fruit,T,T-super,T,T-super,12,T,T-super
strawberry,red,E,E-prop,E,E-prop,15,E,E-prop
street,avenue,T,T-coord,T,T-coord,11,T,T-syn
street,lane,T,T-coord,T,T-coord,4,T,T-syn
structure,architect,S,S-agent,S,S-agent,2,S,S-agent
structure,build,S,S-action,S,S-action,1,S,S-action
structure,construction,S,S-action,S,S-action,2,T,T-syn
struggle,battle,T,T-syn,T,T-syn,2,T,T-syn
success,money,S,S-obj,S,S-obj,7,I,I-contin
suicide,dead,S,S-context,S,S-context,2,E,E-state
suicide,kill,S,S-action,S,S-action,10,S,S-action
sunrise,dawn,S,S-time,S,S-time,6,T,T-syn
sunrise,morning,S,S-time,S,S-time,12,S,S-time
sunset,beautiful,I,I-eval,I,I-eval,4,I,I-eval
sunset,dusk,S,S-time,S,S-time,2,T,T-syn
supermarket,food,S,S-obj,S,S-obj,17,S,S-obj
swan,bird,T,T-super,T,T-super,14,T,T-sub
sweater,cold,S,S-context,S,S-context,5,E,E-prop
sweater,vest,T,T-coord,T,T-coord,4,T,T-coord
sword,blade,E,E-comp,E,E-comp,4,E,E-comp
sword,weapon,T,T-super,T,T-super,6,T,T-super
tail,animal,E,E-whole,E,E-whole,5,E,E-comp
tattoo,ink,E,E-comp,E,E-comp,13,E,E-comp
tattoo,mark,T,T-super,T,T-super,4,T,T-syn
tattoo,piercing,T,T-coord,T,T-coord,1,T,T-coord
teacher,educator,T,T-syn,T,T-syn,3,T,T-syn
teacher,mentor,T,T-syn,T,T-syn,3,T,T-syn
teacher,school,S,S-loc,S,S-loc,12,S,S-loc
teacher,student,T,T-ant,T,T-ant,9,T,T-coord
teenager,young,E,E-prop,E,E-prop,8,T,T-syn
teeth,dentist,S,S-agent,S,S-agent,7,S,S-agent
teeth,mouth,S,S-loc,S,S-loc,6,E,E-whole
teeth,white,E,E-prop,E,E-prop,14,E,E-prop
telescope,lens,E,E-comp,E,E-comp,5,E,E-comp
tennis,sport,T,T-super,T,T-super,4,T,T-super
theory,idea,T,T-syn,T,T-syn,9,T,T-syn
thermometer,hot,S,S-context,S,S-context,6,E,E-prop
thermometer,sick,S,S-context,S,S-context,4,S,S-function
thermometer,temperature,E,E-prop,E,E-prop,22,E,E-prop
thief,night,S,S-time,S,S-time,2,S,S-time
throat,cough,S,S-action,S,S-action,6,E,E-beh
throat,swallow,S,S-action,S,S-action,9,S,S-action
thumb,hand,E,E-whole,E,E-whole,13,E,E-whole
tiger,animal,T,T-super,T,T-super,3,T,T-sub
tiger,cat,T,T-super,T,T-super,8,T,T-super
time,clock,S,S-obj,S,S-obj,14,T,T-syn
time,watch,S,S-obj,S,S-obj,5,S,S-obj
toe,digit,T,T-super,T,T-super,2,T,T-syn
toe,foot,E,E-whole,E,E-whole,23,E,E-whole
tongue,lick,S,S-action,S,S-action,7,E,E-beh
tongue,taste,S,S-function,S,S-function,11,E,E-beh
toothbrush,paste,S,S-obj,S,S-obj,4,S,S-obj
toothbrush,teeth,S,S-obj,S,S-obj,14,S,S-obj
toothbrush,toothpaste,S,S-obj,S,S-obj,18,S,S-obj
towel,bathroom,S,S-loc,S,S-loc,1,S,S-loc
towel,shower,S,S-obj,S,S-obj,7,S,S-loc
toy,child,S,S-agent,S,S-agent,7,S,S-obj
toy,play,S,S-action,S,S-action,11,S,S-action
tradition,holiday,S,S-time,S,S-time,4,S,S-time
tragedy,sad,I,I-emo,I,I-emo,12,I,I-emo
tragedy,sadness,I,I-emo,I,I-emo,4,I,I-emo
trap,ackbar,S,S-agent,S,S-agent,1,S,S-obj
tree,leaf,E,E-comp,E,E-comp,4,E,E-comp
truth,fact,T,T-syn,T,T-syn,3,T,T-syn
tunnel,dig,S,S-action,S,S-action,4,S,S-action
uncle,brother,T,T-coord,T,T-coord,3,T,T-coord
uncle,man,E,E-prop,E,E-prop,4,T,T-super
uncle,relative,T,T-super,T,T-super,5,T,T-super
university,study,S,S-action,S,S-action,6,S,S-function
valley,dale,T,T-syn,T,T-syn,2,T,T-syn
value,worth,T,T-syn,T,T-syn,15,T,T-syn
video,audio,T,T-ant,T,T-ant,4,T,T-coord
vinegar,acid,E,E-prop,E,E-prop,4,E,E-comp
vinegar,oil,T,T-coord,T,T-coord,8,T,T-coord
vinegar,sour,E,E-prop,E,E-prop,13,E,E-prop
violence,hurt,S,S-context,S,S-context,5,S,S-action
violin,instrument,T,T-super,T,T-super,6,T,T-super
visa,credit card,T,T-super,T,T-super,7,T,T-coord
volcano,ash,S,S-obj,S,S-obj,4,E,E-beh
volcano,erupt,E,E-beh,E,E-beh,9,E,E-beh
volleyball,sport,T,T-super,T,T-super,5,T,T-super
water,H2O,T,T-syn,T,T-syn,1,T,T-syn
water,lake,E,E-whole,E,E-whole,3,T,T-sub
watermelon,fruit,T,T-super,T,T-super,12,T,T-super
watermelon,green,E,E-prop,E,E-prop,5,E,E-prop
watermelon,red,E,E-prop,E,E-prop,7,E,E-prop
wealth,money,S,S-obj,S,S-obj,27,T,T-syn
wealth,riches,T,T-syn,T,T-syn,4,T,T-syn
weather,clouds,S,S-obj,S,S-obj,5,E,E-comp
wedding,bride,S,S-agent,S,S-agent,10,S,S-agent
wedding,marriage,T,T-syn,T,T-syn,6,T,T-syn
whale,big,E,E-prop,E,E-prop,5,E,E-prop
whale,dolphin,T,T-coord,T,T-coord,3,T,T-coord
whale,ocean,S,S-loc,S,S-loc,9,S,S-loc
wheat,field,S,S-loc,S,S-loc,5,S,S-loc
wheel,round,E,E-prop,E,E-prop,12,E,E-prop
wind,air,E,E-comp,E,E-comp,4,T,T-syn
wind,leaves,S,S-obj,S,S-obj,3,S,S-obj
wolf,animal,T,T-super,T,T-super,5,T,T-super
wolf,howl,E,E-beh,E,E-beh,7,E,E-beh
wolf,moon,S,S-obj,S,S-obj,4,S,S-time
wolf,pack,E,E-whole,E,E-whole,5,E,E-whole
woman,man,T,T-ant,T,T-ant,17,T,T-coord
world,earth,T,T-syn,T,T-syn,11,T,T-syn
world,globe,T,T-syn,T,T-syn,13,T,T-syn
wrinkle,face,S,S-loc,S,S-loc,5,E,E-comp
wrist,ankle,T,T-coord,T,T-coord,3,T,T-coord
yoga,exercise,T,T-super,T,T-super,6,T,T-syn
yogurt,food,T,T-super,T,T-super,2,T,T-super
zoo,tiger,S,S-agent,S,S-agent,2,S,S-obj
zoo,zebra,S,S-agent,S,S-agent,3,S,S-obj
wealth,rich,E,E-state,E,E-state,11,T,T-syn
shadow,sun,S,S-obj,S,S-obj,6,S,S-obj
library,reading,S,S-action,S,S-action,3,S,S-loc
businessman,briefcase,S,S-obj,S,S-obj,6,S,S-obj
daughter,child,E,E-prop,T,T-super,7,T,T-sub
logic,puzzle,S,S-obj,S,S-obj,3,S,S-obj
neck,beard,S,S-obj,S,S-obj,2,E,E-comp
