,cue,response,humanA1,humanA2,humanB1,humanB2,frequency
1,ability,agility,T,T-sub,T,T-sub,2
2,ability,capable,E,E-prop,E,E-prop,4
3,ability,talent,T,T-syn,T,T-syn,8
4,achievement,award,T,T-coord,S,S-obj,7
5,achievement,goal,E,E-prop,E,E-prop,10
6,achievement,success,T,T-syn,E,E-state,7
7,adventure,journey,S,S-time,S,S-time,2
8,adventure,trip,S,S-time,S,S-time,3
9,air,atmosphere,E,E-whole,E,E-whole,5
10,air,breath,S,S-action,S,S-action,4
11,air,breathe,S,S-action,S,S-action,13
12,airport,plane,S,S-obj,S,S-obj,13
13,airport,planes,S,S-obj,S,S-obj,4
14,airport,travel,S,S-action,S,S-action,9
15,alcohol,drink,T,T-super,S,S-action,8
16,alcohol,drunk,S,S-context,S,S-context,7
17,ambulance,hospital,S,S-loc,S,S-loc,9
18,ambulance,sick,S,S-context,S,S-context,2
19,ambulance,siren,E,E-comp,E,E-comp,10
20,ancestor,ancient,E,E-prop,E,E-prop,4
21,ancestor,family,E,E-whole,E,E-whole,9
22,ancestor,history,E,E-whole,E,E-whole,6
23,ancestor,old,E,E-prop,E,E-prop,10
24,ancestor,relative,T,T-super,E,E-prop,5
25,anchor,weight,E,E-prop,E,E-prop,8
26,apartment,home,T,T-super,T,T-super,9
27,apartment,house,T,T-syn,T,T-coord,7
28,apple,tree,E,E-whole,E,E-whole,7
29,army,green,S,S-context,S,S-context,5
30,army,military,E,E-whole,E,E-whole,4
31,army,navy,T,T-coord,T,T-coord,10
32,army,soldier,E,E-comp,S,S-agent,10
33,army,war,S,S-time,S,S-time,9
34,arrest,jail,S,S-loc,S,S-loc,9
35,arrest,stop,T,T-syn,T,T-syn,10
36,arrow,bow,S,S-obj,S,S-obj,20
37,arrow,head,E,E-comp,E,E-comp,3
38,arrow,straight,E,E-prop,E,E-state,4
39,art,beauty,I,I-contin,I,I-eval,3
40,art,craft,T,T-ant,T,T-ant,2
41,art,paint,S,S-obj,S,S-obj,6
42,art,picture,T,T-sub,T,T-sub,3
43,atom,molecule,E,E-whole,E,E-whole,6
44,atom,particle,T,T-super,E,E-comp,3
45,atom,science,I,I-contin,E,E-whole,8
46,attack,defend,T,T-ant,T,T-ant,5
47,attack,fight,T,T-coord,E,E-beh,9
48,attack,hit,T,T-coord,S,S-action,3
49,attitude,bad,E,E-state,E,E-state,7
50,attitude,good,E,E-state,E,E-state,3
51,audience,applause,E,E-beh,S,S-action,5
52,audience,clap,E,E-beh,S,S-action,4
53,audience,clapping,E,E-beh,S,S-action,3
54,audience,crowd,T,T-syn,E,E-prop,7
55,aunt,family,T,T-super,E,E-whole,7
56,aunt,relative,T,T-super,E,E-comp,3
57,aunt,uncle,T,T-coord,T,T-coord,24
58,aunt,woman,E,E-prop,E,E-prop,4
59,author,write,E,E-beh,E,E-beh,2
60,author,writer,T,T-sub,E,E-comp,20
61,balance,beam,S,S-obj,S,S-obj,8
62,ball,bat,S,S-obj,S,S-obj,5
63,ball,game,S,S-time,E,E-whole,5
64,ball,play,S,S-action,S,S-action,5
65,ballet,dance,T,T-coord,T,T-super,18
66,ballet,dancer,S,S-agent,S,S-agent,2
67,balloon,air,E,E-comp,S,S-loc,7
68,balloon,ball,T,T-coord,T,T-super,3
69,balloon,pop,S,S-action,S,S-action,6
70,balloon,red,E,E-prop,S,S-context,8
71,bamboo,panda,S,S-agent,S,S-agent,16
72,bamboo,shoot,E,E-prop,E,E-comp,3
73,bamboo,tree,T,T-super,T,T-super,3
74,bamboo,wood,E,E-comp,E,E-comp,7
75,bandage,Band-Aid,T,T-sub,T,T-sub,9
76,bandage,cut,S,S-action,S,S-obj,7
77,bandage,injury,S,S-obj,S,S-obj,4
78,baseball,ball,S,S-obj,S,S-obj,4
79,baseball,bat,S,S-obj,S,S-obj,16
80,basement,attic,T,T-ant,T,T-ant,2
81,basement,cold,E,E-prop,S,S-targetstate,5
82,basement,dark,E,E-prop,S,S-targetstate,8
83,basement,house,E,E-whole,S,S-loc,3
84,basketball,game,T,T-super,E,E-comp,5
85,basketball,hoop,S,S-obj,S,S-obj,7
86,bat,ball,S,S-obj,S,S-obj,10
87,bat,baseball,S,S-action,S,S-obj,11
88,beach,ball,S,S-obj,S,S-obj,4
89,beach,ocean,S,S-loc,S,S-obj,7
90,beach,sand,E,E-comp,S,S-obj,27
91,beach,sea,S,S-loc,S,S-obj,4
92,bear,big,E,E-prop,E,E-state,2
93,bear,cub,T,T-sub,T,T-sub,3
94,beast,monster,T,T-sub,T,T-sub,8
95,bed,mattress,E,E-comp,S,S-obj,4
96,bed,rest,S,S-function,S,S-function,3
97,bee,honey,S,S-obj,T,T-sub,18
98,bee,sting,E,E-beh,S,S-action,9
99,beef,cow,E,E-whole,E,E-whole,20
100,beef,steak,T,T-sub,T,T-sub,7
101,beer,ale,T,T-sub,T,T-sub,6
102,beer,bottle,S,S-loc,S,S-loc,3
103,beer,drink,T,T-super,S,S-action,7
104,beer,drunk,S,S-context,S,S-context,3
105,bikini,beach,S,S-loc,S,S-loc,14
106,bikini,swimsuit,T,T-super,T,T-super,6
107,bikini,wax,S,S-action,S,S-action,2
108,blood,gore,I,I-contin,S,S-obj,2
109,blood,guts,T,T-coord,S,S-obj,3
110,blood,red,E,E-prop,E,E-prop,17
111,blood,relative,I,I-contin,I,I-contin,3
112,body,human,T,T-sub,T,T-sub,3
113,body,soul,T,T-ant,T,T-ant,4
114,bomb,atom,T,T-sub,T,T-sub,2
115,bomb,blast,E,E-beh,E,E-beh,2
116,bomb,explode,E,E-beh,E,E-beh,7
117,bomb,explosion,E,E-beh,E,E-beh,8
118,bone,broken,S,S-targetstate,S,S-targetstate,2
119,bone,dog,S,S-agent,S,S-agent,6
120,box,cardboard,E,E-comp,T,T-sub,9
121,box,carton,E,E-comp,T,T-coord,2
122,box,cutter,S,S-obj,S,S-obj,2
123,boxing,gloves,S,S-obj,S,S-obj,10
124,boyfriend,gay,S,S-targetstate,S,S-targetstate,1
125,boyfriend,girlfriend,T,T-ant,T,T-ant,15
126,boyfriend,love,I,I-emo,I,I-emo,7
127,boyfriend,lover,T,T-coord,E,E-prop,4
128,boyfriend,partner,T,T-super,E,E-comp,4
129,bra,strap,E,E-comp,E,E-comp,5
130,brand,jeans,S,S-context,S,S-context,1
131,bread,loaf,E,E-whole,E,E-whole,3
132,bread,wheat,E,E-comp,E,E-prop,9
133,breakfast,cereal,T,T-sub,T,T-sub,5
134,breakfast,eggs,T,T-sub,S,S-obj,9
135,breakfast,food,S,S-obj,S,S-obj,8
136,bride,groom,T,T-ant,T,T-ant,14
137,bride,marriage,S,S-time,S,S-time,5
138,bride,white,E,E-prop,E,E-prop,11
139,bride,wife,E,E-prop,E,E-prop,5
140,brother,friend,I,I-eval,T,T-syn,3
141,brother,kin,T,T-super,T,T-sub,1
142,brother,mother,T,T-coord,T,T-coord,7
143,brother,sibling,T,T-super,T,T-super,9
144,brother,sister,T,T-ant,T,T-ant,21
145,bullet,gun,E,E-whole,E,E-whole,24
146,bullet,wound,S,S-context,S,S-context,3
147,businessman,money,S,S-obj,S,S-obj,8
148,businessman,suit,E,E-comp,E,E-comp,13
149,butter,bread,S,S-obj,S,S-obj,11
150,butter,fat,E,E-comp,E,E-comp,6
151,butter,margarine,T,T-sub,T,T-syn,5
152,cake,chocolate,E,E-comp,T,T-sub,7
153,cake,eat,S,S-action,S,S-action,4
154,cake,icing,E,E-comp,E,E-comp,6
155,cancer,breast,T,T-sub,T,T-sub,2
156,cancer,sick,S,S-context,E,E-state,4
157,candle,flame,E,E-comp,E,E-comp,14
158,candle,light,S,S-function,S,S-function,19
159,capital,building,S,S-action,S,S-obj,2
160,capital,money,E,E-comp,E,E-comp,9
161,capital,state,E,E-whole,E,E-whole,3
162,capitalism,America,S,S-loc,I,I-contin,5
163,capitalism,economy,E,E-whole,E,E-whole,2
164,capitalism,Marx,I,I-contin,I,I-contin,2
165,carrot,juice,E,E-comp,E,E-comp,2
166,carrot,rabbit,S,S-agent,S,S-agent,9
167,castle,fort,T,T-coord,T,T-sub,3
168,castle,king,S,S-agent,S,S-agent,6
169,castle,medieval,E,E-prop,E,E-prop,4
170,castle,stone,E,E-comp,E,E-comp,8
171,cat,dog,T,T-coord,T,T-coord,20
172,cat,mouse,T,T-coord,T,T-coord,4
173,ceiling,top,T,T-syn,E,E-state,7
174,cell,biology,E,E-whole,E,E-whole,7
175,cell,wall,E,E-comp,E,E-comp,3
176,challenge,accepted,S,S-action,S,S-action,3
177,challenge,difficult,I,I-eval,I,I-eval,6
178,challenge,hard,I,I-eval,I,I-eval,8
179,challenge,task,T,T-super,S,S-obj,3
180,challenge,win,S,S-action,S,S-action,2
181,champagne,bubbles,T,T-syn,E,E-prop,8
182,champagne,bubbly,E,E-prop,E,E-prop,8
183,champagne,glass,S,S-obj,S,S-obj,5
184,champion,best,E,E-prop,E,E-prop,5
185,champion,hero,T,T-super,T,T-syn,1
186,champion,win,S,S-action,S,S-action,1
187,chemistry,biology,T,T-coord,T,T-coord,5
188,chemistry,chemicals,S,S-obj,S,S-obj,5
189,chemistry,lab,S,S-loc,S,S-loc,4
190,chemistry,physics,T,T-coord,T,T-coord,4
191,cherry,picker,S,S-agent,S,S-obj,2
192,cherry,tree,E,E-comp,E,E-comp,6
193,childhood,friends,S,S-agent,S,S-agent,2
194,childhood,fun,I,I-eval,I,I-eval,4
195,childhood,memories,S,S-obj,S,S-time,5
196,childhood,youth,I,I-contin,I,I-contin,4
197,chimney,brick,E,E-comp,E,E-comp,5
198,chimney,fire,S,S-obj,S,S-obj,11
199,chimney,smoke,S,S-obj,S,S-obj,13
200,chin,cleft,E,E-comp,E,E-comp,3
201,chin,double,S,S-targetstate,S,S-targetstate,4
202,chocolate,brown,E,E-prop,E,E-prop,9
203,cigar,cigarette,T,T-coord,T,T-coord,8
204,cigar,Cuba,T,T-sub,T,T-sub,3
205,cigar,Cuban,T,T-sub,T,T-sub,5
206,cigar,smoke,S,S-obj,S,S-obj,21
207,cigarette,smoke,S,S-action,E,E-beh,22
208,cinema,film,S,S-obj,S,S-obj,11
209,cinema,movie,S,S-obj,S,S-obj,19
210,cinema,movies,T,T-syn,S,S-obj,5
211,cinema,theater,T,T-syn,T,T-syn,11
212,city,state,E,E-whole,E,E-whole,3
213,city,urban,E,E-prop,E,E-prop,5
214,cliff,edge,E,E-comp,E,E-comp,6
215,cliff,fall,S,S-action,S,S-action,8
216,cliff,mountain,E,E-whole,E,E-whole,4
217,cloud,fluffy,E,E-prop,E,E-prop,7
218,cloud,rain,S,S-obj,S,S-obj,12
219,cloud,sky,S,S-loc,S,S-loc,16
220,cloud,white,E,E-prop,E,E-prop,9
221,clown,funny,I,I-eval,I,I-eval,6
222,clown,makeup,E,E-comp,E,E-comp,5
223,clown,nose,E,E-comp,E,E-comp,5
224,coach,bus,T,T-syn,T,T-syn,6
225,coach,football,S,S-time,S,S-time,5
226,coach,purse,T,T-super,S,S-context,2
227,coach,teacher,T,T-coord,E,E-prop,4
228,coach,team,S,S-agent,S,S-obj,9
229,coconut,milk,E,E-comp,E,E-comp,14
230,coconut,oil,E,E-comp,E,E-comp,4
231,coconut,palm,E,E-whole,E,E-whole,5
232,coconut,tree,E,E-whole,E,E-whole,8
233,coffin,box,T,T-super,E,E-comp,4
234,coffin,death,S,S-context,S,S-context,14
235,colony,bacteria,E,E-comp,T,T-sub,2
236,comedy,fun,I,I-eval,E,E-prop,4
237,comedy,funny,I,I-eval,E,E-prop,16
238,comedy,humor,E,E-prop,E,E-prop,2
239,comment,opinion,T,T-coord,T,T-coord,10
240,comment,remark,T,T-coord,T,T-syn,2
241,comment,say,S,S-action,S,S-action,7
242,comment,speak,S,S-action,S,S-action,5
243,comment,word,E,E-comp,S,S-obj,2
244,community,church,T,T-sub,S,S-loc,2
245,community,group,T,T-super,E,E-comp,7
246,community,neighborhood,T,T-sub,T,T-sub,5
247,community,people,E,E-comp,E,E-whole,8
248,community,town,T,T-sub,T,T-super,4
249,company,friend,T,T-syn,S,S-agent,3
250,company,friends,T,T-syn,S,S-agent,9
251,competitor,athlete,T,T-sub,T,T-sub,3
252,competitor,business,T,T-sub,T,T-sub,4
253,competitor,competition,S,S-time,E,E-whole,6
254,computer,PC,T,T-sub,T,T-sub,2
255,computer,screen,S,S-obj,E,E-comp,4
256,concert,music,E,E-prop,E,E-comp,21
257,concert,orchestra,S,S-agent,S,S-obj,3
258,concert,symphony,S,S-targetstate,S,S-targetstate,2
259,conclusion,done,S,S-targetstate,E,E-prop,3
260,control,power,E,E-prop,E,E-prop,8
261,core,abs,T,T-syn,S,S-obj,1
262,core,apple,E,E-whole,E,E-whole,19
263,core,center,T,T-syn,E,E-prop,14
264,core,earth,E,E-whole,E,E-whole,10
265,core,middle,T,T-syn,E,E-prop,4
266,corn,chips,S,S-targetstate,E,E-comp,1
267,corn,cob,E,E-whole,E,E-whole,13
268,corn,field,S,S-loc,S,S-loc,6
269,corner,angle,E,E-prop,E,E-prop,2
270,corner,edge,E,E-prop,E,E-prop,4
271,corner,room,E,E-whole,E,E-whole,4
272,corner,street,S,S-loc,S,S-loc,4
273,corridor,hall,T,T-coord,T,T-coord,10
274,corridor,hallway,T,T-syn,T,T-coord,17
275,corridor,house,E,E-whole,E,E-whole,1
276,corridor,long,E,E-prop,E,E-state,3
277,cotton,ball,E,E-whole,E,E-comp,4
278,cotton,cloth,E,E-whole,E,E-comp,2
279,cotton,clothes,E,E-whole,E,E-comp,6
280,cotton,wool,T,T-coord,S,S-targetstate,5
281,country,home,S,S-targetstate,S,S-targetstate,2
282,crab,legs,E,E-comp,E,E-comp,3
283,cream,pie,S,S-obj,S,S-obj,2
284,credit,debit,T,T-ant,T,T-ant,4
285,credit,due,E,E-prop,E,E-prop,3
286,crime,criminal,S,S-agent,S,S-agent,6
287,crime,jail,S,S-loc,S,S-loc,4
288,crime,punishment,S,S-action,S,S-action,8
289,cucumber,cool,I,I-contin,E,E-prop,5
290,cucumber,pickle,E,E-state,T,T-sub,4
291,cucumber,salad,E,E-whole,E,E-whole,13
292,culture,art,S,S-obj,E,E-comp,4
293,culture,arts,S,S-obj,E,E-comp,2
294,culture,civilization,T,T-syn,E,E-whole,1
295,cup,coffee,S,S-obj,S,S-obj,10
296,cup,saucer,S,S-obj,S,S-obj,5
297,cup,tea,S,S-obj,S,S-obj,12
298,curtain,rod,S,S-obj,S,S-obj,3
299,curtain,window,S,S-loc,S,S-obj,11
300,date,day,E,E-comp,E,E-comp,4
301,date,night,S,S-time,S,S-time,3
302,date,time,T,T-coord,S,S-time,7
303,date,today,T,T-sub,T,T-sub,3
304,daughter,mother,T,T-coord,S,S-agent,12
305,daughter,sister,T,T-coord,T,T-super,4
306,daughter,son,T,T-ant,T,T-ant,14
307,dawn,breaking,S,S-action,S,S-action,2
308,dawn,day,S,S-time,E,E-comp,4
309,dawn,dusk,T,T-ant,T,T-ant,7
310,dawn,morning,S,S-time,E,E-prop,15
311,dawn,sun,S,S-obj,S,S-obj,11
312,deer,doe,T,T-sub,T,T-sub,7
313,deer,headlights,S,S-obj,S,S-obj,4
314,deer,hunt,S,S-action,S,S-action,2
315,democracy,America,I,I-contin,T,T-sub,3
316,democracy,freedom,E,E-prop,E,E-prop,6
317,democracy,government,E,E-whole,S,S-action,9
318,democracy,Greece,I,I-contin,T,T-sub,4
319,democracy,republic,E,E-whole,E,E-whole,2
320,dentist,doctor,T,T-super,T,T-coord,5
321,dentist,pain,S,S-context,S,S-context,8
322,depth,breadth,T,T-ant,T,T-ant,5
323,depth,ocean,S,S-obj,S,S-obj,9
324,depth,sea,E,E-whole,S,S-obj,4
325,destination,end,T,T-syn,E,E-prop,4
326,destination,journey,S,S-action,S,S-action,4
327,destination,place,T,T-super,E,E-prop,6
328,destination,travel,S,S-time,S,S-action,11
329,destination,trip,S,S-action,S,S-action,6
330,diamond,jewelry,T,T-super,T,T-super,4
331,dictionary,book,T,T-super,T,T-super,7
332,dictionary,definition,E,E-comp,E,E-comp,3
333,dignity,class,T,T-coord,T,T-coord,1
334,dignity,honor,T,T-coord,T,T-coord,8
335,dignity,poise,T,T-coord,T,T-coord,2
336,dignity,pride,T,T-coord,T,T-coord,13
337,dignity,respect,T,T-coord,T,T-coord,11
338,dinner,eat,S,S-action,S,S-action,5
339,dinner,lunch,T,T-coord,T,T-coord,6
340,dinner,supper,T,T-coord,T,T-syn,11
341,dinosaur,old,E,E-prop,E,E-prop,8
342,dishwasher,clean,S,S-targetstate,S,S-function,8
343,dishwasher,machine,T,T-super,T,T-super,3
344,divorce,separate,S,S-action,S,S-action,5
345,divorce,separation,S,S-context,S,S-action,5
346,divorce,split,S,S-action,S,S-action,6
347,doctor,medical,E,E-prop,E,E-prop,3
348,doctor,nurse,T,T-coord,S,S-agent,8
349,dog,bark,E,E-beh,E,E-beh,3
350,dog,cat,T,T-coord,T,T-coord,18
351,dog,pet,T,T-super,T,T-super,6
352,dolphin,fish,T,T-super,S,S-agent,8
353,donkey,ass,T,T-syn,T,T-coord,18
354,donkey,mule,T,T-sub,T,T-coord,10
355,door,open,E,E-state,E,E-state,13
356,door,opening,T,T-super,E,E-state,4
357,door,window,S,S-obj,S,S-obj,9
358,drum,band,S,S-agent,S,S-obj,3
359,drum,bang,S,S-action,S,S-action,5
360,drum,bass,T,T-coord,S,S-obj,4
361,drum,percussion,T,T-super,E,E-whole,2
362,ear,hear,S,S-function,E,E-beh,10
363,ear,hearing,E,E-prop,E,E-prop,7
364,ear,wax,E,E-comp,E,E-comp,4
365,earring,diamond,E,E-comp,E,E-comp,5
366,earring,ear,S,S-obj,S,S-obj,9
367,earring,gold,E,E-comp,E,E-comp,7
368,earring,hoop,E,E-prop,E,E-prop,2
369,earth,blue,E,E-prop,E,E-prop,4
370,earth,planet,T,T-super,T,T-super,14
371,earthquake,shake,S,S-action,S,S-action,11
372,earthquake,tremor,T,T-syn,E,E-beh,6
373,education,knowledge,S,S-obj,S,S-function,3
374,education,learning,S,S-action,S,S-action,5
375,efficiency,fast,I,I-contin,E,E-prop,7
376,efficiency,quick,I,I-contin,E,E-prop,6
377,efficiency,speed,I,I-contin,E,E-prop,4
378,efficiency,work,S,S-action,S,S-action,5
379,election,rigged,S,S-context,S,S-targetstate,2
380,element,chemical,T,T-super,E,E-whole,2
381,element,metal,T,T-sub,E,E-comp,2
382,element,science,S,S-obj,S,S-obj,5
383,empire,kingdom,T,T-coord,T,T-sub,7
384,empire,Star Wars,I,I-contin,S,S-obj,3
385,empire,state,T,T-syn,E,E-comp,7
386,enemy,evil,I,I-eval,I,I-eval,3
387,energy,electricity,S,S-obj,E,E-prop,2
388,energy,high,E,E-state,E,E-state,1
389,entertainment,fun,I,I-eval,E,E-prop,9
390,entertainment,movie,T,T-sub,T,T-sub,8
391,entertainment,movies,T,T-sub,T,T-sub,6
392,envelope,mail,T,T-super,S,S-obj,14
393,envelope,paper,E,E-comp,E,E-comp,5
394,evidence,court,S,S-loc,S,S-loc,5
395,evidence,crime,S,S-time,S,S-time,7
396,evidence,facts,E,E-comp,E,E-prop,2
397,exam,bar,T,T-sub,T,T-sub,0
398,exam,examination,S,S-time,S,S-time,3
399,exam,test,T,T-super,E,E-comp,26
400,eye,glasses,S,S-obj,S,S-obj,6
401,eye,see,S,S-function,E,E-beh,9
402,eye,sight,E,E-prop,E,E-prop,6
403,eyebrow,eye,S,S-obj,E,E-whole,7
404,eyebrow,face,E,E-whole,E,E-whole,6
405,eyebrow,piercing,S,S-obj,S,S-obj,2
406,face,visage,T,T-syn,T,T-syn,3
407,factory,build,S,S-action,S,S-action,2
408,family,friends,T,T-coord,S,S-agent,5
409,family,mom,T,T-sub,T,T-sub,2
410,family,mother,T,T-sub,T,T-sub,2
411,farm,cows,S,S-obj,S,S-obj,3
412,farm,house,T,T-super,T,T-super,4
413,feedback,critique,T,T-coord,T,T-syn,2
414,feedback,information,T,T-super,E,E-comp,2
415,feedback,loop,E,E-prop,E,E-prop,4
416,feedback,positive,E,E-prop,E,E-prop,6
417,feedback,response,T,T-super,E,E-comp,11
418,festival,carnival,T,T-sub,T,T-coord,7
419,festival,celebration,T,T-super,S,S-action,4
420,festival,music,S,S-obj,S,S-obj,7
421,festival,party,T,T-coord,S,S-context,14
422,fish,food,T,T-super,T,T-sub,5
423,fish,water,S,S-loc,S,S-loc,6
424,fishing,fish,S,S-obj,S,S-agent,9
425,flour,baking,S,S-action,S,S-action,11
426,flour,bread,E,E-whole,E,E-whole,10
427,flour,cake,E,E-whole,E,E-whole,7
428,flour,white,E,E-prop,E,E-beh,9
429,flower,petal,E,E-comp,E,E-comp,4
430,flower,rose,T,T-sub,T,T-sub,8
431,flower,smell,S,S-action,S,S-action,3
432,flute,champagne,S,S-obj,S,S-obj,3
433,flute,piccolo,T,T-sub,T,T-coord,3
434,fog,cloud,T,T-coord,E,E-whole,7
435,fog,horn,S,S-obj,S,S-obj,2
436,fog,London,S,S-loc,S,S-loc,4
437,football,ball,S,S-obj,E,E-prop,4
438,football,game,S,S-time,S,S-time,6
439,forest,green,E,E-prop,E,E-prop,11
440,forest,tree,E,E-comp,E,E-comp,5
441,forest,trees,E,E-comp,E,E-comp,22
442,forest,woods,T,T-coord,T,T-coord,5
443,fork,knife,T,T-coord,T,T-coord,19
444,fox,clever,E,E-prop,E,E-prop,3
445,fox,hound,S,S-agent,S,S-agent,5
446,fox,sly,E,E-prop,E,E-prop,6
447,frame,door,E,E-comp,E,E-comp,2
448,frame,glass,E,E-comp,E,E-comp,2
449,frame,window,E,E-comp,E,E-comp,3
450,freedom,America,I,I-contin,I,I-contin,6
451,freedom,eagle,I,I-contin,S,S-agent,3
452,freedom,flag,I,I-contin,S,S-obj,4
453,friend,best,S,S-targetstate,S,S-targetstate,5
454,friendship,fun,I,I-eval,I,I-eval,2
455,friendship,love,T,T-coord,E,E-prop,10
456,frog,croak,E,E-beh,E,E-beh,3
457,frog,green,E,E-prop,E,E-prop,12
458,frog,leap,E,E-beh,E,E-beh,5
459,fruit,apple,T,T-sub,T,T-sub,16
460,fruit,banana,T,T-sub,T,T-sub,9
461,fruit,orange,T,T-sub,T,T-sub,7
462,fruit,salad,E,E-whole,E,E-whole,3
463,fruit,vegetable,T,T-ant,T,T-ant,4
464,funeral,dead,S,S-context,S,S-context,3
465,funeral,death,S,S-time,I,I-contin,20
466,furniture,table,T,T-sub,T,T-sub,10
467,future,ahead,I,I-contin,E,E-prop,3
468,future,tense,T,T-super,T,T-super,7
469,future,tomorrow,T,T-sub,E,E-state,5
470,garage,carport,T,T-sub,T,T-coord,2
471,garage,door,E,E-comp,E,E-comp,7
472,garage,sale,S,S-action,S,S-action,2
473,garden,flower,S,S-obj,S,S-obj,6
474,garden,green,E,E-prop,E,E-prop,6
475,garden,plants,S,S-obj,S,S-obj,3
476,garden,vegetables,S,S-obj,S,S-obj,5
477,genius,brilliant,T,T-syn,E,E-prop,4
478,genius,clever,E,E-prop,E,E-prop,4
479,genius,intelligent,E,E-prop,E,E-prop,5
480,genius,smart,E,E-prop,E,E-prop,17
481,ghost,scary,I,I-eval,E,E-prop,4
482,ghost,white,E,E-prop,E,E-prop,9
483,girl,boy,T,T-ant,T,T-ant,18
484,girl,child,E,E-state,E,E-prop,5
485,girl,female,E,E-prop,E,E-prop,7
486,girl,friend,S,S-agent,S,S-agent,6
487,girl,woman,T,T-super,T,T-ant,10
488,girlfriend,boyfriend,T,T-ant,T,T-ant,13
489,girlfriend,love,I,I-emo,E,E-prop,7
490,girlfriend,lover,T,T-super,E,E-prop,5
491,girlfriend,partner,T,T-super,E,E-prop,5
492,goose,egg,S,S-obj,S,S-obj,4
493,goose,gander,T,T-sub,T,T-ant,7
494,government,big,S,S-targetstate,S,S-targetstate,2
495,government,people,E,E-comp,E,E-comp,2
496,government,politics,E,E-prop,E,E-prop,6
497,government,rule,E,E-beh,E,E-beh,3
498,grape,juice,E,E-whole,E,E-prop,8
499,grape,vine,E,E-whole,E,E-whole,7
500,grape,wine,E,E-whole,E,E-whole,17
501,grass,green,E,E-prop,E,E-prop,28
502,grass,lawn,E,E-whole,E,E-whole,9
503,guest,friend,T,T-coord,S,S-targetstate,9
504,guest,home,S,S-loc,S,S-loc,2
505,guest,host,T,T-ant,T,T-ant,3
506,gym,exercise,S,S-function,S,S-action,13
507,gym,fitness,S,S-function,S,S-function,2
508,gym,weights,S,S-obj,S,S-obj,8
509,gym,work out,S,S-function,S,S-action,2
510,gym,workout,S,S-action,S,S-action,5
511,ham,bacon,T,T-coord,T,T-coord,5
512,ham,pig,E,E-whole,E,E-whole,13
513,ham,pork,T,T-super,T,T-super,6
514,ham,sandwich,S,S-obj,S,S-obj,10
515,hammer,nail,S,S-obj,S,S-obj,22
516,hammer,nails,S,S-obj,S,S-obj,3
517,hamster,animal,T,T-super,T,T-super,3
518,hamster,gerbil,T,T-coord,T,T-coord,4
519,hamster,pet,T,T-super,T,T-super,10
520,hamster,rodent,T,T-super,T,T-super,9
521,hand,foot,T,T-coord,T,T-ant,5
522,hand,give,T,T-syn,S,S-action,4
523,hand,left,E,E-prop,E,E-state,3
524,handkerchief,cold,S,S-context,S,S-context,2
525,handkerchief,napkin,T,T-syn,T,T-coord,2
526,handkerchief,sneeze,S,S-action,S,S-action,7
527,handkerchief,tissue,T,T-syn,T,T-coord,6
528,head,ache,S,S-targetstate,S,S-targetstate,3
529,head,brain,T,T-syn,E,E-prop,5
530,head,hair,E,E-comp,E,E-comp,7
531,head,shoulders,T,T-coord,T,T-coord,3
532,head,top,T,T-syn,E,E-state,5
533,health,good,I,I-eval,E,E-state,6
534,health,happiness,T,T-coord,I,I-emo,4
535,health,wellbeing,T,T-coord,E,E-comp,5
536,health,wellness,T,T-coord,E,E-prop,3
537,heaven,earth,T,T-ant,T,T-ant,2
538,height,length,T,T-coord,E,E-prop,3
539,height,short,E,E-state,E,E-state,7
540,height,tall,E,E-state,E,E-state,24
541,height,weight,T,T-coord,T,T-coord,15
542,helicopter,chopper,T,T-syn,T,T-syn,5
543,hell,damnation,S,S-context,I,I-contin,4
544,hell,fire,S,S-obj,S,S-obj,10
545,hell,Hades,T,T-syn,T,T-syn,5
546,hell,hot,E,E-prop,E,E-prop,6
547,helmet,bike,S,S-obj,S,S-obj,11
548,helmet,head,S,S-loc,S,S-loc,12
549,helmet,motorcycle,S,S-obj,S,S-obj,5
550,history,past,E,E-prop,E,E-prop,11
551,history,story,T,T-syn,E,E-prop,5
552,history,world,S,S-obj,S,S-obj,2
553,hobby,fun,E,E-prop,E,E-prop,6
554,hobby,pastime,T,T-syn,T,T-syn,5
555,hole,ass,T,T-sub,E,E-whole,4
556,hole,dig,S,S-action,S,S-action,7
557,hole,golf,S,S-action,S,S-obj,4
558,hole,ground,S,S-loc,S,S-loc,8
559,hole,pit,T,T-syn,E,E-state,3
560,horse,buggy,S,S-obj,S,S-obj,2
561,horse,pony,T,T-sub,T,T-sub,3
562,humor,funny,E,E-prop,E,E-prop,22
563,husband,dead,S,S-targetstate,S,S-targetstate,1
564,husband,man,E,E-prop,E,E-prop,10
565,husband,wife,T,T-ant,T,T-ant,23
566,ice,snow,E,E-state,E,E-state,6
567,ice,water,E,E-state,E,E-state,11
568,identity,me,I,I-contin,E,E-prop,4
569,identity,self,T,T-syn,E,E-comp,9
570,idol,God,T,T-coord,S,S-obj,6
571,idol,gold,E,E-comp,E,E-comp,3
572,idol,worship,S,S-context,S,S-action,9
573,import,bring in,T,T-syn,T,T-syn,2
574,import,car,S,S-obj,S,S-obj,1
575,import,export,T,T-ant,T,T-ant,17
576,import,goods,S,S-obj,S,S-obj,5
577,impression,art,T,T-super,T,T-super,4
578,insect,six legs,E,E-comp,E,E-comp,1
579,insect,spider,T,T-sub,T,T-coord,3
580,insurance,car,T,T-sub,S,S-targetstate,7
581,insurance,claim,S,S-action,S,S-action,5
582,insurance,fraud,S,S-action,S,S-action,3
583,interview,job,T,T-sub,S,S-targetstate,18
584,interview,question,S,S-obj,S,S-action,3
585,interview,questions,S,S-obj,S,S-obj,3
586,iron,steel,T,T-coord,T,T-sub,4
587,island,beach,E,E-comp,E,E-comp,5
588,island,isle,T,T-syn,T,T-syn,2
589,island,sea,S,S-loc,S,S-loc,3
590,jeans,blue,E,E-prop,E,E-comp,19
591,jeans,denim,E,E-comp,E,E-comp,11
592,joke,funny,E,E-prop,E,E-prop,22
593,joke,jester,S,S-agent,S,S-agent,1
594,juice,apple,T,T-sub,T,T-sub,14
595,juice,box,S,S-loc,S,S-loc,2
596,juice,drink,T,T-super,S,S-action,6
597,juice,fruit,T,T-sub,E,E-state,7
598,juice,orange,T,T-sub,T,T-sub,24
599,killer,bees,T,T-super,T,T-super,2
600,king,crown,E,E-comp,E,E-comp,7
601,king,knight,S,S-agent,S,S-agent,2
602,king,queen,T,T-ant,T,T-ant,21
603,king,royal,E,E-prop,E,E-prop,3
604,king,ruler,T,T-super,E,E-prop,5
605,kingdom,animal,T,T-sub,T,T-sub,3
606,kingdom,castle,S,S-loc,S,S-obj,4
607,kingdom,England,T,T-sub,T,T-sub,3
608,kingdom,king,E,E-comp,E,E-comp,12
609,kitchen,cook,S,S-function,E,E-comp,9
610,kitchen,cooking,S,S-function,E,E-comp,4
611,kitchen,table,S,S-obj,S,S-obj,3
612,kite,bird,T,T-super,T,T-super,2
613,kite,fly,S,S-function,E,E-beh,18
614,kite,wind,S,S-obj,S,S-obj,7
615,knee,bend,S,S-action,S,S-action,8
616,knee,joint,T,T-super,T,T-super,11
617,knowledge,intelligence,E,E-whole,E,E-prop,5
618,knowledge,smart,E,E-prop,E,E-prop,6
619,lake,blue,E,E-prop,E,E-prop,3
620,language,speech,S,S-action,E,E-comp,3
621,language,words,E,E-comp,E,E-comp,6
622,lantern,candle,T,T-coord,T,T-sub,3
623,lantern,lamp,E,E-comp,T,T-syn,6
624,lantern,light,T,T-super,E,E-prop,26
625,law,lawyer,S,S-agent,S,S-agent,7
626,law,order,I,I-contin,E,E-prop,7
627,law,rule,T,T-syn,E,E-prop,8
628,leaf,book,E,E-comp,E,E-whole,2
629,leaf,green,E,E-prop,E,E-prop,16
630,leaf,tree,E,E-whole,E,E-whole,22
631,leather,cow,E,E-whole,E,E-prop,11
632,leg,arm,T,T-ant,T,T-ant,16
633,leg,foot,T,T-coord,E,E-comp,8
634,legend,myth,T,T-coord,T,T-super,7
635,legend,story,T,T-super,T,T-super,14
636,legend,tale,T,T-coord,T,T-syn,7
637,letter,envelope,S,S-obj,S,S-obj,6
638,letter,mail,S,S-loc,S,S-loc,13
639,letter,post,S,S-action,S,S-action,3
640,lettuce,green,E,E-prop,E,E-prop,15
641,lettuce,salad,T,T-syn,S,S-obj,18
642,library,book,S,S-obj,E,E-comp,7
643,library,librarian,S,S-agent,S,S-agent,7
644,library,quiet,E,E-state,E,E-prop,9
645,light,bright,E,E-state,E,E-prop,8
646,light,sun,T,T-sub,T,T-super,5
647,link,chain,T,T-coord,S,S-obj,20
648,link,join,T,T-syn,E,E-prop,5
649,link,together,E,E-prop,S,S-context,4
650,lobster,fish,T,T-super,S,S-agent,3
651,lobster,food,T,T-super,T,T-super,3
652,lobster,red,E,E-prop,E,E-prop,16
653,logic,brain,I,I-contin,S,S-obj,2
654,logic,math,T,T-coord,T,T-coord,6
655,logic,reason,T,T-syn,E,E-comp,7
656,logic,smart,I,I-contin,E,E-prop,4
657,lover,love,E,E-prop,E,E-prop,4
658,lover,partner,T,T-syn,S,S-targetstate,4
659,lover,sex,S,S-action,S,S-action,13
660,lover,wife,T,T-super,S,S-targetstate,4
661,luggage,baggage,T,T-syn,T,T-syn,10
662,luggage,bags,T,T-syn,T,T-syn,5
663,luggage,travel,S,S-time,E,E-whole,9
664,lunch,food,T,T-super,E,E-comp,8
665,lunch,sandwich,S,S-obj,S,S-obj,10
666,lung,air,S,S-obj,E,E-comp,11
667,lung,breath,S,S-obj,E,E-comp,9
668,lung,breathe,S,S-function,E,E-beh,13
669,machine,engine,E,E-comp,E,E-comp,4
670,machine,washing,T,T-sub,T,T-super,3
671,machine,work,S,S-action,E,E-prop,3
672,mammal,cat,T,T-sub,T,T-sub,4
673,mandarin,Chinese,E,E-prop,E,E-whole,17
674,mango,tree,E,E-whole,E,E-whole,1
675,map,atlas,E,E-whole,E,E-whole,3
676,map,geography,E,E-whole,E,E-whole,5
677,map,Google,T,T-sub,T,T-sub,3
678,map,world,T,T-sub,T,T-sub,6
679,market,shop,E,E-comp,E,E-comp,5
680,market,store,E,E-comp,E,E-comp,7
681,marriage,divorce,T,T-ant,T,T-ant,4
682,marriage,love,E,E-prop,E,E-comp,10
683,marriage,wedding,T,T-syn,S,S-time,11
684,material,cloth,T,T-sub,T,T-sub,7
685,material,fabric,T,T-syn,T,T-sub,10
686,meat,cow,E,E-whole,T,T-sub,4
687,meat,red,E,E-prop,E,E-prop,5
688,meeting,business,T,T-sub,T,T-sub,5
689,meeting,gathering,T,T-syn,T,T-syn,4
690,meeting,work,T,T-sub,T,T-sub,5
691,melody,harmony,T,T-coord,T,T-coord,6
692,melody,rhythm,T,T-coord,E,E-comp,2
693,melody,song,E,E-whole,E,E-whole,23
694,melody,tune,T,T-syn,T,T-syn,13
695,melon,ball,E,E-prop,S,S-targetstate,2
696,melon,cantaloupe,T,T-sub,T,T-sub,5
697,melon,water,T,T-sub,T,T-sub,9
698,melon,watermelon,T,T-sub,T,T-sub,6
699,method,process,T,T-syn,E,E-comp,3
700,method,scientific,T,T-sub,T,T-sub,5
701,microscope,science,S,S-obj,E,E-whole,12
702,microscope,slide,S,S-obj,E,E-comp,5
703,milk,bottle,S,S-loc,S,S-loc,3
704,milk,carton,S,S-loc,S,S-loc,1
705,milk,cow,E,E-whole,T,T-sub,15
706,miner,coal,S,S-obj,S,S-obj,20
707,miner,gold,S,S-obj,S,S-obj,6
708,miner,underground,S,S-loc,S,S-loc,3
709,mint,fresh,E,E-prop,E,E-prop,9
710,mint,money,S,S-obj,S,S-obj,4
711,miracle,religion,E,E-whole,E,E-whole,4
712,mirror,image,S,S-obj,S,S-obj,7
713,mirror,wall,S,S-loc,S,S-loc,6
714,money,cash,T,T-sub,T,T-sub,13
715,money,currency,T,T-super,E,E-whole,3
716,money,green,E,E-prop,E,E-prop,4
717,monkey,ape,T,T-coord,T,T-super,10
718,monkey,primate,T,T-coord,T,T-super,3
719,monster,bed,S,S-loc,S,S-loc,3
720,monster,evil,E,E-state,E,E-state,3
721,monster,green,E,E-prop,E,E-prop,6
722,mood,feeling,T,T-super,E,E-comp,6
723,mood,happy,T,T-sub,T,T-sub,8
724,mood,swing,S,S-action,S,S-targetstate,4
725,moon,full,E,E-state,E,E-state,5
726,moon,stars,T,T-coord,T,T-coord,5
727,moon,sun,T,T-coord,T,T-coord,11
728,moonlight,romance,I,I-contin,I,I-emo,5
729,mountain,high,E,E-prop,E,E-prop,6
730,mountain,top,E,E-comp,E,E-comp,5
731,muscle,arm,E,E-whole,E,E-whole,3
732,muscle,fiber,E,E-comp,E,E-comp,3
733,muscle,strength,E,E-prop,E,E-prop,6
734,museum,history,S,S-context,E,E-prop,9
735,nature,green,E,E-prop,E,E-prop,6
736,nature,natural,E,E-prop,E,E-prop,3
737,nature,outdoors,T,T-syn,E,E-prop,5
738,nature,trees,E,E-comp,E,E-comp,8
739,neck,head,T,T-coord,T,T-coord,12
740,necklace,chain,E,E-prop,T,T-sub,5
741,necklace,neck,S,S-loc,S,S-loc,8
742,necklace,pearl,E,E-comp,E,E-comp,8
743,necklace,pearls,E,E-comp,E,E-comp,6
744,nerve,brain,E,E-whole,E,E-whole,7
745,nerve,ending,E,E-comp,E,E-comp,5
746,nerve,endings,E,E-comp,E,E-comp,2
747,news,good,I,I-eval,E,E-state,2
748,news,newspaper,E,E-whole,E,E-whole,3
749,news,sports,E,E-comp,E,E-comp,1
750,noise,loud,E,E-state,E,E-state,19
751,noise,music,T,T-super,S,S-targetstate,4
752,noise,sound,T,T-syn,E,E-comp,7
753,noise,white,T,T-sub,S,S-targetstate,3
754,noon,afternoon,T,T-coord,T,T-coord,5
755,noon,day,E,E-prop,E,E-prop,6
756,noon,high,E,E-prop,E,E-prop,7
757,noon,lunch,S,S-time,S,S-time,11
758,notebook,movie,I,I-contin,I,I-contin,5
759,notebook,paper,E,E-comp,E,E-comp,12
760,notebook,write,S,S-function,S,S-function,4
761,notebook,writing,S,S-function,S,S-function,5
762,novel,book,T,T-super,E,E-comp,29
763,novel,story,T,T-syn,E,E-comp,7
764,nurse,care,S,S-function,E,E-beh,4
765,nurse,doctor,T,T-coord,S,S-agent,16
766,nurse,white,E,E-prop,E,E-comp,3
767,nut,crazy,T,T-syn,T,T-syn,9
768,nut,peanut,T,T-sub,T,T-sub,7
769,nut,shell,E,E-comp,E,E-comp,5
770,ocean,blue,E,E-prop,E,E-prop,8
771,ocean,salt,E,E-comp,E,E-comp,4
772,ocean,vast,E,E-prop,E,E-prop,5
773,office,business,E,E-whole,E,E-whole,2
774,office,cubicle,E,E-comp,E,E-comp,3
775,office,desk,S,S-obj,S,S-obj,7
776,office,space,T,T-super,T,T-super,3
777,oil,black,E,E-prop,E,E-prop,6
778,oil,gas,T,T-coord,T,T-coord,4
779,oil,olive,T,T-sub,T,T-sub,5
780,oil,spill,S,S-action,S,S-targetstate,6
781,onion,garlic,T,T-coord,S,S-obj,4
782,onion,peel,S,S-action,E,E-comp,6
783,onion,tears,S,S-context,S,S-context,5
784,organ,pipe,E,E-comp,E,E-comp,6
785,orphan,alone,E,E-prop,E,E-prop,9
786,orphan,child,E,E-prop,E,E-prop,12
787,orphan,lonely,I,I-eval,E,E-prop,4
788,orphan,parentless,E,E-prop,E,E-prop,5
789,oven,bake,S,S-function,S,S-function,12
790,oven,cooking,S,S-function,S,S-function,5
791,oven,hot,E,E-prop,E,E-prop,13
792,oven,stove,T,T-syn,S,S-obj,8
793,owl,hoot,E,E-beh,E,E-beh,10
794,owl,night,S,S-time,S,S-time,14
795,owl,wise,I,I-eval,I,I-eval,3
796,palace,big,E,E-prop,E,E-prop,3
797,palace,royalty,S,S-agent,E,E-prop,5
798,parachute,falling,S,S-targetstate,S,S-context,3
799,parachute,plane,S,S-obj,S,S-obj,9
800,paragraph,essay,E,E-whole,E,E-whole,4
801,paragraph,sentence,E,E-comp,E,E-comp,12
802,paragraph,sentences,E,E-comp,E,E-comp,4
803,paragraph,words,E,E-comp,E,E-comp,5
804,parrot,green,E,E-prop,E,E-prop,6
805,parrot,repeat,E,E-beh,E,E-beh,6
806,parrot,talk,E,E-beh,E,E-beh,3
807,part,whole,T,T-ant,T,T-ant,8
808,password,code,T,T-syn,E,E-comp,5
809,password,computer,S,S-obj,S,S-obj,5
810,password,key,E,E-comp,E,E-comp,5
811,password,secret,E,E-prop,E,E-prop,11
812,password,security,E,E-whole,S,S-function,6
813,peace,calm,T,T-coord,T,T-coord,5
814,peace,love,I,I-emo,T,T-coord,12
815,peace,war,T,T-ant,T,T-ant,9
816,peanut,food,T,T-super,T,T-super,2
817,peanut,nut,T,T-super,T,T-super,2
818,penguin,tuxedo,I,I-contin,I,I-contin,6
819,pepper,black,E,E-prop,E,E-prop,7
820,pepper,hot,E,E-prop,E,E-prop,5
821,pepper,red,E,E-prop,E,E-prop,3
822,pepper,salt,T,T-ant,S,S-obj,24
823,phenomenon,happening,S,S-action,T,T-syn,6
824,phenomenon,unusual,S,S-targetstate,S,S-targetstate,3
825,philosophy,Greek,E,E-prop,T,T-sub,2
826,philosophy,science,T,T-super,T,T-coord,2
827,philosophy,study,S,S-action,S,S-action,5
828,philosophy,thought,S,S-targetstate,E,E-comp,4
829,photo,camera,S,S-obj,S,S-obj,11
830,photo,image,T,T-syn,E,E-prop,3
831,photo,memory,I,I-contin,S,S-context,4
832,physics,quantum,T,T-sub,T,T-sub,2
833,picnic,basket,S,S-obj,S,S-obj,14
834,picnic,blanket,S,S-obj,S,S-obj,12
835,picnic,food,S,S-obj,S,S-obj,9
836,picnic,lunch,S,S-time,S,S-time,3
837,picnic,table,S,S-obj,S,S-obj,5
838,pig,pork,T,T-syn,S,S-targetstate,5
839,pirate,Carribean,S,S-loc,S,S-loc,2
840,pirate,parrot,S,S-agent,S,S-agent,4
841,pirate,ship,S,S-obj,S,S-obj,17
842,pizza,cheese,E,E-comp,E,E-comp,15
843,pizza,pepperoni,E,E-comp,E,E-comp,9
844,plan,action,S,S-action,S,S-targetstate,1
845,plan,map,T,T-syn,S,S-obj,5
846,platform,dais,T,T-sub,T,T-syn,1
847,platform,train,S,S-obj,S,S-obj,8
848,pocket,jeans,E,E-whole,E,E-whole,5
849,pocket,pants,E,E-whole,E,E-whole,7
850,poem,English,E,E-prop,E,E-prop,2
851,poem,love,T,T-sub,T,T-sub,4
852,poem,rhyme,E,E-prop,E,E-prop,8
853,poem,verse,E,E-comp,E,E-comp,3
854,poet,poem,S,S-obj,E,E-prop,6
855,policy,government,S,S-obj,E,E-whole,5
856,policy,insurance,T,T-sub,T,T-sub,5
857,policy,plan,T,T-syn,T,T-syn,4
858,policy,public,T,T-sub,T,T-sub,3
859,policy,rule,T,T-syn,E,E-comp,6
860,pork,chop,S,S-targetstate,S,S-targetstate,3
861,pork,chops,S,S-targetstate,S,S-targetstate,3
862,pork,meat,T,T-super,T,T-super,9
863,pork,pig,T,T-syn,E,E-whole,23
864,poster,picture,T,T-coord,E,E-comp,6
865,potato,chip,S,S-targetstate,S,S-targetstate,4
866,potato,chips,S,S-targetstate,S,S-targetstate,5
867,potato,tomato,T,T-coord,T,T-coord,5
868,practice,law,S,S-obj,T,T-sub,2
869,practice,work,T,T-syn,E,E-prop,3
870,pressure,blood,E,E-whole,E,E-whole,3
871,pressure,force,T,T-coord,E,E-prop,4
872,pressure,stress,I,I-contin,T,T-syn,12
873,pressure,tire,E,E-whole,E,E-whole,3
874,process,computer,E,E-whole,E,E-whole,2
875,process,server,E,E-whole,E,E-whole,1
876,process,think,S,S-action,S,S-action,3
877,product,thing,T,T-super,T,T-super,4
878,project,plan,S,S-obj,S,S-obj,2
879,project,school,S,S-loc,S,S-loc,3
880,psychologist,brain,S,S-context,S,S-context,4
881,psychologist,mind,S,S-obj,S,S-context,5
882,psychologist,psychiatrist,T,T-coord,T,T-coord,2
883,psychology,brain,S,S-obj,S,S-context,8
884,psychology,doctor,T,T-coord,S,S-agent,1
885,psychology,mind,S,S-obj,S,S-context,11
886,pudding,chocolate,T,T-sub,T,T-sub,15
887,pudding,sweet,E,E-prop,E,E-prop,6
888,pudding,vanilla,T,T-sub,T,T-sub,4
889,pumpkin,patch,S,S-loc,S,S-loc,2
890,pumpkin,squash,T,T-syn,T,T-coord,5
891,pyramid,Egypt,S,S-loc,S,S-loc,26
892,pyramid,Egyptian,S,S-loc,S,S-loc,3
893,pyramid,Giza,S,S-loc,S,S-loc,2
894,pyramid,triangle,E,E-prop,E,E-prop,8
895,quality,good,E,E-state,E,E-state,10
896,quality,high,E,E-state,E,E-state,3
897,quality,quantity,T,T-ant,T,T-ant,8
898,rabbit,bunny,T,T-syn,T,T-syn,15
899,rabbit,hare,T,T-sub,T,T-coord,6
900,rabbit,white,E,E-prop,E,E-prop,4
901,radiation,cancer,S,S-context,S,S-context,7
902,radiation,nuclear,T,T-sub,T,T-sub,9
903,radio,broadcast,S,S-action,S,S-function,3
904,radio,music,S,S-function,S,S-obj,12
905,radio,news,S,S-obj,S,S-obj,5
906,rain,cloud,S,S-obj,S,S-obj,4
907,rain,drop,S,S-action,E,E-state,3
908,rain,snow,T,T-coord,T,T-coord,4
909,rain,water,E,E-comp,E,E-comp,10
910,rainbow,color,E,E-comp,E,E-prop,6
911,rainbow,colors,E,E-comp,E,E-prop,11
912,rainbow,double,S,S-targetstate,S,S-targetstate,3
913,raincoat,Mac,T,T-syn,T,T-sub,4
914,raincoat,rain,S,S-time,S,S-time,9
915,raincoat,slicker,T,T-syn,T,T-sub,2
916,raincoat,yellow,E,E-prop,E,E-prop,9
917,range,shooting,S,S-action,T,T-sub,2
918,rape,violence,S,S-targetstate,E,E-prop,5
919,reality,life,I,I-contin,I,I-contin,7
920,reality,truth,E,E-prop,E,E-prop,4
921,record,music,S,S-obj,S,S-obj,8
922,record,write,T,T-syn,S,S-action,4
923,refugee,camp,S,S-loc,S,S-loc,4
924,relationship,love,I,I-emo,I,I-emo,14
925,relationship,marriage,S,S-targetstate,S,S-targetstate,5
926,relationship,together,I,I-contin,E,E-prop,2
927,religion,atheism,T,T-sub,T,T-ant,2
928,religion,church,S,S-loc,S,S-loc,6
929,religion,faith,E,E-prop,E,E-comp,6
930,resident,alien,T,T-sub,T,T-sub,5
931,resident,citizen,T,T-coord,T,T-sub,3
932,respect,admire,T,T-coord,T,T-coord,4
933,respect,Aretha,I,I-contin,I,I-contin,4
934,respect,authority,S,S-obj,S,S-obj,2
935,respect,elders,S,S-agent,S,S-agent,1
936,respect,honor,T,T-coord,T,T-coord,10
937,rest,bed,S,S-loc,S,S-obj,4
938,rest,nap,T,T-sub,T,T-sub,5
939,rest,relax,T,T-sub,T,T-sub,7
940,rest,sleep,T,T-sub,T,T-sub,19
941,rest,stop,S,S-action,S,S-action,5
942,revenge,evil,I,I-eval,I,I-eval,3
943,revolution,Beatles,I,I-contin,I,I-contin,3
944,revolution,change,E,E-prop,E,E-prop,7
945,revolution,evolution,T,T-coord,T,T-coord,2
946,ride,bike,S,S-obj,S,S-obj,10
947,ride,car,S,S-obj,S,S-obj,15
948,ride,horse,S,S-agent,S,S-agent,16
949,ride,park,S,S-action,S,S-loc,3
950,ride,roller coaster,T,T-sub,T,T-sub,2
951,risk,averse,S,S-context,S,S-context,1
952,risk,danger,I,I-eval,I,I-eval,9
953,risk,reward,I,I-contin,E,E-prop,5
954,roof,ceiling,E,E-comp,E,E-comp,5
955,roof,shingle,E,E-comp,E,E-comp,4
956,roof,shingles,E,E-comp,E,E-comp,5
957,roof,top,S,S-loc,S,S-loc,11
958,room,bed,S,S-obj,S,S-obj,5
959,room,bedroom,T,T-sub,T,T-sub,2
960,room,house,E,E-whole,E,E-whole,6
961,room,living,T,T-sub,T,T-sub,4
962,room,space,T,T-super,E,E-prop,17
963,roommate,flatmate,T,T-coord,T,T-syn,3
964,roommate,friend,I,I-eval,I,I-eval,11
965,root,plant,E,E-whole,E,E-whole,6
966,rope,string,T,T-syn,T,T-coord,5
967,ruler,length,E,E-prop,E,E-prop,3
968,ruler,measure,S,S-function,S,S-action,11
969,sacrifice,blood,S,S-obj,T,T-sub,6
970,sacrifice,death,I,I-contin,E,E-state,6
971,sacrifice,kill,T,T-syn,E,E-beh,1
972,salad,dressing,S,S-obj,S,S-obj,7
973,salad,green,E,E-prop,E,E-prop,12
974,salad,lettuce,T,T-syn,E,E-comp,12
975,salad,toss,S,S-action,S,S-action,2
976,salmon,acid,E,E-comp,E,E-comp,0
977,salmon,pink,E,E-prop,E,E-prop,12
978,salt,pepper,T,T-coord,S,S-obj,15
979,salt,salty,E,E-prop,E,E-prop,2
980,salt,sea,E,E-whole,E,E-whole,5
981,salt,sugar,T,T-ant,T,T-ant,3
982,sand,beach,E,E-whole,E,E-whole,21
983,sand,castle,T,T-super,T,T-super,5
984,sand,grain,E,E-comp,E,E-comp,2
985,sand,sea,S,S-loc,S,S-loc,5
986,sandwich,bread,T,T-coord,E,E-comp,14
987,sandwich,ham,S,S-obj,S,S-obj,6
988,sandwich,meat,S,S-obj,S,S-obj,5
989,satellite,moon,T,T-super,S,S-obj,8
990,satellite,orbit,E,E-prop,E,E-beh,5
991,sauce,gravy,T,T-sub,T,T-sub,3
992,sauce,ketchup,T,T-sub,T,T-sub,3
993,sauce,pasta,S,S-obj,S,S-obj,4
994,sauce,spaghetti,S,S-obj,S,S-obj,4
995,sauce,tomato,T,T-sub,T,T-sub,10
996,sausage,fest,S,S-time,S,S-time,4
997,sausage,meat,E,E-comp,E,E-comp,9
998,sausage,penis,I,I-contin,T,T-syn,2
999,sausage,pork,E,E-comp,T,T-sub,5
1000,scandal,politics,S,S-obj,T,T-sub,5
1001,scandal,sex,T,T-sub,T,T-sub,7
1002,scarf,hat,T,T-coord,T,T-coord,3
1003,scarf,neck,S,S-loc,S,S-loc,11
1004,scarf,warm,E,E-prop,E,E-prop,10
1005,scholarship,free,I,I-contin,E,E-prop,3
1006,scholarship,money,S,S-obj,S,S-obj,13
1007,scholarship,school,S,S-loc,S,S-loc,8
1008,scholarship,study,S,S-action,S,S-action,6
1009,school,building,T,T-super,S,S-loc,2
1010,school,days,S,S-time,S,S-time,2
1011,school,learn,S,S-function,S,S-function,7
1012,school,work,T,T-coord,S,S-action,6
1013,science,art,T,T-ant,T,T-ant,2
1014,science,knowledge,E,E-prop,E,E-comp,4
1015,science,lab,S,S-loc,S,S-loc,3
1016,sculpture,marble,E,E-comp,E,E-prop,8
1017,sculpture,statue,T,T-syn,T,T-sub,6
1018,seaweed,green,E,E-prop,E,E-prop,11
1019,seaweed,sushi,E,E-whole,S,S-obj,8
1020,sentence,period,E,E-comp,E,E-comp,9
1021,sentence,phrase,T,T-syn,T,T-syn,4
1022,sentence,structure,E,E-prop,E,E-prop,3
1023,service,customer,T,T-sub,T,T-sub,3
1024,service,help,T,T-coord,E,E-prop,6
1025,service,military,T,T-sub,T,T-sub,5
1026,service,work,T,T-coord,T,T-super,2
1027,sex,bed,S,S-loc,S,S-loc,3
1028,sex,female,T,T-sub,E,E-state,8
1029,sex,gender,T,T-syn,T,T-ant,13
1030,sex,love,S,S-targetstate,S,S-context,6
1031,sex,male,T,T-sub,E,E-state,8
1032,shadow,dark,E,E-prop,E,E-prop,13
1033,shadow,darkness,E,E-comp,E,E-comp,3
1034,shadow,light,T,T-ant,S,S-obj,8
1035,shadow,shade,E,E-prop,E,E-prop,3
1036,shape,form,T,T-syn,T,T-coord,7
1037,shark,attack,S,S-action,S,S-action,4
1038,shark,bite,S,S-action,S,S-action,3
1039,shark,fin,E,E-comp,E,E-comp,5
1040,shark,teeth,E,E-comp,E,E-comp,13
1041,sheep,cow,S,S-agent,T,T-coord,3
1042,sheep,dog,S,S-agent,S,S-agent,2
1043,sheep,lamb,T,T-sub,T,T-sub,6
1044,sheep,wool,E,E-comp,E,E-comp,20
1045,shorts,bermuda,T,T-sub,T,T-sub,3
1046,shorts,pants,T,T-sub,T,T-super,12
1047,shoulder,arm,T,T-coord,E,E-whole,12
1048,shoulder,body,E,E-whole,E,E-whole,5
1049,shoulder,cry,S,S-action,S,S-action,6
1050,shoulder,head,T,T-coord,T,T-coord,2
1051,shoulder,neck,T,T-coord,T,T-coord,3
1052,silver,gold,T,T-ant,T,T-coord,21
1053,singer,songwriter,T,T-coord,T,T-coord,3
1054,singer,stage,S,S-loc,S,S-loc,3
1055,sister,brother,T,T-ant,T,T-ant,17
1056,sister,friend,S,S-context,S,S-context,6
1057,skateboard,park,S,S-loc,S,S-loc,6
1058,skateboard,punk,S,S-agent,S,S-agent,4
1059,skin,flesh,T,T-coord,T,T-coord,3
1060,skin,soft,E,E-prop,E,E-prop,7
1061,skin,tight,S,S-targetstate,S,S-targetstate,1
1062,sky,above,S,S-loc,S,S-loc,1
1063,sky,blue,E,E-prop,E,E-prop,28
1064,sky,cloud,S,S-obj,S,S-obj,7
1065,sky,heaven,T,T-super,T,T-sub,2
1066,slave,black,E,E-prop,E,E-prop,12
1067,slave,chains,S,S-obj,S,S-obj,4
1068,slave,master,T,T-ant,T,T-ant,4
1069,slave,worker,T,T-sub,T,T-super,1
1070,snail,shell,E,E-comp,E,E-comp,18
1071,snail,slow,E,E-prop,E,E-prop,18
1072,snail,trail,S,S-obj,S,S-obj,3
1073,snake,grass,S,S-loc,S,S-loc,3
1074,socialism,Marxism,T,T-coord,T,T-sub,5
1075,socialism,politics,S,S-obj,S,S-time,5
1076,socialism,red,E,E-prop,E,E-prop,3
1077,society,community,T,T-super,T,T-sub,3
1078,society,culture,E,E-prop,E,E-comp,4
1079,society,group,T,T-super,T,T-super,9
1080,society,high,T,T-sub,T,T-sub,5
1081,society,people,E,E-comp,E,E-comp,10
1082,soldier,army,E,E-whole,E,E-whole,8
1083,soldier,gun,E,E-comp,S,S-obj,6
1084,soldier,military,E,E-whole,E,E-whole,3
1085,soldier,war,S,S-time,S,S-time,14
1086,son,daughter,T,T-ant,T,T-ant,18
1087,soup,bowl,S,S-loc,S,S-obj,5
1088,soup,chicken,T,T-sub,T,T-sub,6
1089,soup,hot,E,E-state,E,E-state,6
1090,soup,warm,E,E-state,E,E-prop,4
1091,speech,communication,T,T-super,T,T-super,1
1092,speech,tongue,S,S-obj,S,S-obj,2
1093,speech,words,E,E-comp,E,E-comp,5
1094,spell,check,S,S-action,S,S-action,5
1095,spell,magic,E,E-prop,E,E-prop,4
1096,spider,arachnid,T,T-syn,T,T-super,6
1097,spider,bite,S,S-action,S,S-action,4
1098,spider,web,S,S-loc,S,S-loc,15
1099,spoon,eat,S,S-function,S,S-action,3
1100,spoon,soup,S,S-obj,S,S-obj,5
1101,sport,game,E,E-comp,E,E-comp,5
1102,spring,flowers,S,S-obj,S,S-obj,9
1103,squirrel,tree,S,S-loc,S,S-loc,9
1104,stomach,ache,S,S-context,S,S-context,9
1105,stomach,flu,S,S-context,S,S-context,2
1106,stomach,gut,T,T-syn,T,T-coord,6
1107,stone,hard,E,E-prop,E,E-prop,9
1108,story,tale,T,T-syn,T,T-syn,17
1109,story,teller,S,S-agent,S,S-agent,3
1110,story,telling,S,S-action,S,S-action,2
1111,story,time,S,S-time,S,S-time,5
1112,stranger,candy,S,S-obj,S,S-obj,2
1113,stranger,dark,S,S-context,S,S-context,3
1114,stranger,person,T,T-super,S,S-agent,3
1115,stranger,unknown,E,E-prop,E,E-prop,10
1116,straw,drink,S,S-obj,S,S-action,12
1117,straw,hay,T,T-coord,T,T-coord,15
1118,strawberry,fields,S,S-loc,S,S-loc,6
1119,strawberry,raspberry,T,T-coord,T,T-coord,3
1120,street,address,E,E-whole,E,E-prop,4
1121,street,car,S,S-obj,S,S-obj,5
1122,street,road,T,T-coord,T,T-coord,17
1123,structure,building,T,T-sub,T,T-sub,27
1124,structure,edifice,T,T-sub,T,T-sub,1
1125,struggle,challenge,T,T-coord,T,T-coord,1
1126,struggle,fight,T,T-coord,T,T-coord,14
1127,struggle,hard,E,E-prop,E,E-prop,6
1128,struggle,try,E,E-prop,S,S-action,2
1129,success,goal,S,S-obj,E,E-prop,2
1130,success,rich,I,I-contin,E,E-prop,1
1131,success,win,T,T-syn,S,S-action,8
1132,success,winning,S,S-action,S,S-action,3
1133,suicide,death,E,E-state,E,E-prop,18
1134,suicide,die,I,I-contin,I,I-contin,2
1135,sunrise,orange,E,E-prop,E,E-prop,4
1136,sunrise,sun,S,S-obj,E,E-comp,5
1137,sunrise,sunset,T,T-ant,T,T-ant,15
1138,sunset,beach,S,S-loc,S,S-loc,7
1139,sunset,orange,E,E-prop,E,E-state,8
1140,sunset,sunrise,T,T-ant,T,T-ant,7
1141,supermarket,groceries,S,S-obj,S,S-obj,5
1142,supermarket,grocery,S,S-obj,S,S-obj,5
1143,supermarket,shop,T,T-super,T,T-super,4
1144,supermarket,store,T,T-super,T,T-super,5
1145,swan,dive,S,S-action,S,S-action,2
1146,swan,graceful,I,I-eval,E,E-prop,4
1147,swan,lake,S,S-loc,S,S-loc,10
1148,swan,white,E,E-prop,E,E-state,13
1149,sweater,jumper,T,T-coord,T,T-coord,6
1150,sweater,warm,E,E-prop,E,E-prop,12
1151,sweater,wool,E,E-comp,E,E-comp,8
1152,sword,fight,S,S-action,S,S-action,7
1153,sword,sharp,E,E-prop,E,E-prop,4
1154,sword,shield,S,S-obj,S,S-obj,4
1155,tail,cat,E,E-whole,E,E-prop,9
1156,tail,dog,E,E-whole,E,E-prop,12
1157,tail,end,T,T-syn,S,S-targetstate,6
1158,tail,head,T,T-ant,T,T-ant,3
1159,tattoo,arm,S,S-loc,S,S-loc,2
1160,tattoo,art,T,T-super,T,T-super,5
1161,tax,evasion,S,S-action,S,S-action,2
1162,tax,government,S,S-agent,S,S-agent,5
1163,tax,income,T,T-sub,T,T-sub,6
1164,tax,money,E,E-comp,E,E-comp,13
1165,tax,pay,S,S-action,S,S-action,3
1166,tea,coffee,T,T-coord,T,T-coord,9
1167,tea,cup,S,S-loc,S,S-obj,5
1168,tea,drink,T,T-super,S,S-action,7
1169,tea,party,S,S-time,S,S-time,6
1170,teacher,professor,T,T-sub,T,T-sub,3
1171,teenager,acne,E,E-comp,E,E-prop,2
1172,teenager,angst,E,E-prop,E,E-prop,3
1173,teenager,kid,T,T-coord,T,T-syn,3
1174,teenager,youth,T,T-coord,T,T-syn,4
1175,teeth,bite,S,S-function,S,S-action,5
1176,teeth,clean,S,S-targetstate,S,S-action,1
1177,telescope,galileo,I,I-contin,I,I-contin,1
1178,telescope,space,S,S-obj,S,S-loc,6
1179,telescope,star,S,S-obj,S,S-obj,3
1180,telescope,stars,S,S-obj,S,S-obj,19
1181,tennis,ball,S,S-obj,E,E-comp,18
1182,tennis,balls,S,S-obj,S,S-obj,2
1183,tennis,racquet,S,S-obj,E,E-comp,7
1184,tent,camp,S,S-action,S,S-action,5
1185,tent,camping,S,S-loc,S,S-action,19
1186,tent,pitch,S,S-action,S,S-action,5
1187,tent,pole,E,E-comp,E,E-comp,3
1188,tent,pup,T,T-sub,T,T-sub,2
1189,theory,Einstein,S,S-agent,S,S-agent,2
1190,theory,hypothesis,E,E-comp,E,E-comp,7
1191,theory,practice,T,T-ant,T,T-ant,2
1192,theory,science,E,E-whole,E,E-whole,10
1193,thermometer,heat,S,S-context,S,S-context,6
1194,thermometer,mercury,E,E-comp,E,E-comp,8
1195,thief,burglar,T,T-coord,T,T-syn,5
1196,thief,crook,T,T-coord,T,T-super,2
1197,thief,robber,T,T-coord,T,T-syn,10
1198,thief,steal,E,E-beh,E,E-beh,13
1199,throat,cut,S,S-action,S,S-action,2
1200,throat,neck,T,T-coord,E,E-whole,10
1201,throat,sore,S,S-targetstate,S,S-targetstate,13
1202,thumb,finger,T,T-super,T,T-coord,18
1203,thumb,nail,E,E-comp,E,E-comp,10
1204,tiger,lion,T,T-coord,T,T-coord,13
1205,tiger,stripes,E,E-comp,E,E-prop,14
1206,time,hour,E,E-comp,E,E-comp,4
1207,time,minute,E,E-comp,E,E-comp,1
1208,toe,big,T,T-sub,T,T-sub,5
1209,toe,nail,E,E-comp,E,E-comp,12
1210,toe,stub,S,S-targetstate,S,S-action,4
1211,tongue,cheek,T,T-coord,T,T-coord,5
1212,tongue,language,T,T-syn,T,T-syn,4
1213,tongue,mouth,S,S-loc,S,S-loc,14
1214,toothbrush,clean,S,S-context,S,S-action,6
1215,toothbrush,tooth,S,S-obj,S,S-obj,3
1216,towel,dry,S,S-function,S,S-action,13
1217,towel,wet,S,S-context,S,S-context,10
1218,tower,castle,E,E-whole,S,S-loc,8
1219,tower,Eiffel,T,T-sub,T,T-sub,3
1220,tower,London,S,S-loc,T,T-sub,3
1221,tower,tall,E,E-prop,E,E-prop,10
1222,toy,car,T,T-sub,T,T-sub,2
1223,toy,game,S,S-time,T,T-coord,4
1224,tradition,Christmas,T,T-sub,T,T-sub,6
1225,tradition,culture,E,E-whole,E,E-whole,4
1226,tradition,family,S,S-agent,S,S-agent,10
1227,tradition,old,E,E-prop,E,E-prop,5
1228,tragedy,comedy,T,T-ant,T,T-ant,5
1229,tragedy,death,T,T-sub,S,S-time,8
1230,tragedy,Shakespeare,I,I-contin,S,S-agent,7
1231,trap,bear,S,S-agent,T,T-sub,4
1232,trap,catch,T,T-super,S,S-action,5
1233,trap,mouse,T,T-sub,T,T-sub,8
1234,tree,branch,E,E-comp,E,E-comp,7
1235,tree,bush,T,T-coord,T,T-coord,2
1236,tree,green,E,E-prop,E,E-state,9
1237,tree,oak,T,T-sub,T,T-sub,3
1238,tribe,Africa,S,S-loc,S,S-loc,2
1239,tribe,group,T,T-super,T,T-super,12
1240,tribe,Indian,T,T-sub,T,T-sub,8
1241,tribe,Indians,T,T-sub,T,T-sub,3
1242,tribe,Native American,T,T-sub,T,T-sub,3
1243,truth,honest,I,I-contin,E,E-prop,5
1244,truth,lie,T,T-ant,T,T-ant,10
1245,truth,lies,T,T-ant,T,T-ant,5
1246,tunnel,dark,E,E-prop,E,E-prop,7
1247,tunnel,hole,E,E-comp,E,E-comp,6
1248,tunnel,train,S,S-obj,S,S-obj,7
1249,uncle,aunt,T,T-ant,T,T-ant,17
1250,uncle,family,T,T-super,E,E-whole,5
1251,university,college,T,T-coord,T,T-coord,16
1252,university,education,S,S-function,S,S-function,9
1253,university,learning,S,S-function,S,S-function,5
1254,university,school,T,T-super,T,T-super,10
1255,valley,green,E,E-prop,E,E-prop,10
1256,valley,hill,E,E-comp,E,E-comp,7
1257,valley,hills,E,E-comp,E,E-comp,4
1258,valley,mountain,E,E-comp,E,E-comp,5
1259,value,cost,T,T-syn,E,E-prop,6
1260,value,money,E,E-whole,E,E-whole,11
1261,value,price,T,T-syn,E,E-prop,6
1262,victim,blood,S,S-obj,S,S-obj,1
1263,victim,crime,S,S-time,S,S-time,14
1264,victim,hurt,S,S-targetstate,S,S-targetstate,6
1265,victim,murder,S,S-action,S,S-action,6
1266,victim,rape,S,S-action,S,S-action,5
1267,video,film,T,T-sub,T,T-sub,5
1268,video,movie,T,T-sub,T,T-sub,11
1269,village,hamlet,T,T-syn,T,T-syn,2
1270,village,people,E,E-comp,E,E-comp,6
1271,village,small,E,E-state,E,E-prop,7
1272,village,town,T,T-coord,T,T-coord,20
1273,vinegar,salt,T,T-coord,T,T-coord,5
1274,vinegar,wine,T,T-coord,I,I-contin,6
1275,violence,anger,I,I-emo,I,I-emo,4
1276,violence,blood,S,S-obj,S,S-obj,6
1277,violence,crime,S,S-obj,S,S-action,4
1278,violence,death,S,S-context,S,S-context,3
1279,violin,cello,T,T-coord,T,T-coord,3
1280,violin,music,S,S-function,S,S-function,12
1281,violin,strings,E,E-comp,E,E-comp,6
1282,violin,viola,T,T-coord,T,T-coord,6
1283,visa,Mastercard,T,T-coord,T,T-coord,5
1284,visa,passport,S,S-obj,S,S-obj,14
1285,visa,travel,S,S-action,S,S-action,15
1286,vocabulary,dictionary,S,S-obj,S,S-obj,8
1287,vocabulary,language,E,E-whole,E,E-whole,6
1288,vocabulary,large,S,S-targetstate,E,E-prop,3
1289,vocabulary,word,E,E-comp,E,E-comp,3
1290,vocabulary,words,E,E-comp,E,E-comp,21
1291,volcano,eruption,E,E-beh,S,S-action,8
1292,volcano,fire,E,E-comp,E,E-comp,5
1293,volcano,lava,E,E-comp,E,E-comp,21
1294,volleyball,ball,T,T-super,T,T-super,5
1295,volleyball,beach,S,S-loc,S,S-loc,9
1296,volleyball,game,S,S-time,S,S-time,7
1297,volleyball,net,S,S-obj,S,S-obj,15
1298,water,drink,T,T-super,S,S-action,9
1299,water,liquid,T,T-super,E,E-state,6
1300,water,wet,E,E-prop,E,E-prop,6
1301,watermelon,juicy,E,E-prop,E,E-prop,6
1302,watermelon,seed,E,E-comp,E,E-comp,4
1303,wealth,greed,S,S-context,I,I-eval,1
1304,weather,climate,E,E-whole,E,E-whole,3
1305,weather,cold,E,E-state,E,E-state,5
1306,weather,rain,T,T-sub,T,T-sub,16
1307,weather,sunny,T,T-sub,T,T-sub,4
1308,wedding,bells,S,S-obj,S,S-obj,5
1309,wedding,day,S,S-time,S,S-time,4
1310,wedding,white,S,S-context,S,S-context,8
1311,weight,fat,I,I-contin,I,I-contin,10
1312,weight,heavy,E,E-state,E,E-state,10
1313,weight,height,T,T-coord,T,T-coord,5
1314,weight,mass,T,T-syn,T,T-coord,7
1315,whale,blue,T,T-sub,T,T-sub,8
1316,whale,fish,T,T-super,S,S-agent,5
1317,wheat,bread,E,E-whole,E,E-whole,19
1318,wheat,chaff,E,E-comp,E,E-comp,2
1319,wheat,flour,S,S-targetstate,E,E-state,3
1320,wheat,grain,T,T-super,T,T-super,6
1321,wheel,car,E,E-whole,E,E-whole,15
1322,wheel,circle,E,E-prop,E,E-prop,3
1323,wheel,tire,E,E-comp,E,E-comp,5
1324,width,breadth,T,T-coord,T,T-coord,8
1325,width,girth,T,T-coord,T,T-coord,4
1326,width,height,T,T-ant,T,T-ant,9
1327,width,length,T,T-ant,T,T-ant,13
1328,width,wide,E,E-state,E,E-state,12
1329,wife,husband,T,T-ant,T,T-ant,16
1330,wife,mother,T,T-coord,S,S-context,5
1331,wife,spouse,T,T-syn,T,T-super,11
1332,wife,woman,E,E-prop,E,E-prop,9
1333,wind,blow,E,E-beh,E,E-beh,10
1334,wind,breeze,T,T-syn,T,T-sub,6
1335,wolf,dog,T,T-coord,T,T-super,15
1336,woman,beauty,E,E-prop,I,I-contin,2
1337,woman,female,T,T-super,E,E-prop,13
1338,woman,girl,T,T-sub,T,T-ant,8
1339,woman,lady,T,T-sub,T,T-syn,6
1340,wool,cotton,T,T-coord,T,T-coord,2
1341,wool,itchy,E,E-prop,E,E-prop,3
1342,wool,lamb,E,E-whole,E,E-whole,2
1343,wool,sheep,E,E-whole,E,E-whole,25
1344,wool,sweater,E,E-whole,E,E-whole,5
1345,worker,ant,T,T-super,T,T-super,2
1346,worker,construction,T,T-sub,S,S-agent,3
1347,worker,employee,T,T-syn,T,T-syn,6
1348,wrinkle,age,I,I-contin,I,I-contin,6
1349,wrinkle,old,S,S-time,S,S-time,15
1350,wrinkle,skin,S,S-targetstate,S,S-targetstate,9
1351,wrist,arm,E,E-whole,E,E-whole,9
1352,wrist,hand,E,E-comp,E,E-comp,16
1353,wrist,joint,T,T-super,T,T-super,4
1354,wrist,watch,S,S-obj,S,S-obj,12
1355,year,age,E,E-prop,E,E-prop,7
1356,year,calendar,S,S-obj,S,S-obj,3
1357,year,month,E,E-comp,E,E-comp,7
1358,year,time,E,E-prop,E,E-prop,11
1359,yoga,mat,S,S-obj,S,S-obj,4
1360,yoga,pants,S,S-obj,S,S-obj,5
1361,yoga,relax,S,S-function,E,E-prop,3
1362,yoga,stretch,S,S-action,S,S-action,9
1363,yogurt,bacteria,E,E-comp,S,S-obj,4
1364,yogurt,dairy,T,T-super,T,T-super,9
1365,yogurt,Greek,T,T-sub,T,T-sub,8
1366,yogurt,milk,E,E-comp,E,E-comp,5
1367,zoo,animal,S,S-agent,S,S-agent,9
1368,zoo,animals,S,S-agent,S,S-agent,17
1369,zoo,keeper,S,S-agent,S,S-agent,2
1370,ability,skill,T,T-syn,T,T-syn,11
1371,achievement,accomplishment,T,T-syn,T,T-syn,5
1372,achievement,trophy,S,S-obj,S,S-obj,3
1373,activity,exercise,T,T-sub,T,T-sub,6
1374,activity,game,T,T-sub,T,T-sub,2
1375,activity,movement,T,T-sub,T,T-sub,4
1376,activity,play,T,T-sub,T,T-sub,7
1377,activity,sport,T,T-sub,T,T-sub,4
1378,adventure,fun,I,I-eval,I,I-eval,8
1379,adventure,map,S,S-obj,S,S-obj,1
1380,air,oxygen,E,E-comp,E,E-comp,9
1381,air,plane,S,S-obj,S,S-obj,5
1382,airport,airplane,S,S-obj,S,S-obj,3
1383,airport,fly,S,S-action,S,S-action,3
1384,alcohol,beer,T,T-sub,T,T-sub,10
1385,alcohol,booze,T,T-syn,T,T-syn,8
1386,alcohol,wine,T,T-sub,T,T-sub,5
1387,ambulance,accident,S,S-time,S,S-time,4
1388,ambulance,emergency,S,S-time,S,S-time,13
1389,anchor,boat,E,E-whole,E,E-whole,12
1390,anchor,ship,E,E-whole,E,E-whole,17
1391,apartment,condo,T,T-syn,T,T-syn,3
1392,apartment,flat,T,T-syn,T,T-syn,7
1393,apple,core,E,E-comp,E,E-comp,3
1394,apple,fruit,T,T-super,T,T-super,11
1395,apple,orange,T,T-coord,T,T-coord,9
1396,apple,pear,T,T-coord,T,T-coord,6
1397,arrest,cops,S,S-agent,S,S-agent,2
1398,arrest,crime,S,S-time,S,S-time,6
1399,arrest,police,S,S-agent,S,S-agent,16
1400,arrow,point,E,E-comp,E,E-comp,5
1401,art,painting,T,T-sub,T,T-sub,10
1402,atom,small,E,E-prop,E,E-prop,8
1403,attack,war,S,S-time,S,S-time,6
1404,attitude,mood,T,T-coord,T,T-coord,1
1405,attitude,outlook,T,T-syn,T,T-syn,3
1406,audience,people,E,E-comp,E,E-comp,6
1407,author,book,S,S-obj,S,S-obj,22
1408,author,books,S,S-obj,S,S-obj,3
1409,autumn,fall,T,T-syn,T,T-syn,22
1410,autumn,leaves,S,S-obj,S,S-obj,24
1411,autumn,orange,S,S-context,S,S-context,4
1412,autumn,season,T,T-sub,T,T-sub,4
1413,autumn,spring,T,T-coord,T,T-coord,4
1414,balance,equal,E,E-prop,E,E-prop,4
1415,balance,even,E,E-prop,E,E-prop,4
1416,balance,scale,S,S-obj,S,S-obj,5
1417,balance,scales,S,S-obj,S,S-obj,3
1418,ball,base,S,S-obj,S,S-obj,5
1419,ball,round,E,E-prop,E,E-prop,8
1420,ballet,dancing,S,S-action,S,S-action,2
1421,ballet,tutu,S,S-obj,S,S-obj,5
1422,balloon,round,E,E-prop,E,E-prop,4
1423,bamboo,grass,T,T-coord,T,T-coord,3
1424,banana,apple,T,T-coord,T,T-coord,3
1425,banana,fruit,T,T-super,T,T-super,18
1426,banana,peel,E,E-comp,E,E-comp,5
1427,banana,yellow,E,E-prop,E,E-prop,21
1428,bandage,blood,S,S-obj,S,S-obj,6
1429,bandage,wound,S,S-obj,S,S-obj,13
1430,baseball,America,S,S-loc,S,S-loc,3
1431,baseball,game,T,T-super,T,T-super,5
1432,baseball,sport,T,T-super,T,T-super,6
1433,basement,cellar,T,T-syn,T,T-syn,9
1434,basket,container,T,T-super,T,T-super,4
1435,basket,weave,S,S-action,S,S-action,7
1436,basketball,baseball,T,T-coord,T,T-coord,3
1437,basketball,sport,T,T-super,T,T-super,5
1438,basketball,sports,T,T-super,T,T-super,3
1439,bat,animal,T,T-super,T,T-super,4
1440,bat,black,E,E-prop,E,E-prop,4
1441,bat,wings,E,E-comp,E,E-comp,3
1442,beach,sun,S,S-obj,S,S-obj,11
1443,bear,animal,T,T-super,T,T-super,6
1444,bear,grizzly,T,T-sub,T,T-sub,7
1445,beast,animal,T,T-syn,T,T-syn,14
1446,bed,cot,T,T-sub,T,T-sub,2
1447,bed,sleep,S,S-action,S,S-action,25
1448,bee,buzz,E,E-beh,E,E-beh,5
1449,bee,insect,T,T-super,T,T-super,4
1450,beef,chicken,T,T-coord,T,T-coord,1
1451,beef,dinner,S,S-time,S,S-time,3
1452,beef,meat,T,T-super,T,T-super,13
1453,beer,wine,T,T-coord,T,T-coord,4
1454,bikini,small,E,E-prop,E,E-prop,2
1455,bikini,summer,S,S-time,S,S-time,4
1456,bird,flight,E,E-beh,E,E-beh,5
1457,bird,fly,E,E-beh,E,E-beh,16
1458,bird,free,I,I-contin,I,I-contin,1
1459,bird,robin,T,T-sub,T,T-sub,3
1460,bird,wings,E,E-comp,E,E-comp,7
1461,blackboard,chalk,S,S-obj,S,S-obj,27
1462,blackboard,chalkboard,T,T-syn,T,T-syn,2
1463,blackboard,school,S,S-loc,S,S-loc,16
1464,blackboard,teacher,S,S-agent,S,S-agent,9
1465,blackboard,whiteboard,T,T-ant,T,T-ant,5
1466,body,corpus,T,T-syn,T,T-syn,3
1467,body,mind,T,T-ant,T,T-ant,4
1468,bomb,terrorist,S,S-agent,S,S-agent,2
1469,bone,marrow,E,E-comp,E,E-comp,7
1470,bone,skeleton,E,E-whole,E,E-whole,10
1471,bone,white,E,E-prop,E,E-prop,8
1472,box,container,T,T-super,T,T-super,8
1473,box,square,E,E-prop,E,E-prop,10
1474,boxing,fight,S,S-action,S,S-action,9
1475,boxing,fighting,S,S-action,S,S-action,4
1476,boxing,ring,S,S-loc,S,S-loc,13
1477,bra,boobs,S,S-obj,S,S-obj,6
1478,bra,breast,S,S-obj,S,S-obj,5
1479,bra,breasts,S,S-obj,S,S-obj,9
1480,bra,support,S,S-function,S,S-function,6
1481,brand,cattle,S,S-obj,S,S-obj,4
1482,brand,label,T,T-syn,T,T-syn,3
1483,bread,butter,S,S-obj,S,S-obj,9
1484,bread,eat,S,S-action,S,S-action,2
1485,bread,food,T,T-super,T,T-super,9
1486,breakfast,lunch,T,T-coord,T,T-coord,6
1487,breakfast,meal,T,T-super,T,T-super,4
1488,bride,wedding,S,S-time,S,S-time,15
1489,bridge,connect,S,S-function,S,S-function,2
1490,bridge,game,T,T-super,T,T-super,2
1491,bridge,river,S,S-obj,S,S-obj,7
1492,bridge,water,S,S-obj,S,S-obj,12
1493,businessman,businesswoman,T,T-ant,T,T-ant,4
1494,businessman,work,S,S-action,S,S-action,4
1495,butter,cream,T,T-coord,T,T-coord,4
1496,butter,yellow,E,E-prop,E,E-prop,7
1497,cake,birthday,S,S-time,S,S-time,8
1498,cake,dessert,T,T-super,T,T-super,4
1499,camel,animal,T,T-super,T,T-super,4
1500,camel,desert,S,S-loc,S,S-loc,20
1501,camel,hump,E,E-comp,E,E-comp,14
1502,cancer,chemotherapy,S,S-action,S,S-action,3
1503,cancer,death,I,I-contin,I,I-contin,10
1504,cancer,disease,T,T-super,T,T-super,8
1505,candle,wax,E,E-comp,E,E-comp,15
1506,candle,wick,E,E-comp,E,E-comp,4
1507,capitalism,greed,I,I-eval,I,I-eval,7
1508,capitalism,money,S,S-obj,S,S-obj,19
1509,car,auto,T,T-syn,T,T-syn,6
1510,car,automobile,T,T-syn,T,T-syn,4
1511,car,drive,S,S-action,S,S-action,7
1512,car,truck,T,T-coord,T,T-coord,4
1513,car,vehicle,T,T-super,T,T-super,5
1514,carrot,orange,E,E-prop,E,E-prop,22
1515,carrot,vegetable,T,T-super,T,T-super,11
1516,castle,moat,S,S-obj,S,S-obj,4
1517,cat,animal,T,T-super,T,T-super,2
1518,cat,feline,T,T-syn,T,T-syn,7
1519,cat,meow,E,E-beh,E,E-beh,6
1520,ceiling,fan,S,S-obj,S,S-obj,5
1521,ceiling,floor,T,T-ant,T,T-ant,6
1522,ceiling,roof,T,T-syn,T,T-syn,17
1523,cell,jail,E,E-whole,E,E-whole,10
1524,cell,prison,E,E-whole,E,E-whole,8
1525,champagne,drink,S,S-action,S,S-action,4
1526,champagne,wine,T,T-coord,T,T-coord,9
1527,champion,winner,T,T-syn,T,T-syn,16
1528,charity,donation,S,S-action,S,S-action,3
1529,charity,give,S,S-action,S,S-action,6
1530,charity,giving,S,S-action,S,S-action,6
1531,charity,good,I,I-eval,I,I-eval,4
1532,charity,money,S,S-obj,S,S-obj,10
1533,chemistry,science,T,T-super,T,T-super,15
1534,cherry,fruit,T,T-super,T,T-super,13
1535,cherry,red,E,E-prop,E,E-prop,17
1536,childhood,kids,S,S-agent,S,S-agent,2
1537,chimney,roof,S,S-loc,S,S-loc,2
1538,chin,face,E,E-whole,E,E-whole,15
1539,chin,mouth,T,T-coord,T,T-coord,5
1540,chocolate,candy,T,T-coord,T,T-coord,5
1541,chocolate,sweet,E,E-prop,E,E-prop,9
1542,cigar,tobacco,E,E-comp,E,E-comp,4
1543,cigarette,butt,E,E-comp,E,E-comp,4
1544,cigarette,cancer,I,I-contin,I,I-contin,10
1545,cigarette,cigar,T,T-coord,T,T-coord,3
1546,cigarette,fag,T,T-syn,T,T-syn,2
1547,cinema,popcorn,S,S-obj,S,S-obj,9
1548,city,London,T,T-sub,T,T-sub,3
1549,city,New York,T,T-sub,T,T-sub,3
1550,city,town,T,T-coord,T,T-coord,14
1551,cliff,rock,E,E-comp,E,E-comp,6
1552,cloud,blue,S,S-context,S,S-context,3
1553,clown,circus,S,S-loc,S,S-loc,8
1554,clown,scary,I,I-eval,I,I-eval,9
1555,coconut,brown,E,E-prop,E,E-prop,4
1556,coffin,casket,T,T-syn,T,T-syn,3
1557,coffin,dead,S,S-context,S,S-context,12
1558,coffin,grave,S,S-loc,S,S-loc,6
1559,colony,Africa,T,T-sub,T,T-sub,2
1560,colony,America,T,T-sub,T,T-sub,3
1561,colony,ant,S,S-agent,S,S-agent,5
1562,colony,ants,S,S-agent,S,S-agent,9
1563,comedy,laugh,S,S-action,S,S-action,10
1564,comedy,laughter,S,S-action,S,S-action,6
1565,company,business,T,T-syn,T,T-syn,10
1566,company,corporation,T,T-syn,T,T-syn,6
1567,competitor,opponent,T,T-syn,T,T-syn,2
1568,competitor,rival,T,T-syn,T,T-syn,5
1569,computer,internet,S,S-obj,S,S-obj,8
1570,computer,laptop,T,T-sub,T,T-sub,5
1571,computer,Mac,T,T-sub,T,T-sub,3
1572,concert,hall,S,S-loc,S,S-loc,5
1573,concert,play,S,S-action,S,S-action,2
1574,conclusion,end,T,T-syn,T,T-syn,20
1575,conclusion,ending,T,T-syn,T,T-syn,7
1576,conclusion,finish,T,T-syn,T,T-syn,8
1577,conclusion,summary,T,T-syn,T,T-syn,7
1578,corn,food,T,T-super,T,T-super,3
1579,corn,yellow,E,E-prop,E,E-prop,9
1580,corner,store,S,S-loc,S,S-loc,5
1581,corridor,doors,S,S-obj,S,S-obj,3
1582,cotton,field,S,S-loc,S,S-loc,5
1583,country,America,T,T-sub,T,T-sub,3
1584,country,land,T,T-syn,T,T-syn,4
1585,country,nation,T,T-syn,T,T-syn,6
1586,country,USA,T,T-sub,T,T-sub,4
1587,crab,crustacean,T,T-super,T,T-super,4
1588,crab,sea,S,S-loc,S,S-loc,6
1589,cream,milk,E,E-whole,E,E-whole,10
1590,cream,white,E,E-prop,E,E-prop,7
1591,credit,bank,S,S-obj,S,S-obj,4
1592,credit,money,S,S-obj,S,S-obj,8
1593,crime,bad,I,I-eval,I,I-eval,4
1594,crime,illegal,E,E-prop,E,E-prop,3
1595,crocodile,aligator,T,T-coord,T,T-coord,3
1596,crocodile,alligator,T,T-coord,T,T-coord,15
1597,crocodile,animal,T,T-super,T,T-super,3
1598,crocodile,reptile,T,T-super,T,T-super,5
1599,cucumber,green,E,E-prop,E,E-prop,17
1600,cucumber,vegetable,T,T-super,T,T-super,10
1601,cup,drink,S,S-action,S,S-action,5
1602,cup,mug,T,T-coord,T,T-coord,7
1603,curtain,drape,T,T-syn,T,T-syn,4
1604,curtain,drapes,T,T-syn,T,T-syn,3
1605,curtain,theater,S,S-loc,S,S-loc,3
1606,date,calendar,S,S-obj,S,S-obj,10
1607,daughter,girl,E,E-prop,E,E-prop,9
1608,deer,animal,T,T-super,T,T-super,6
1609,deer,antelope,T,T-coord,T,T-coord,2
1610,dentist,office,S,S-loc,S,S-loc,2
1611,dentist,teeth,S,S-obj,S,S-obj,22
1612,dentist,tooth,S,S-obj,S,S-obj,6
1613,depth,water,S,S-obj,S,S-obj,8
1614,diamond,gem,T,T-super,T,T-super,2
1615,diamond,hard,E,E-prop,E,E-prop,6
1616,diamond,shiny,E,E-prop,E,E-prop,2
1617,dictionary,thesaurus,T,T-coord,T,T-coord,3
1618,dictionary,word,E,E-comp,E,E-comp,4
1619,dictionary,words,E,E-comp,E,E-comp,23
1620,dinner,food,S,S-obj,S,S-obj,15
1621,dinner,meal,T,T-super,T,T-super,4
1622,dinosaur,ancient,E,E-prop,E,E-prop,3
1623,dinosaur,extinct,E,E-prop,E,E-prop,5
1624,dinosaur,reptile,T,T-super,T,T-super,5
1625,dinosaur,Tyrannosaurus Rex,T,T-sub,T,T-sub,4
1626,director,actor,S,S-agent,S,S-agent,4
1627,director,boss,T,T-super,T,T-super,5
1628,director,film,S,S-obj,S,S-obj,5
1629,director,leader,T,T-super,T,T-super,5
1630,director,movie,S,S-obj,S,S-obj,12
1631,dishwasher,appliance,T,T-super,T,T-super,3
1632,dishwasher,dishes,S,S-obj,S,S-obj,6
1633,dishwasher,water,S,S-obj,S,S-obj,5
1634,divorce,marriage,T,T-ant,T,T-ant,13
1635,divorce,unhappy,I,I-emo,I,I-emo,2
1636,doctor,lawyer,T,T-coord,T,T-coord,4
1637,doctor,physician,T,T-syn,T,T-syn,4
1638,dog,canine,T,T-super,T,T-super,4
1639,dog,puppy,T,T-sub,T,T-sub,3
1640,dolphin,mammal,T,T-super,T,T-super,9
1641,dolphin,ocean,S,S-loc,S,S-loc,8
1642,dolphin,porpoise,T,T-coord,T,T-coord,3
1643,dolphin,whale,T,T-coord,T,T-coord,4
1644,donkey,animal,T,T-super,T,T-super,5
1645,donkey,horse,T,T-coord,T,T-coord,10
1646,door,entry,T,T-super,T,T-super,3
1647,door,knob,E,E-comp,E,E-comp,5
1648,drum,beat,S,S-action,S,S-action,12
1649,ear,lobe,E,E-comp,E,E-comp,7
1650,ear,nose,T,T-coord,T,T-coord,3
1651,earring,jewelry,T,T-super,T,T-super,11
1652,earth,dirt,T,T-syn,T,T-syn,4
1653,earth,round,E,E-prop,E,E-prop,6
1654,earth,world,T,T-syn,T,T-syn,4
1655,earthquake,California,S,S-loc,S,S-loc,4
1656,earthquake,disaster,T,T-super,T,T-super,4
1657,earthquake,Japan,S,S-loc,S,S-loc,3
1658,education,school,S,S-loc,S,S-loc,17
1659,education,smart,I,I-contin,I,I-contin,4
1660,education,university,S,S-loc,S,S-loc,5
1661,efficiency,apartment,I,I-contin,I,I-contin,1
1662,election,politics,S,S-obj,S,S-obj,6
1663,election,president,S,S-agent,S,S-agent,11
1664,election,vote,S,S-action,S,S-action,15
1665,element,chemistry,E,E-whole,E,E-whole,8
1666,element,fire,T,T-sub,T,T-sub,8
1667,empire,British,T,T-sub,T,T-sub,3
1668,enemy,bad,I,I-eval,I,I-eval,2
1669,enemy,foe,T,T-syn,T,T-syn,9
1670,enemy,friend,T,T-ant,T,T-ant,14
1671,enemy,hate,I,I-emo,I,I-emo,4
1672,energy,drink,T,T-super,T,T-super,4
1673,energy,force,T,T-syn,T,T-syn,3
1674,energy,power,S,S-function,S,S-function,8
1675,entertainment,television,S,S-obj,S,S-obj,5
1676,entertainment,TV,S,S-obj,S,S-obj,4
1677,envelope,letter,S,S-obj,S,S-obj,19
1678,envelope,lick,S,S-action,S,S-action,6
1679,envelope,stamp,S,S-obj,S,S-obj,8
1680,evidence,proof,T,T-syn,T,T-syn,16
1681,evidence,trial,S,S-time,S,S-time,4
1682,exam,school,S,S-loc,S,S-loc,4
1683,exam,study,S,S-action,S,S-action,8
1684,eye,ball,E,E-comp,E,E-comp,8
1685,eye,iris,E,E-comp,E,E-comp,2
1686,eyebrow,hair,E,E-comp,E,E-comp,11
1687,eyebrow,pluck,S,S-action,S,S-action,6
1688,face,eyes,E,E-comp,E,E-comp,6
1689,face,head,E,E-whole,E,E-whole,4
1690,face,nose,E,E-comp,E,E-comp,7
1691,factory,made,S,S-action,S,S-action,1
1692,factory,work,S,S-action,S,S-action,4
1693,factory,worker,S,S-agent,S,S-agent,5
1694,factory,workers,S,S-agent,S,S-agent,4
1695,family,home,S,S-loc,S,S-loc,3
1696,family,love,I,I-emo,I,I-emo,8
1697,farm,animal,S,S-obj,S,S-obj,6
1698,farm,animals,S,S-obj,S,S-obj,4
1699,farm,land,S,S-loc,S,S-loc,4
1700,festival,fun,I,I-eval,I,I-eval,6
1701,fire,alarm,S,S-obj,S,S-obj,2
1702,fire,flame,E,E-comp,E,E-comp,7
1703,fire,heat,E,E-prop,E,E-prop,4
1704,fire,hot,E,E-prop,E,E-prop,10
1705,fire,water,T,T-ant,T,T-ant,3
1706,fish,chips,S,S-obj,S,S-obj,2
1707,fish,swim,E,E-beh,E,E-beh,4
1708,fish,trout,T,T-sub,T,T-sub,3
1709,fishing,boat,S,S-obj,S,S-obj,7
1710,fishing,line,S,S-obj,S,S-obj,5
1711,fishing,pole,S,S-obj,S,S-obj,7
1712,fishing,rod,S,S-obj,S,S-obj,9
1713,fist,anger,I,I-emo,I,I-emo,2
1714,fist,fight,S,S-action,S,S-action,6
1715,fist,hand,E,E-whole,E,E-whole,16
1716,fist,hit,S,S-action,S,S-action,4
1717,fist,punch,S,S-action,S,S-action,18
1718,flour,bake,S,S-action,S,S-action,5
1719,flower,bloom,E,E-state,E,E-state,4
1720,flute,glass,E,E-comp,E,E-comp,2
1721,flute,instrument,T,T-super,T,T-super,8
1722,flute,music,S,S-function,S,S-function,15
1723,fog,mist,T,T-syn,T,T-syn,11
1724,football,goal,S,S-obj,S,S-obj,3
1725,football,soccer,T,T-syn,T,T-syn,12
1726,football,sport,T,T-super,T,T-super,4
1727,fork,eat,S,S-action,S,S-action,5
1728,fork,spoon,T,T-coord,T,T-coord,21
1729,fork,utensil,T,T-super,T,T-super,4
1730,fox,animal,T,T-super,T,T-super,7
1731,fox,red,E,E-prop,E,E-prop,9
1732,frame,painting,S,S-obj,S,S-obj,4
1733,frame,picture,S,S-obj,S,S-obj,25
1734,freedom,liberty,T,T-syn,T,T-syn,11
1735,friend,buddy,T,T-syn,T,T-syn,7
1736,friend,enemy,T,T-ant,T,T-ant,6
1737,friend,foe,T,T-ant,T,T-ant,4
1738,friend,pal,T,T-syn,T,T-syn,7
1739,friendship,buddy,S,S-agent,S,S-agent,2
1740,friendship,friend,S,S-agent,S,S-agent,2
1741,friendship,friends,S,S-agent,S,S-agent,2
1742,frog,jump,E,E-beh,E,E-beh,5
1743,frog,toad,T,T-coord,T,T-coord,10
1744,funeral,black,S,S-context,S,S-context,9
1745,funeral,coffin,S,S-obj,S,S-obj,6
1746,funeral,sad,I,I-emo,I,I-emo,8
1747,furniture,chair,T,T-sub,T,T-sub,19
1748,furniture,couch,T,T-sub,T,T-sub,9
1749,furniture,sofa,T,T-sub,T,T-sub,7
1750,furniture,store,S,S-loc,S,S-loc,4
1751,future,past,T,T-ant,T,T-ant,16
1752,future,present,T,T-coord,T,T-coord,4
1753,garage,band,S,S-obj,S,S-obj,2
1754,garage,car,S,S-obj,S,S-obj,24
1755,garden,flowers,S,S-obj,S,S-obj,12
1756,genius,Einstein,T,T-sub,T,T-sub,9
1757,ghost,ghoul,T,T-coord,T,T-coord,3
1758,ghost,phantom,T,T-coord,T,T-coord,3
1759,ghost,spirit,T,T-syn,T,T-syn,8
1760,giraffe,Africa,S,S-loc,S,S-loc,8
1761,giraffe,animal,T,T-super,T,T-super,7
1762,giraffe,neck,E,E-comp,E,E-comp,14
1763,giraffe,spots,E,E-prop,E,E-prop,9
1764,giraffe,tall,E,E-prop,E,E-prop,15
1765,girlfriend,wife,I,I-contin,I,I-contin,5
1766,glass,clear,E,E-prop,E,E-prop,10
1767,glass,cup,T,T-coord,T,T-coord,6
1768,glass,drink,S,S-action,S,S-action,9
1769,glass,water,S,S-obj,S,S-obj,5
1770,glass,wine,S,S-obj,S,S-obj,4
1771,goat,animal,T,T-super,T,T-super,4
1772,goat,Billy,T,T-sub,T,T-sub,6
1773,goat,sheep,T,T-coord,T,T-coord,7
1774,goose,bird,T,T-super,T,T-super,6
1775,goose,duck,T,T-coord,T,T-coord,9
1776,government,bad,I,I-eval,I,I-eval,1
1777,grape,fruit,T,T-super,T,T-super,15
1778,grape,purple,E,E-prop,E,E-prop,9
1779,grass,pot,T,T-syn,T,T-syn,3
1780,grass,weed,T,T-syn,T,T-syn,4
1781,guest,visitor,T,T-syn,T,T-syn,6
1782,ham,cheese,S,S-obj,S,S-obj,6
1783,hammer,hit,S,S-action,S,S-action,5
1784,hammer,tool,T,T-super,T,T-super,7
1785,hamster,wheel,S,S-obj,S,S-obj,11
1786,hand,finger,E,E-comp,E,E-comp,5
1787,hand,fingers,E,E-comp,E,E-comp,6
1788,handkerchief,nose,S,S-obj,S,S-obj,7
1789,heaven,angels,S,S-agent,S,S-agent,3
1790,heaven,clouds,S,S-obj,S,S-obj,7
1791,heaven,God,S,S-agent,S,S-agent,12
1792,heaven,hell,T,T-ant,T,T-ant,15
1793,height,cliff,S,S-obj,S,S-obj,1
1794,helicopter,blades,E,E-comp,E,E-comp,5
1795,helicopter,fly,S,S-function,S,S-function,8
1796,helicopter,plane,T,T-coord,T,T-coord,5
1797,helicopter,rotor,E,E-comp,E,E-comp,5
1798,hell,heaven,T,T-ant,T,T-ant,11
1799,helmet,hat,T,T-coord,T,T-coord,5
1800,helmet,protection,S,S-function,S,S-function,5
1801,hen,chicken,T,T-super,T,T-super,26
1802,hen,cock,T,T-coord,T,T-coord,3
1803,hen,egg,S,S-obj,S,S-obj,15
1804,hen,eggs,S,S-obj,S,S-obj,5
1805,hen,rooster,T,T-coord,T,T-coord,11
1806,history,book,S,S-obj,S,S-obj,3
1807,hobby,activity,T,T-super,T,T-super,3
1808,honey,bee,S,S-agent,S,S-agent,14
1809,honey,bees,S,S-agent,S,S-agent,7
1810,honey,sweet,E,E-prop,E,E-prop,16
1811,horse,animal,T,T-super,T,T-super,7
1812,horse,cow,T,T-coord,T,T-coord,3
1813,horse,equine,T,T-super,T,T-super,2
1814,hospital,bed,S,S-obj,S,S-obj,4
1815,hospital,doctor,S,S-agent,S,S-agent,10
1816,hospital,ill,S,S-context,S,S-context,2
1817,hospital,nurse,S,S-agent,S,S-agent,7
1818,hospital,sick,S,S-context,S,S-context,10
1819,humor,British,T,T-sub,T,T-sub,1
1820,humor,joke,S,S-obj,S,S-obj,6
1821,humor,laugh,S,S-action,S,S-action,14
1822,humor,laughter,S,S-action,S,S-action,5
1823,husband,marriage,S,S-time,S,S-time,4
1824,husband,spouse,T,T-syn,T,T-syn,7
1825,ice,cold,E,E-prop,E,E-prop,23
1826,identity,person,E,E-whole,E,E-whole,5
1827,import,China,S,S-loc,S,S-loc,3
1828,impression,dent,T,T-syn,T,T-syn,2
1829,impression,idea,T,T-syn,T,T-syn,4
1830,impression,painting,T,T-sub,T,T-sub,2
1831,insect,bug,T,T-syn,T,T-syn,21
1832,insect,fly,T,T-sub,T,T-sub,4
1833,insect,grasshopper,T,T-sub,T,T-sub,2
1834,insurance,money,S,S-obj,S,S-obj,6
1835,insurance,policy,S,S-obj,S,S-obj,6
1836,interview,questioning,S,S-action,S,S-action,1
1837,interview,talk,S,S-action,S,S-action,3
1838,iron,board,S,S-obj,S,S-obj,3
1839,iron,clothes,S,S-obj,S,S-obj,3
1840,iron,metal,T,T-super,T,T-super,8
1841,island,ocean,S,S-loc,S,S-loc,5
1842,island,water,S,S-obj,S,S-obj,7
1843,jeans,comfortable,I,I-eval,I,I-eval,2
1844,jeans,pants,T,T-super,T,T-super,14
1845,jeans,trousers,T,T-super,T,T-super,3
1846,joke,haha,S,S-action,S,S-action,2
1847,joke,laugh,S,S-action,S,S-action,17
1848,joke,laughter,S,S-action,S,S-action,2
1849,kidney,bean,T,T-super,T,T-super,12
1850,kidney,liver,T,T-coord,T,T-coord,4
1851,kidney,organ,T,T-super,T,T-super,8
1852,kidney,stone,S,S-obj,S,S-obj,10
1853,kidney,stones,S,S-obj,S,S-obj,3
1854,killer,murder,S,S-action,S,S-action,7
1855,killer,murderer,T,T-syn,T,T-syn,11
1856,killer,serial,T,T-sub,T,T-sub,5
1857,killer,whale,T,T-super,T,T-super,5
1858,kitchen,food,S,S-obj,S,S-obj,13
1859,kitchen,sink,S,S-obj,S,S-obj,8
1860,kite,flying,S,S-action,S,S-action,3
1861,kite,string,E,E-comp,E,E-comp,9
1862,knee,elbow,T,T-coord,T,T-coord,5
1863,knee,leg,E,E-whole,E,E-whole,11
1864,knowledge,book,S,S-obj,S,S-obj,4
1865,knowledge,learning,S,S-action,S,S-action,3
1866,lake,deep,E,E-state,E,E-state,1
1867,lake,pond,T,T-coord,T,T-coord,9
1868,lake,river,T,T-coord,T,T-coord,2
1869,lake,water,E,E-comp,E,E-comp,18
1870,language,English,T,T-sub,T,T-sub,9
1871,language,speak,S,S-action,S,S-action,6
1872,language,tongue,T,T-syn,T,T-syn,2
1873,lantern,Chinese,T,T-sub,T,T-sub,1
1874,laser,light,E,E-comp,E,E-comp,11
1875,law,police,S,S-agent,S,S-agent,8
1876,leaf,autumn,S,S-time,S,S-time,3
1877,leaf,fall,S,S-time,S,S-time,6
1878,leg,appendage,T,T-super,T,T-super,2
1879,leg,knee,E,E-comp,E,E-comp,4
1880,leg,limb,T,T-super,T,T-super,5
1881,legend,hero,S,S-agent,S,S-agent,8
1882,letter,alphabet,E,E-whole,E,E-whole,10
1883,letter,box,T,T-super,T,T-super,3
1884,lettuce,cabbage,T,T-coord,T,T-coord,4
1885,lettuce,tomato,T,T-coord,T,T-coord,5
1886,lettuce,vegetable,T,T-super,T,T-super,6
1887,library,books,S,S-obj,S,S-obj,22
1888,light,dark,T,T-ant,T,T-ant,10
1889,light,heavy,T,T-ant,T,T-ant,3
1890,link,connect,T,T-syn,T,T-syn,5
1891,link,connection,T,T-syn,T,T-syn,6
1892,lobster,crab,T,T-coord,T,T-coord,7
1893,lobster,seafood,T,T-super,T,T-super,5
1894,luggage,bag,T,T-sub,T,T-sub,6
1895,luggage,suitcase,T,T-sub,T,T-sub,10
1896,lunch,dinner,T,T-coord,T,T-coord,10
1897,lunch,eat,S,S-action,S,S-action,8
1898,lunch,meal,T,T-super,T,T-super,5
1899,lung,organ,T,T-super,T,T-super,6
1900,machine,metal,E,E-comp,E,E-comp,4
1901,mammal,animal,T,T-super,T,T-super,10
1902,mammal,dog,T,T-sub,T,T-sub,3
1903,mammal,human,T,T-sub,T,T-sub,10
1904,mammal,whale,T,T-sub,T,T-sub,8
1905,mandarin,China,S,S-loc,S,S-loc,8
1906,mandarin,fruit,T,T-super,T,T-super,5
1907,mandarin,language,T,T-super,T,T-super,6
1908,mandarin,orange,T,T-coord,T,T-coord,26
1909,mango,fruit,T,T-super,T,T-super,23
1910,mango,orange,T,T-coord,T,T-coord,10
1911,mango,papaya,T,T-coord,T,T-coord,2
1912,mango,ripe,E,E-state,E,E-state,1
1913,map,cartography,E,E-whole,E,E-whole,3
1914,market,food,S,S-obj,S,S-obj,5
1915,market,sell,S,S-action,S,S-action,6
1916,marriage,husband,S,S-agent,S,S-agent,4
1917,marriage,wife,S,S-agent,S,S-agent,4
1918,material,stuff,T,T-syn,T,T-syn,4
1919,meat,beef,T,T-sub,T,T-sub,9
1920,meat,food,T,T-super,T,T-super,7
1921,meat,steak,T,T-sub,T,T-sub,6
1922,meeting,boring,I,I-eval,I,I-eval,5
1923,melody,music,E,E-whole,E,E-whole,17
1924,melon,fruit,T,T-super,T,T-super,10
1925,method,way,T,T-syn,T,T-syn,10
1926,microscope,bacteria,S,S-obj,S,S-obj,5
1927,microscope,small,S,S-context,S,S-context,4
1928,microscope,tiny,S,S-context,S,S-context,5
1929,milk,drink,S,S-action,S,S-action,6
1930,milk,white,E,E-prop,E,E-prop,11
1931,miner,mine,S,S-loc,S,S-loc,3
1932,miner,ore,S,S-obj,S,S-obj,1
1933,mint,green,E,E-prop,E,E-prop,6
1934,mint,herb,T,T-super,T,T-super,4
1935,miracle,God,S,S-agent,S,S-agent,7
1936,miracle,Jesus,S,S-agent,S,S-agent,4
1937,miracle,wonder,T,T-syn,T,T-syn,3
1938,mirror,glass,E,E-comp,E,E-comp,8
1939,mirror,reflection,E,E-prop,E,E-prop,18
1940,money,dollar,T,T-sub,T,T-sub,4
1941,money,dollars,T,T-sub,T,T-sub,4
1942,monkey,animal,T,T-super,T,T-super,3
1943,monkey,banana,S,S-obj,S,S-obj,8
1944,monkey,chimp,T,T-sub,T,T-sub,5
1945,monster,scary,I,I-eval,I,I-eval,10
1946,mood,emotion,T,T-coord,T,T-coord,6
1947,moon,night,S,S-time,S,S-time,6
1948,moonlight,night,S,S-time,S,S-time,10
1949,moonlight,stars,S,S-obj,S,S-obj,5
1950,mountain,climb,S,S-action,S,S-action,6
1951,mountain,hill,T,T-coord,T,T-coord,6
1952,mountain,snow,S,S-obj,S,S-obj,6
1953,muscle,bicep,T,T-sub,T,T-sub,3
1954,museum,art,S,S-obj,S,S-obj,13
1955,museum,artifacts,S,S-obj,S,S-obj,2
1956,museum,dinosaur,S,S-obj,S,S-obj,3
1957,museum,old,S,S-context,S,S-context,7
1958,neck,kiss,S,S-action,S,S-action,4
1959,necklace,jewelry,T,T-super,T,T-super,14
1960,news,information,T,T-syn,T,T-syn,8
1961,noon,midday,T,T-syn,T,T-syn,7
1962,notebook,pen,S,S-obj,S,S-obj,7
1963,novel,new,T,T-syn,T,T-syn,13
1964,novel,read,S,S-action,S,S-action,6
1965,nurse,baby,S,S-agent,S,S-agent,2
1966,nurse,hospital,S,S-loc,S,S-loc,12
1967,nut,acorn,T,T-sub,T,T-sub,3
1968,nut,almond,T,T-sub,T,T-sub,4
1969,ocean,sea,T,T-coord,T,T-coord,16
1970,ocean,water,E,E-comp,E,E-comp,12
1971,office,work,S,S-action,S,S-action,15
1972,oil,money,I,I-contin,I,I-contin,4
1973,onion,cry,S,S-action,S,S-action,8
1974,onion,crying,S,S-action,S,S-action,2
1975,organ,body,E,E-whole,E,E-whole,5
1976,organ,heart,T,T-sub,T,T-sub,13
1977,organ,piano,T,T-coord,T,T-coord,6
1978,oven,cook,S,S-action,S,S-action,5
1979,owl,bird,T,T-super,T,T-super,18
1980,owl,eyes,E,E-comp,E,E-comp,8
1981,palace,castle,T,T-coord,T,T-coord,10
1982,palace,king,S,S-agent,S,S-agent,12
1983,palace,queen,S,S-agent,S,S-agent,8
1984,parachute,jump,S,S-action,S,S-action,9
1985,parachute,open,S,S-targetstate,S,S-targetstate,3
1986,parachute,silk,E,E-comp,E,E-comp,4
1987,paragraph,writing,S,S-action,S,S-action,9
1988,parrot,bird,T,T-super,T,T-super,20
1989,parrot,pirate,S,S-agent,S,S-agent,6
1990,part,hair,S,S-obj,S,S-obj,10
1991,part,piece,T,T-syn,T,T-syn,12
1992,part,section,T,T-syn,T,T-syn,4
1993,peace,dove,I,I-contin,I,I-contin,5
1994,penguin,bird,T,T-super,T,T-super,12
1995,penguin,black,E,E-prop,E,E-prop,7
1996,penguin,cold,S,S-context,S,S-context,6
1997,penguin,ice,S,S-obj,S,S-obj,5
1998,phenomenon,amazing,I,I-eval,I,I-eval,3
1999,phenomenon,event,T,T-syn,T,T-syn,6
2000,phenomenon,occurrence,T,T-syn,T,T-syn,4
2001,philosophy,Socrates,S,S-agent,S,S-agent,5
2002,photo,picture,T,T-syn,T,T-syn,21
2003,physics,astronomy,T,T-coord,T,T-coord,3
2004,physics,chemistry,T,T-coord,T,T-coord,4
2005,physics,math,T,T-coord,T,T-coord,5
2006,physics,science,T,T-super,T,T-super,17
2007,pig,bacon,I,I-contin,I,I-contin,8
2008,pig,oink,E,E-beh,E,E-beh,6
2009,pig,pink,E,E-prop,E,E-prop,10
2010,pig,snout,E,E-comp,E,E-comp,4
2011,pirate,steal,S,S-action,S,S-action,4
2012,pizza,food,T,T-super,T,T-super,7
2013,pizza,Italian,E,E-prop,E,E-prop,6
2014,pizza,pie,T,T-coord,T,T-coord,5
2015,plan,organize,T,T-syn,T,T-syn,4
2016,platform,base,T,T-syn,T,T-syn,1
2017,platform,stage,T,T-syn,T,T-syn,11
2018,poem,sonnet,T,T-sub,T,T-sub,4
2019,poet,artist,T,T-coord,T,T-coord,3
2020,poet,Shakespeare,T,T-sub,T,T-sub,3
2021,poet,words,S,S-obj,S,S-obj,6
2022,poet,writer,T,T-coord,T,T-coord,6
2023,pork,beef,T,T-coord,T,T-coord,4
2024,poster,sign,T,T-coord,T,T-coord,2
2025,poster,wall,S,S-loc,S,S-loc,12
2026,potato,spud,T,T-syn,T,T-syn,5
2027,potato,vegetable,T,T-super,T,T-super,4
2028,process,method,T,T-syn,T,T-syn,5
2029,process,procedure,T,T-syn,T,T-syn,5
2030,product,goods,T,T-syn,T,T-syn,2
2031,product,item,T,T-syn,T,T-syn,5
2032,product,result,T,T-syn,T,T-syn,3
2033,project,done,S,S-targetstate,S,S-targetstate,1
2034,project,task,T,T-syn,T,T-syn,4
2035,project,work,S,S-action,S,S-action,12
2036,psychologist,doctor,T,T-coord,T,T-coord,9
2037,psychologist,shrink,T,T-syn,T,T-syn,8
2038,psychology,science,T,T-super,T,T-super,3
2039,psychology,sociology,T,T-coord,T,T-coord,2
2040,pudding,dessert,T,T-super,T,T-super,8
2041,pudding,pie,T,T-coord,T,T-coord,3
2042,pumpkin,Halloween,S,S-time,S,S-time,14
2043,pumpkin,orange,E,E-prop,E,E-prop,13
2044,rabbit,ears,E,E-comp,E,E-comp,5
2045,rabbit,hop,E,E-beh,E,E-beh,4
2046,radiation,bomb,S,S-obj,S,S-obj,3
2047,radiation,X-ray,S,S-obj,S,S-obj,4
2048,radio,television,T,T-coord,T,T-coord,4
2049,rain,wet,E,E-prop,E,E-prop,14
2050,rainbow,arc,E,E-prop,E,E-prop,4
2051,rainbow,colorful,E,E-prop,E,E-prop,2
2052,raincoat,wet,S,S-context,S,S-context,6
2053,rape,bad,I,I-eval,I,I-eval,3
2054,rape,horrible,I,I-eval,I,I-eval,1
2055,rape,sex,S,S-action,S,S-action,5
2056,rape,woman,S,S-agent,S,S-agent,3
2057,reality,matrix,I,I-contin,I,I-contin,2
2058,record,album,T,T-syn,T,T-syn,3
2059,record,tape,T,T-coord,T,T-coord,6
2060,refugee,Africa,S,S-loc,S,S-loc,2
2061,refugee,asylum,S,S-action,S,S-action,3
2062,refugee,flee,S,S-action,S,S-action,2
2063,refugee,war,S,S-time,S,S-time,10
2064,relationship,friends,S,S-agent,S,S-agent,2
2065,relationship,girlfriend,S,S-agent,S,S-agent,3
2066,religion,Christianity,T,T-sub,T,T-sub,4
2067,religion,God,S,S-agent,S,S-agent,13
2068,resident,home,S,S-loc,S,S-loc,7
2069,resident,house,S,S-loc,S,S-loc,6
2070,revenge,anger,I,I-emo,I,I-emo,10
2071,revenge,avenge,T,T-syn,T,T-syn,2
2072,revenge,mean,I,I-eval,I,I-eval,3
2073,revolution,American,T,T-sub,T,T-sub,2
2074,revolution,war,S,S-time,S,S-time,5
2075,risk,chance,T,T-syn,T,T-syn,4
2076,risk,game,T,T-super,T,T-super,8
2077,rocket,fire,S,S-obj,S,S-obj,4
2078,rocket,space,S,S-loc,S,S-loc,15
2079,roof,house,E,E-whole,E,E-whole,16
2080,roommate,college,S,S-loc,S,S-loc,6
2081,roommate,dorm,S,S-loc,S,S-loc,3
2082,roommate,share,S,S-action,S,S-action,6
2083,root,tree,E,E-whole,E,E-whole,15
2084,rope,climb,S,S-action,S,S-action,5
2085,rope,hang,S,S-action,S,S-action,8
2086,rope,knot,S,S-obj,S,S-obj,7
2087,rope,tie,S,S-action,S,S-action,8
2088,ruler,inches,S,S-obj,S,S-obj,3
2089,ruler,king,T,T-sub,T,T-sub,15
2090,ruler,measurement,S,S-function,S,S-function,4
2091,sacrifice,give up,T,T-syn,T,T-syn,4
2092,sacrifice,Jesus,S,S-agent,S,S-agent,4
2093,salad,healthy,I,I-eval,I,I-eval,4
2094,salmon,Alaska,S,S-loc,S,S-loc,1
2095,salmon,color,T,T-super,T,T-super,3
2096,salmon,fish,T,T-super,T,T-super,29
2097,sandwich,eat,S,S-action,S,S-action,2
2098,sandwich,food,T,T-super,T,T-super,5
2099,satellite,space,S,S-loc,S,S-loc,19
2100,sausage,breakfast,S,S-time,S,S-time,6
2101,scandal,gossip,S,S-action,S,S-action,5
2102,scandal,newspaper,S,S-obj,S,S-obj,2
2103,scarf,knit,S,S-action,S,S-action,2
2104,scarf,winter,S,S-time,S,S-time,6
2105,scholarship,smart,I,I-contin,I,I-contin,2
2106,school,education,S,S-function,S,S-function,4
2107,science,study,S,S-action,S,S-action,6
2108,sculpture,art,T,T-super,T,T-super,14
2109,sculpture,David,T,T-sub,T,T-sub,5
2110,sculpture,painting,T,T-coord,T,T-coord,2
2111,season,autumn,T,T-sub,T,T-sub,4
2112,season,fall,T,T-sub,T,T-sub,13
2113,season,spring,T,T-sub,T,T-sub,9
2114,season,summer,T,T-sub,T,T-sub,10
2115,season,winter,T,T-sub,T,T-sub,16
2116,seaweed,beach,S,S-loc,S,S-loc,4
2117,seaweed,kelp,T,T-sub,T,T-sub,7
2118,seaweed,ocean,S,S-loc,S,S-loc,12
2119,sentence,word,E,E-comp,E,E-comp,6
2120,sentence,words,E,E-comp,E,E-comp,12
2121,shape,circle,T,T-sub,T,T-sub,11
2122,shape,round,T,T-sub,T,T-sub,6
2123,shape,square,T,T-sub,T,T-sub,13
2124,shape,triangle,T,T-sub,T,T-sub,7
2125,shark,fish,T,T-super,T,T-super,11
2126,sheep,animal,T,T-super,T,T-super,3
2127,shorts,legs,S,S-obj,S,S-obj,6
2128,shorts,summer,S,S-time,S,S-time,11
2129,shorts,trousers,T,T-coord,T,T-coord,4
2130,silver,metal,T,T-super,T,T-super,7
2131,singer,artist,T,T-super,T,T-super,3
2132,singer,music,S,S-obj,S,S-obj,7
2133,singer,song,S,S-obj,S,S-obj,10
2134,sister,sibling,T,T-super,T,T-super,9
2135,skateboard,kids,S,S-agent,S,S-agent,2
2136,skateboard,skater,S,S-agent,S,S-agent,2
2137,skateboard,wheels,E,E-comp,E,E-comp,7
2138,skin,touch,S,S-action,S,S-action,2
2139,sky,clouds,S,S-obj,S,S-obj,10
2140,slave,bad,I,I-eval,I,I-eval,1
2141,snail,slug,T,T-coord,T,T-coord,5
2142,snake,hiss,E,E-beh,E,E-beh,3
2143,snake,reptile,T,T-super,T,T-super,6
2144,snake,serpent,T,T-syn,T,T-syn,5
2145,snake,slither,E,E-beh,E,E-beh,11
2146,socialism,communism,T,T-coord,T,T-coord,8
2147,socialism,Marx,S,S-agent,S,S-agent,5
2148,soldier,warrior,T,T-syn,T,T-syn,2
2149,son,boy,E,E-prop,E,E-prop,8
2150,son,father,T,T-coord,T,T-coord,9
2151,son,offspring,T,T-super,T,T-super,3
2152,soup,food,T,T-super,T,T-super,4
2153,speech,talk,S,S-action,S,S-action,15
2154,spell,word,S,S-obj,S,S-obj,8
2155,spell,words,S,S-obj,S,S-obj,4
2156,spider,black,E,E-prop,E,E-prop,5
2157,spider,legs,E,E-comp,E,E-comp,8
2158,spoon,food,S,S-obj,S,S-obj,4
2159,spoon,fork,T,T-coord,T,T-coord,22
2160,spoon,knife,T,T-coord,T,T-coord,12
2161,sport,baseball,T,T-sub,T,T-sub,4
2162,sport,basketball,T,T-sub,T,T-sub,4
2163,sport,football,T,T-sub,T,T-sub,9
2164,sport,soccer,T,T-sub,T,T-sub,7
2165,spring,fall,T,T-coord,T,T-coord,6
2166,spring,season,T,T-super,T,T-super,6
2167,spring,summer,T,T-coord,T,T-coord,7
2168,squirrel,animal,T,T-super,T,T-super,3
2169,squirrel,cute,I,I-eval,I,I-eval,3
2170,squirrel,nut,S,S-obj,S,S-obj,7
2171,squirrel,nuts,S,S-obj,S,S-obj,12
2172,stomach,belly,T,T-syn,T,T-syn,5
2173,stomach,food,S,S-obj,S,S-obj,11
2174,stone,pebble,T,T-sub,T,T-sub,3
2175,stone,rock,T,T-syn,T,T-syn,25
2176,strawberry,fruit,T,T-super,T,T-super,12
2177,strawberry,red,E,E-prop,E,E-prop,15
2178,street,avenue,T,T-coord,T,T-coord,11
2179,street,lane,T,T-coord,T,T-coord,4
2180,structure,architect,S,S-agent,S,S-agent,2
2181,structure,build,S,S-action,S,S-action,1
2182,structure,construction,S,S-action,S,S-action,2
2183,struggle,battle,T,T-syn,T,T-syn,2
2184,success,money,S,S-obj,S,S-obj,7
2185,suicide,dead,S,S-context,S,S-context,2
2186,suicide,kill,S,S-action,S,S-action,10
2187,sunrise,dawn,S,S-time,S,S-time,6
2188,sunrise,morning,S,S-time,S,S-time,12
2189,sunset,beautiful,I,I-eval,I,I-eval,4
2190,sunset,dusk,S,S-time,S,S-time,2
2191,supermarket,food,S,S-obj,S,S-obj,17
2192,swan,bird,T,T-super,T,T-super,14
2193,sweater,cold,S,S-context,S,S-context,5
2194,sweater,vest,T,T-coord,T,T-coord,4
2195,sword,blade,E,E-comp,E,E-comp,4
2196,sword,weapon,T,T-super,T,T-super,6
2197,tail,animal,E,E-whole,E,E-whole,5
2198,tattoo,ink,E,E-comp,E,E-comp,13
2199,tattoo,mark,T,T-super,T,T-super,4
2200,tattoo,piercing,T,T-coord,T,T-coord,1
2201,teacher,educator,T,T-syn,T,T-syn,3
2202,teacher,mentor,T,T-syn,T,T-syn,3
2203,teacher,school,S,S-loc,S,S-loc,12
2204,teacher,student,T,T-ant,T,T-ant,9
2205,teenager,young,E,E-prop,E,E-prop,8
2206,teeth,dentist,S,S-agent,S,S-agent,7
2207,teeth,mouth,S,S-loc,S,S-loc,6
2208,teeth,white,E,E-prop,E,E-prop,14
2209,telescope,lens,E,E-comp,E,E-comp,5
2210,tennis,sport,T,T-super,T,T-super,4
2211,theory,idea,T,T-syn,T,T-syn,9
2212,thermometer,hot,S,S-context,S,S-context,6
2213,thermometer,sick,S,S-context,S,S-context,4
2214,thermometer,temperature,E,E-prop,E,E-prop,22
2215,thief,night,S,S-time,S,S-time,2
2216,throat,cough,S,S-action,S,S-action,6
2217,throat,swallow,S,S-action,S,S-action,9
2218,thumb,hand,E,E-whole,E,E-whole,13
2219,tiger,animal,T,T-super,T,T-super,3
2220,tiger,cat,T,T-super,T,T-super,8
2221,time,clock,S,S-obj,S,S-obj,14
2222,time,watch,S,S-obj,S,S-obj,5
2223,toe,digit,T,T-super,T,T-super,2
2224,toe,foot,E,E-whole,E,E-whole,23
2225,tongue,lick,S,S-action,S,S-action,7
2226,tongue,taste,S,S-function,S,S-function,11
2227,toothbrush,paste,S,S-obj,S,S-obj,4
2228,toothbrush,teeth,S,S-obj,S,S-obj,14
2229,toothbrush,toothpaste,S,S-obj,S,S-obj,18
2230,towel,bathroom,S,S-loc,S,S-loc,1
2231,towel,shower,S,S-obj,S,S-obj,7
2232,toy,child,S,S-agent,S,S-agent,7
2233,toy,play,S,S-action,S,S-action,11
2234,tradition,holiday,S,S-time,S,S-time,4
2235,tragedy,sad,I,I-emo,I,I-emo,12
2236,tragedy,sadness,I,I-emo,I,I-emo,4
2237,trap,ackbar,S,S-agent,S,S-agent,1
2238,tree,leaf,E,E-comp,E,E-comp,4
2239,truth,fact,T,T-syn,T,T-syn,3
2240,tunnel,dig,S,S-action,S,S-action,4
2241,uncle,brother,T,T-coord,T,T-coord,3
2242,uncle,man,E,E-prop,E,E-prop,4
2243,uncle,relative,T,T-super,T,T-super,5
2244,university,study,S,S-action,S,S-action,6
2245,valley,dale,T,T-syn,T,T-syn,2
2246,value,worth,T,T-syn,T,T-syn,15
2247,video,audio,T,T-ant,T,T-ant,4
2248,vinegar,acid,E,E-prop,E,E-prop,4
2249,vinegar,oil,T,T-coord,T,T-coord,8
2250,vinegar,sour,E,E-prop,E,E-prop,13
2251,violence,hurt,S,S-context,S,S-context,5
2252,violin,instrument,T,T-super,T,T-super,6
2253,visa,credit card,T,T-super,T,T-super,7
2254,volcano,ash,S,S-obj,S,S-obj,4
2255,volcano,erupt,E,E-beh,E,E-beh,9
2256,volleyball,sport,T,T-super,T,T-super,5
2257,water,H2O,T,T-syn,T,T-syn,1
2258,water,lake,E,E-whole,E,E-whole,3
2259,watermelon,fruit,T,T-super,T,T-super,12
2260,watermelon,green,E,E-prop,E,E-prop,5
2261,watermelon,red,E,E-prop,E,E-prop,7
2262,wealth,money,S,S-obj,S,S-obj,27
2263,wealth,riches,T,T-syn,T,T-syn,4
2264,weather,clouds,S,S-obj,S,S-obj,5
2265,wedding,bride,S,S-agent,S,S-agent,10
2266,wedding,marriage,T,T-syn,T,T-syn,6
2267,whale,big,E,E-prop,E,E-prop,5
2268,whale,dolphin,T,T-coord,T,T-coord,3
2269,whale,ocean,S,S-loc,S,S-loc,9
2270,wheat,field,S,S-loc,S,S-loc,5
2271,wheel,round,E,E-prop,E,E-prop,12
2272,wind,air,E,E-comp,E,E-comp,4
2273,wind,leaves,S,S-obj,S,S-obj,3
2274,wolf,animal,T,T-super,T,T-super,5
2275,wolf,howl,E,E-beh,E,E-beh,7
2276,wolf,moon,S,S-obj,S,S-obj,4
2277,wolf,pack,E,E-whole,E,E-whole,5
2278,woman,man,T,T-ant,T,T-ant,17
2279,world,earth,T,T-syn,T,T-syn,11
2280,world,globe,T,T-syn,T,T-syn,13
2281,wrinkle,face,S,S-loc,S,S-loc,5
2282,wrist,ankle,T,T-coord,T,T-coord,3
2283,yoga,exercise,T,T-super,T,T-super,6
2284,yogurt,food,T,T-super,T,T-super,2
2285,zoo,tiger,S,S-agent,S,S-agent,2
2286,zoo,zebra,S,S-agent,S,S-agent,3
2287,wealth,rich,E,E-state,E,E-state,11
2288,shadow,sun,S,S-obj,S,S-obj,6
2289,library,reading,S,S-action,S,S-action,3
2290,businessman,briefcase,S,S-obj,S,S-obj,6
2291,daughter,child,E,E-prop,T,T-super,7
2292,logic,puzzle,S,S-obj,S,S-obj,3
2293,neck,beard,S,S-obj,S,S-obj,2
