cue,response,human1,human2,frequency,n
accumulation,collecting,I,I-cont,20,30
accumulation,over time,S,S-time,15,30
accumulation,of snow,T,T-sub,13,30
accumulation,build up,T,T-syn,10,30
accumulation,hoarding,I,I-cont,10,30
accumulation,too much,I,I-cont,9,30
accumulation,gathering of things,T,T-syn,8,30
accumulation,pile,I,I-cont,8,30
accumulation,things,T,T-sub,8,30
accumulation,adding,I,I-cont,8,30
accumulation,grouping,I,I-cont,6,30
accumulation,data,T,T-sub,6,30
accumulation,quantity,I,I-cont,6,30
accumulation,money,T,T-sub,5,30
accumulation,objects,T,T-sub,5,30
accumulation,junk,T,T-sub,5,30
air,breathing,S,S-fun,27,30
air,oxygen,E,E-comp,22,30
air,life,I,I-cont,18,30
air,wind,T,T-sub,18,30
air,fresh,E,E-perc,18,30
air,clean,E,E-perc,10,30
air,lung,S,S-obj,8,30
air,trees,S,S-obj,7,30
air,pollution,S,S-obj,7,30
air,earth,S,S-loc,7,30
air,rain,S,S-obj,7,30
air,atmosphere,T,T-syn,6,30
air,sky,S,S-loc,5,30
air,gas,T,T-sup,5,30
air,purity,E,E-perc,5,30
air,nature,E,E-whol,5,30
airline,company,T,T-sup,27,30
airline,airplanes,E,E-comp,19,30
airline,airport,S,S-loc,16,30
airline,planes,E,E-comp,10,30
airline,Delta,T,T-sub,7,30
airline,Lufthansa,T,T-sub,6,30
airline,American,T,T-sub,6,30
airline,flying,S,S-act,6,30
airplane,travel,S,S-fun,21,30
airplane,pilot,S,S-par,18,30
airplane,fast,E,E-sys,11,30
airplane,wings,E,E-comp,10,30
airplane,transportation,S,S-fun,9,30
airplane,engine,E,E-comp,9,30
airplane,flight,E,E-beh,8,30
airplane,flying,E,E-beh,8,30
airplane,airport,S,S-loc,7,30
airplane,uncomfortable seats,I,I-eval,6,30
airplane,vacation,S,S-time,6,30
airplane,large,E,E-perc,6,30
airplane,sky,S,S-loc,5,30
alcohol,wine,T,T-sub,22,30
alcohol,beer,T,T-sub,17,30
alcohol,drinking,S,S-act,15,30
alcohol,drunk,I,I-cont,10,30
alcohol,party,S,S-time,6,30
alcohol,dinner,S,S-time,6,30
alcohol,fun,I,I-eval,5,30
alcohol,alcoholism,I,I-cont,5,30
alcohol,negative,I,I-eval,5,30
America,home,I,I-cont,18,30
America,red white and blue,S,S-other,15,30
America,flag,S,S-obj,13,30
America,freedom,I,I-cont,13,30
America,country,T,T-sup,10,30
America,large,E,E-perc,10,30
America,eagle,S,S-obj,10,30
America,diversity,I,I-cont,8,30
America,patriotism,I,I-cont,8,30
America,native american,S,S-par,8,30
America,united states,T,T-syn,8,30
America,land,T,T-sup,7,30
America,democracy,I,I-cont,5,30
America,nationality,T,T-sup,5,30
America,president,S,S-par,5,30
America,obama,S,S-par,5,30
America,usa,T,T-syn,5,30
America,stars and stripes,S,S-other,5,30
animal,nature,E,E-whol,18,30
animal,pet,T,T-sub,15,30
animal,friend,I,I-cont,14,30
animal,dog,T,T-sub,14,30
animal,lion,T,T-sub,11,30
animal,cat,T,T-sub,9,30
animal,zoo,S,S-loc,9,30
animal,wild,E,E-sys,9,30
animal,mammal,T,T-sub,5,30
appearance,look,T,T-syn,14,30
appearance,important,I,I-eval,12,30
appearance,clothes,S,S-obj,12,30
appearance,seeing,S,S-act,12,30
appearance,face,S,S-obj,9,30
appearance,makeup,S,S-obj,9,30
appearance,beauty,T,T-sub,7,30
appearance,perception,I,I-cont,6,30
appearance,public,S,S-loc,5,30
appearance,ugly,I,I-eval,5,30
appearance,clean,I,I-eval,5,30
appearance,mirror,S,S-obj,5,30
appearance,style,T,T-syn,5,30
army,war,S,S-time,23,30
army,protection,S,S-fun,16,30
army,gun,S,S-obj,15,30
army,fighting,E,E-beh,15,30
army,camouflage,E,E-perc,13,30
army,military,T,T-sup,11,30
army,safety,I,I-cont,10,30
army,training,S,S-act,10,30
army,men,E,E-comp,8,30
army,group of people,T,T-sup,8,30
army,uniform,E,E-comp,8,30
army,bombs,S,S-obj,8,30
army,soldiers,E,E-comp,8,30
army,navy,T,T-coor,7,30
army,green,E,E-perc,6,30
army,air force,T,T-coor,5,30
aspect,part,T,T-syn,13,30
aspect,facet,T,T-syn,10,30
aspect,detail,T,T-sub,7,30
aspect,perspective,T,T-syn,7,30
attention,focus,I,I-cont,15,30
attention,looking,S,S-act,14,30
attention,listening,S,S-act,10,30
attention,awareness,I,I-cont,10,30
attention,detail,S,S-obj,7,30
attention,alert,I,I-cont,5,30
attitude,negative,I,I-eval,17,30
attitude,feeling,I,I-cont,11,30
attitude,changes,E,E-beh,10,30
attitude,expression,T,T-sup,8,30
attitude,thoughts,I,I-cont,8,30
attitude,fight,S,S-act,8,30
attitude,emotion,I,I-cont,5,30
attitude,good,I,I-eval,5,30
attitude,bad,I,I-eval,5,30
attitude,reaction,T,T-syn,5,30
attitude,mood,T,T-syn,5,30
attitude,behavior,T,T-sup,5,30
attitude,grumpy,T,T-sub,5,30
attitude,approach,T,T-sup,5,30
attitude,outlook,T,T-syn,5,30
bank,money,E,E-comp,29,30
bank,credit card,E,E-comp,18,30
bank,safety,I,I-cont,13,30
bank,savings,E,E-comp,13,30
bank,account,E,E-comp,13,30
bank,robbery,S,S-act,10,30
bank,checks,E,E-comp,10,30
bank,atm,E,E-comp,8,30
bank,river,T,T-sub,7,30
bank,trust,I,I-cont,5,30
bank,debt,I,I-cont,5,30
bank,loans,S,S-obj,5,30
bank,bills,E,E-comp,5,30
bank,wall street,T,T-sub,5,30
bank,corruption,I,I-cont,5,30
bank,rich,E,E-sys,5,30
barcode,scan,S,S-act,28,30
barcode,store,S,S-loc,16,30
barcode,price,S,S-fun,16,30
barcode,black,E,E-perc,13,30
barcode,white,E,E-perc,12,30
barcode,code,T,T-sup,11,30
barcode,identification,S,S-fun,9,30
barcode,lines,E,E-comp,9,30
barcode,numbers,E,E-comp,7,30
barcode,consumerism,I,I-cont,7,30
barcode,shopping,S,S-act,7,30
barcode,groceries,S,S-obj,7,30
barcode,trackable,E,E-sys,6,30
barcode,digital,E,E-sys,5,30
barcode,bars,E,E-comp,5,30
barcode,technology,T,T-sup,5,30
barcode,information,E,E-comp,5,30
beggar,poor,E,E-sys,23,30
beggar,dirty,E,E-perc,19,30
beggar,in need,E,E-sys,18,30
beggar,hungry,E,E-sys,13,30
beggar,sad,I,I-eval,10,30
beggar,homeless,E,E-sys,10,30
beggar,asking money,E,E-beh,8,30
beggar,clothes,E,E-perc,8,30
beggar,street,S,S-loc,7,30
beggar,many,I,I-cont,6,30
beggar,alone,E,E-sys,5,30
beggar,poverty,E,E-sys,5,30
beggar,gypsy,T,T-sub,5,30
body,skin,E,E-comp,21,30
body,self,I,I-cont,14,30
body,muscles,E,E-comp,9,30
body,human form,T,T-syn,8,30
body,fat,E,E-sys,7,30
body,movement,S,S-fun,7,30
body,head,E,E-comp,7,30
body,of work,T,T-sub,6,30
body,soft,E,E-sys,5,30
body,physical,E,E-sys,5,30
body,blood,E,E-comp,5,30
body,shape,E,E-perc,5,30
body,bones,E,E-comp,5,30
body,health,I,I-cont,5,30
bomb,explosive,E,E-sys,20,30
bomb,war,S,S-time,15,30
bomb,weapon,T,T-sup,15,30
bomb,terrorism,S,S-fun,13,30
bomb,death,S,S-fun,13,30
bomb,destructive,E,E-sys,11,30
bomb,threat,T,T-sup,11,30
bomb,hiroshima,S,S-time,10,30
bomb,atomic,E,E-sys,9,30
bomb,dangerous,I,I-eval,8,30
bomb,killing,S,S-fun,8,30
bomb,loud,E,E-sys,7,30
bomb,bad,I,I-eval,7,30
bomb,burning,I,I-cont,5,30
bomb,scary,I,I-eval,5,30
bomb,army,S,S-par,5,30
book,pages,E,E-comp,23,30
book,reading,S,S-fun,16,30
book,hard,E,E-perc,13,30
book,words,E,E-comp,12,30
book,paper,E,E-comp,11,30
book,information,E,E-comp,10,30
book,cover,E,E-comp,9,30
book,knowledge,I,I-cont,7,30
book,soft,E,E-comp,7,30
book,author,I,I-cont,6,30
book,learning,S,S-fun,6,30
book,library,S,S-loc,5,30
book,story,E,E-comp,5,30
bottle,water,S,S-obj,29,30
bottle,glass,E,E-comp,26,30
bottle,holds liquids,S,S-fun,25,30
bottle,beer,E,E-comp,16,30
bottle,wine,E,E-comp,14,30
bottle,plastic,E,E-comp,12,30
bottle,container,T,T-sup,11,30
bottle,lid,E,E-comp,9,30
bottle,alcoholism,I,I-cont,6,30
brain,thinking,S,S-fun,20,30
brain,smart,I,I-cont,15,30
brain,neurons,E,E-comp,13,30
brain,pink,E,E-perc,10,30
brain,knowledge,I,I-cont,10,30
brain,head,S,S-loc,8,30
brain,lobes,E,E-comp,8,30
brain,connections,E,E-comp,7,30
brain,control center,S,S-fun,6,30
brain,squishy,E,E-perc,6,30
brain,wrinkly,E,E-perc,6,30
brain,mind,T,T-coor,6,30
brain,memory,I,I-cont,5,30
brain,intelligence,I,I-cont,5,30
brain,complicated,E,E-sys,5,30
brain,spongey,E,E-perc,5,30
bread,white,E,E-perc,21,30
bread,sandwich,I,I-cont,19,30
bread,brown,E,E-perc,18,30
bread,butter,T,T-coor,16,30
bread,loaf,T,T-sub,16,30
bread,food,T,T-sup,14,30
bread,slices,I,I-cont,11,30
bread,wheat,E,E-comp,10,30
bread,toast,I,I-cont,7,30
bread,yeast,E,E-comp,6,30
brightness,light,I,I-cont,30,30
brightness,sun,I,I-cont,19,30
brightness,warmth,I,I-cont,16,30
brightness,eyes,S,S-obj,14,30
brightness,summer,S,S-time,11,30
brightness,sunglasses,S,S-obj,8,30
brightness,white,S,S-other,7,30
brightness,blinding,E,E-sys,7,30
brightness,squinting,S,S-act,6,30
brightness,happiness,I,I-eval,5,30
brightness,outside,S,S-loc,5,30
brightness,windows,S,S-obj,5,30
brightness,sunshine,S,S-obj,5,30
brightness,morning,S,S-time,5,30
brightness,darkness,T,T-ant,5,30
building,tall,E,E-perc,18,30
building,windows,E,E-comp,16,30
building,bricks,E,E-comp,16,30
building,doors,E,E-comp,14,30
building,structure,T,T-sup,13,30
building,walls,E,E-comp,13,30
building,office,S,S-fun,12,30
building,cement,E,E-comp,11,30
building,roof,E,E-comp,10,30
building,rooms,E,E-comp,8,30
building,architecture,T,T-sup,6,30
building,city,S,S-loc,6,30
bulldozer,destruction,S,S-fun,25,30
bulldozer,construction,S,S-fun,19,30
bulldozer,work,S,S-fun,19,30
bulldozer,building,S,S-obj,19,30
bulldozer,dirt,S,S-obj,16,30
bulldozer,yellow,E,E-perc,11,30
bulldozer,machine,T,T-sup,11,30
bulldozer,tear down,S,S-fun,8,30
bulldozer,used to flatten,S,S-fun,8,30
bulldozer,loud,E,E-sys,5,30
bulldozer,strong,E,E-sys,5,30
bulldozer,driver,S,S-par,5,30
bulldozer,large,E,E-perc,5,30
bulldozer,demolish,S,S-fun,5,30
bullet,gun,S,S-obj,30,30
bullet,killing,S,S-fun,25,30
bullet,war,S,S-time,22,30
bullet,metal,E,E-comp,20,30
bullet,pain,I,I-cont,16,30
bullet,fast,E,E-sys,15,30
bullet,violence,I,I-cont,15,30
bullet,shooting,S,S-act,15,30
bullet,police,S,S-par,12,30
bullet,dangerous,I,I-eval,11,30
bullet,death,I,I-cont,8,30
bullet,pointed end,E,E-comp,8,30
bullet,small,E,E-sys,7,30
canvas,painting,S,S-act,28,30
canvas,material,E,E-comp,13,30
canvas,fabric,E,E-comp,12,30
canvas,creativity,I,I-cont,11,30
canvas,blank,E,E-perc,11,30
canvas,stretched,E,E-perc,9,30
canvas,tent,I,I-cont,9,30
canvas,oil,S,S-obj,9,30
canvas,art,I,I-cont,8,30
canvas,brushes,S,S-obj,7,30
canvas,colors,S,S-obj,6,30
canvas,rough,E,E-perc,6,30
car,transportation,S,S-fun,24,30
car,fast,E,E-sys,19,30
car,travel,S,S-fun,17,30
car,wheels,E,E-comp,14,30
car,driving,S,S-act,14,30
car,engine,E,E-comp,13,30
car,expensive,E,E-sys,10,30
car,driver,S,S-par,9,30
car,doors,E,E-comp,7,30
car,windows,E,E-comp,5,30
car,gasoline,I,I-cont,5,30
carpet,rug,T,T-syn,24,30
carpet,dirty,E,E-perc,20,30
carpet,floor,S,S-loc,15,30
carpet,cozy,I,I-eval,14,30
carpet,covers floors,S,S-fun,12,30
carpet,house,S,S-loc,12,30
carpet,dusty,E,E-perc,10,30
carpet,vacuum cleaner,S,S-obj,9,30
carpet,scratchy,E,E-perc,8,30
carpet,warmth,S,S-fun,8,30
carpet,soft,E,E-perc,7,30
carpet,fuzzy,E,E-perc,5,30
cart,food,S,S-obj,22,30
cart,carries items,S,S-fun,18,30
cart,metal,E,E-comp,18,30
cart,bars,E,E-comp,18,30
cart,grocery store,S,S-loc,17,30
cart,shopping,S,S-fun,15,30
cart,pushing,S,S-act,14,30
cart,supermarket,S,S-loc,13,30
center,between,T,T-syn,18,30
center,half way,T,T-syn,13,30
center,middle,T,T-syn,13,30
center,median,T,T-sub,10,30
center,city,T,T-sub,8,30
center,medium,T,T-syn,8,30
center,mean,T,T-sub,5,30
center,not the end,I,I-cont,5,30
cigarette,smell,E,E-perc,25,30
cigarette,bad,I,I-eval,23,30
cigarette,cancer,I,I-cont,19,30
cigarette,tobacco,E,E-comp,18,30
cigarette,smoke,S,S-act,17,30
cigarette,unhealthy,I,I-eval,14,30
cigarette,addiction,I,I-cont,9,30
cigarette,lungs,S,S-obj,8,30
cigarette,expensive,E,E-sys,8,30
cigarette,lighter,S,S-obj,7,30
cigarette,deadly,E,E-sys,6,30
cigarette,nicotine,E,E-comp,6,30
cigarette,filter,E,E-comp,5,30
cigarette,long,E,E-perc,5,30
clock,time,S,S-fun,27,30
clock,watch,T,T-syn,23,30
clock,hours,E,E-comp,21,30
clock,minutes,E,E-comp,20,30
clock,seconds,E,E-comp,20,30
clock,tick tock,E,E-perc,18,30
clock,numbers,E,E-perc,12,30
clock,round,E,E-perc,8,30
clock,wall,S,S-loc,8,30
clock,old,E,E-sys,7,30
clock,alarm,T,T-syn,7,30
clock,hands,E,E-comp,6,30
cloth,cotton,E,E-comp,20,30
cloth,sewing,S,S-act,18,30
cloth,clothes,S,S-fun,15,30
cloth,silk,E,E-comp,13,30
cloth,pattern,E,E-perc,10,30
cloth,blanket,T,T-sub,8,30
cloth,material,E,E-comp,8,30
cloth,rough,E,E-perc,5,30
cloth,soft,E,E-perc,5,30
cloth,wash,S,S-act,5,30
cloth,warmth,S,S-fun,5,30
coffee,caffeine,E,E-comp,24,30
coffee,morning,S,S-time,19,30
coffee,milk,S,S-obj,16,30
coffee,sugar,S,S-obj,15,30
coffee,black,E,E-perc,14,30
coffee,cream,S,S-obj,13,30
coffee,beans,E,E-comp,10,30
coffee,espresso,T,T-sub,9,30
coffee,starbucks,S,S-loc,9,30
coffee,energy,I,I-cont,8,30
coffee,hot,E,E-perc,8,30
coffee,tired,I,I-cont,5,30
coke,soda,T,T-sup,18,30
coke,fizzy,E,E-sys,13,30
coke,addiction,I,I-cont,13,30
coke,brown,E,E-perc,13,30
coke,unhealthy,E,E-sys,12,30
coke,sugar,E,E-comp,10,30
coke,coca cola,T,T-syn,10,30
coke,can,S,S-loc,9,30
coke,red,S,S-other,9,30
coke,white,S,S-other,9,30
coke,drinking,S,S-act,8,30
coke,bottle,S,S-loc,8,30
coke,carbonated,E,E-sys,6,30
coke,sweet,E,E-sys,5,30
coke,corporation,I,I-cont,5,30
condition,state of being,T,T-syn,25,30
condition,based on something,I,I-cont,10,30
condition,illness,T,T-sub,8,30
condition,shape,T,T-syn,8,30
condition,testable,E,E-sys,5,30
condition,situation,T,T-syn,5,30
condition,mind,T,T-sub,5,30
consequence,result,T,T-syn,21,30
consequence,effect,T,T-syn,18,30
consequence,outcome,T,T-syn,12,30
consequence,negative,I,I-eval,7,30
consideration,thinking,I,I-cont,23,30
consideration,feeling,I,I-cont,15,30
consideration,decision,I,I-cont,13,30
consideration,option,I,I-cont,10,30
consideration,thoughts,T,T-sup,10,30
consideration,idea,I,I-cont,6,30
consideration,different perspective,I,I-cont,5,30
consideration,respect,S,S-act,5,30
consideration,thoughtfulness,I,I-cont,5,30
consideration,choice,I,I-cont,5,30
constraint,holding back,S,S-fun,18,30
constraint,discomfort,I,I-cont,15,30
constraint,restrictive,E,E-sys,13,30
constraint,obstacle,I,I-cont,10,30
constraint,mental,E,E-sys,10,30
constraint,limitation,T,T-syn,8,30
constraint,physical,E,E-sys,8,30
constraint,hindrance,T,T-syn,5,30
constraint,no freedom,I,I-cont,5,30
constraint,stop,S,S-fun,5,30
constraint,unable to move,I,I-cont,5,30
constraint,difficult,E,E-sys,5,30
country,nation,T,T-syn,18,30
country,home,T,T-syn,15,30
country,flag,S,S-obj,14,30
country,borders,E,E-comp,12,30
country,culture,I,I-cont,11,30
country,patriotism,I,I-cont,9,30
country,state,T,T-syn,9,30
country,land,E,E-whol,8,30
country,government,E,E-comp,7,30
country,place,E,E-whol,7,30
country,pride,I,I-cont,7,30
country,map,E,E-whol,5,30
country,war,S,S-time,5,30
country,anthem,E,E-comp,5,30
country,immigration,S,S-act,5,30
country,emigration,S,S-act,5,30
country,people,S,S-par,5,30
cream (face),white,E,E-perc,28,30
cream (face),moisturizing,E,E-sys,26,30
cream (face),anti age,E,E-sys,16,30
cream (face),acne,T,T-sub,15,30
cream (face),woman,S,S-par,12,30
cream (face),no wrinkles,S,S-fun,8,30
cream (face),soft,E,E-perc,6,30
cream (face),sunscreen,T,T-sub,6,30
crocodile,teeth,E,E-comp,19,30
crocodile,animal,T,T-sup,18,30
crocodile,dangerous,E,E-sys,18,30
crocodile,ferocious,E,E-sys,16,30
crocodile,reptile,T,T-sup,15,30
crocodile,green,E,E-perc,15,30
crocodile,swamp,S,S-loc,14,30
crocodile,jaws,E,E-comp,13,30
crocodile,south,S,S-loc,9,30
crocodile,long,E,E-perc,9,30
crocodile,swims,E,E-beh,8,30
crocodile,cries,E,E-beh,6,30
crocodile,large,E,E-perc,6,30
cup,glass,E,E-comp,25,30
cup,drinking,S,S-act,22,30
cup,plastic,E,E-comp,19,30
cup,holds liquids,S,S-fun,15,30
cup,thirst,I,I-cont,15,30
cup,baking,S,S-act,12,30
cup,coffee,T,T-sub,11,30
cup,for measuring,S,S-fun,11,30
cup,mug,T,T-syn,11,30
cup,tea,T,T-sub,8,30
cup,handle,E,E-comp,8,30
cup,container,T,T-sup,8,30
cup,bowl,S,S-obj,8,30
cup,porcelain,E,E-comp,7,30
cup,ceramic,E,E-comp,7,30
cup,red,E,E-perc,5,30
dandelion,flower,T,T-sup,28,30
dandelion,pretty,I,I-eval,17,30
dandelion,yellow,E,E-perc,16,30
dandelion,blow,S,S-act,16,30
dandelion,weed,T,T-sup,15,30
dandelion,fluffy,E,E-perc,14,30
dandelion,white,E,E-perc,13,30
dandelion,summer,S,S-time,12,30
dandelion,seeds,E,E-comp,12,30
dandelion,petals,E,E-comp,10,30
dandelion,stem,E,E-comp,9,30
dandelion,happy,I,I-emo,7,30
dandelion,allergy,I,I-cont,6,30
decision,hard,I,I-eval,19,30
decision,choice,T,T-syn,18,30
decision,difficult,I,I-eval,12,30
decision,thought,T,T-sup,11,30
decision,changes,E,E-beh,9,30
decision,bad,I,I-eval,8,30
decision,agreement,T,T-sub,7,30
decision,good,I,I-eval,6,30
decision,determination,I,I-cont,6,30
decision,conclusion,T,T-syn,5,30
decision,consequences,I,I-cont,5,30
destination,arrive,S,S-act,15,30
destination,reach,S,S-act,15,30
destination,end,T,T-sub,13,30
destination,trip,S,S-time,11,30
destination,traveling,S,S-act,6,30
discipline_(topic),topic,T,T-syn,15,30
discipline_(topic),study,S,S-act,14,30
discipline_(topic),specialization,T,T-syn,13,30
discipline_(topic),training,I,I-cont,12,30
discipline_(topic),science,T,T-sub,10,30
discipline_(topic),school,S,S-loc,10,30
discipline_(topic),work,S,S-act,7,30
discussion,talking,I,I-cont,23,30
discussion,opinion,I,I-cont,22,30
discussion,idea,I,I-cont,14,30
discussion,argument,I,I-cont,8,30
discussion,debate,T,T-syn,8,30
discussion,understanding,I,I-cont,7,30
discussion,perspectives,I,I-cont,5,30
discussion,topic,I,I-cont,5,30
discussion,knowledge,I,I-cont,5,30
dollar,money,T,T-sup,30,30
dollar,green,E,E-perc,22,30
dollar,bills,T,T-sup,13,30
dollar,wallet,S,S-loc,10,30
dollar,george washington,E,E-perc,8,30
dollar,bank,S,S-loc,6,30
dollar,cash,T,T-sup,6,30
dollar,economy,E,E-whol,8,30
dollar,coins,S,S-obj,8,30
dollar,pay,S,S-fun,5,30
dollar,currency,T,T-sup,5,30
dollar,earn,S,S-act,5,30
dollar,spend,S,S-act,5,30
dolphin,smart,E,E-sys,23,30
dolphin,intelligent,E,E-sys,23,30
dolphin,swims,E,E-beh,22,30
dolphin,mammal,T,T-sup,16,30
dolphin,animal,T,T-sup,15,30
dolphin,grey,E,E-perc,11,30
dolphin,ocean,S,S-loc,11,30
dolphin,makes noise,E,E-beh,9,30
dolphin,fast,E,E-sys,9,30
dolphin,cute,I,I-eval,7,30
dolphin,friendly,I,I-eval,7,30
dolphin,sleek,E,E-sys,7,30
door,open,S,S-act,29,30
door,wooden,E,E-comp,26,30
door,close,S,S-act,22,30
door,knob,E,E-comp,21,30
door,opportunity,I,I-cont,17,30
door,push,S,S-act,13,30
door,lock,S,S-act,9,30
door,handle,E,E-comp,9,30
door,pull,S,S-act,7,30
door,brown,E,E-perc,7,30
doorway,open,E,E-sys,18,30
doorway,opportunity,I,I-cont,13,30
doorway,going out,S,S-fun,11,30
doorway,light,I,I-cont,8,30
doorway,door,S,S-obj,5,30
dove,bird,T,T-sup,29,30
dove,white,E,E-perc,27,30
dove,flying,E,E-beh,26,30
dove,pure,I,I-eval,22,30
dove,peace,I,I-cont,21,30
dove,wedding,S,S-time,14,30
dove,nest,S,S-obj,10,30
dove,love,I,I-cont,9,30
dove,wings,E,E-comp,7,30
dove,pretty,I,I-eval,6,30
dove,noah's ark,S,S-loc,6,30
dove,feathers,E,E-comp,6,30
drain,water,S,S-obj,30,30
drain,sink,E,E-whol,23,30
drain,clogged,E,E-sys,15,30
drain,shower,E,E-whol,12,30
drain,hole,T,T-sup,9,30
drain,expelling,S,S-fun,8,30
drain,hair,S,S-obj,6,30
drain,lack of energy,T,T-syn,6,30
drain,bath thub,E,E-whol,5,30
drawing,pencil,I,I-cont,23,30
drawing,art,E,E-whol,20,30
drawing,sketching,T,T-sub,13,30
drawing,doodling,T,T-sub,13,30
drawing,artist,S,S-par,10,30
drawing,child,S,S-par,10,30
drawing,creativity,E,E-whol,10,30
drawing,coloring,S,S-act,9,30
drawing,painting,S,S-act,8,30
drawing,paper,I,I-cont,6,30
drawing,contour,S,S-obj,5,30
drawing,displaying,S,S-fun,5,30
drawing,crayon,I,I-cont,5,30
economy,money,S,S-obj,26,30
economy,bank,S,S-obj,26,30
economy,capitalism,I,I-cont,20,30
economy,crisis,I,I-cont,19,30
economy,finance,T,T-coor,15,30
economy,politics,T,T-coor,7,30
economy,globalization,S,S-time,7,30
economy,depression,S,S-time,5,30
egg,protein,T,T-sup,29,30
egg,white,E,E-perc,28,30
egg,yolk,E,E-comp,28,30
egg,yellow,E,E-perc,28,30
egg,fried,E,E-perc,26,30
egg,hard boiled,E,E-perc,23,30
egg,tasty,I,I-eval,18,30
egg,breakfast,S,S-time,15,30
egg,runny,E,E-perc,15,30
egg,soft boiled,E,E-perc,15,30
egg,cooking,S,S-act,13,30
egg,it breaks,E,E-sys,8,30
egg,baking,S,S-act,8,30
egg,omelette,I,I-cont,5,30
elephant,big ears,E,E-comp,28,30
elephant,grey,E,E-perc,27,30
elephant,africa,S,S-loc,25,30
elephant,large,E,E-sys,25,30
elephant,animal,T,T-sup,22,30
elephant,tusks,E,E-comp,20,30
elephant,loud,E,E-perc,16,30
elephant,trunk,E,E-comp,15,30
elephant,kind,I,I-eval,13,30
elephant,smart,E,E-sys,12,30
elephant,circus,S,S-loc,9,30
elephant,republican party,I,I-cont,8,30
elephant,memory,E,E-sys,6,30
elephant,zoo,S,S-loc,5,30
emotion,feeling,T,T-sup,27,30
emotion,sadness,T,T-sub,19,30
emotion,happiness,T,T-sub,14,30
emotion,crying,S,S-act,11,30
emotion,expression,T,T-sup,9,30
emotion,mood,I,I-cont,8,30
emotion,love,T,T-sub,6,30
emotion,hate,T,T-sub,6,30
emotion,strong,E,E-sys,6,30
emotion,human,E,E-sys,5,30
emotion,fear,T,T-sub,5,30
emotion,anger,T,T-sub,5,30
emotion,enthusiasm,T,T-sub,5,30
end,finish,T,T-syn,25,30
end,new beginning,I,I-cont,16,30
end,death,T,T-syn,11,30
end,done,T,T-syn,6,30
end,completion,T,T-syn,5,30
end,over,T,T-syn,5,30
end,definitive,E,E-sys,5,30
end,no more,I,I-cont,5,30
equipment,tools,T,T-sub,23,30
equipment,sport,T,T-sub,17,30
equipment,technology,T,T-sub,13,30
equipment,job,T,T-sub,10,30
equipment,gear,T,T-sub,10,30
equipment,machine,T,T-sub,10,30
equipment,prepared,S,S-fun,10,30
equipment,necessary,E,E-sys,7,30
equipment,tractor,T,T-sub,7,30
explanation,detail,E,E-comp,12,30
explanation,understanding,S,S-fun,12,30
explanation,instructions,T,T-sub,9,30
explanation,helpful,E,E-sys,9,30
explanation,words,I,I-cont,9,30
explanation,written,T,T-sub,9,30
explanation,steps,E,E-comp,6,30
explanation,reason,S,S-fun,6,30
explanation,description,T,T-sup,6,30
explanation,teacher,S,S-par,6,30
explanation,why,S,S-fun,6,30
explanation,in depth,E,E-sys,6,30
eye,colors,E,E-sys,24,30
eye,sight,S,S-fun,23,30
eye,glasses,S,S-obj,23,30
eye,cornea,E,E-comp,16,30
eye,vision,S,S-fun,14,30
eye,round,E,E-perc,9,30
eye,beautiful,I,I-eval,8,30
eye,pupil,E,E-comp,8,30
eye,iris,E,E-comp,7,30
eye,lashes,E,E-comp,6,30
eye,looking,S,S-fun,6,30
factory,large,E,E-perc,21,30
factory,workers,S,S-par,16,30
factory,mass production,S,S-fun,14,30
factory,industry,E,E-whol,14,30
factory,building,S,S-loc,9,30
factory,labor,S,S-par,7,30
factory,efficient,E,E-sys,7,30
factory,machine,E,E-comp,7,30
factory,assembly line,E,E-comp,7,30
factory,production,S,S-fun,5,30
factory,pollution,I,I-cont,5,30
factory,corporation,I,I-cont,5,30
feces,poop,T,T-syn,23,30
feces,toilet,S,S-loc,15,30
feces,brown,E,E-perc,13,30
feces,smelly,E,E-perc,13,30
feces,dirty,E,E-perc,10,30
feces,natural,E,E-sys,10,30
feces,bathroom,S,S-loc,10,30
feces,animal,T,T-sub,8,30
feces,gross,I,I-eval,5,30
feeding,breast,T,T-sub,17,30
feeding,woman,S,S-par,14,30
feeding,girl,S,S-par,14,30
feeding,in public,S,S-loc,13,30
feeding,natural,E,E-sys,9,30
feeding,baby,S,S-par,9,30
feeding,caring,T,T-sup,7,30
feeding,mother,S,S-par,6,30
feeding,poverty,I,I-cont,6,30
feeding,africa,S,S-loc,5,30
finger,hand,E,E-whol,23,30
finger,nail,E,E-comp,21,30
finger,pointing,S,S-fun,14,30
finger,useful,E,E-sys,9,30
finger,thumb,T,T-sub,8,30
finger,ring,S,S-obj,8,30
finger,touch,S,S-fun,7,30
finger,working,S,S-fun,7,30
finger,long,E,E-perc,6,30
finger,typing,S,S-fun,6,30
finger,nail polish,S,S-obj,5,30
finger,skin,E,E-comp,5,30
finger,pinky,T,T-sub,5,30
finger,knuckles,E,E-comp,5,30
fire,burns,E,E-beh,30,30
fire,heat,I,I-cont,28,30
fire,discovery,I,I-cont,25,30
fire,cooking,I,I-cont,21,30
fire,warming up,I,I-cont,16,30
fire,important,I,I-eval,12,30
fire,water,T,T-coor,12,30
fire,fireman,S,S-par,9,30
flower,colorful,E,E-perc,18,30
flower,spring,S,S-time,18,30
flower,smell,E,E-perc,14,30
flower,love,I,I-emo,12,30
flower,nature,E,E-whol,12,30
flower,green,E,E-perc,9,30
flower,roses,T,T-sub,8,30
flower,daisy,T,T-sub,7,30
flower,beautiful,I,I-eval,7,30
flower,bloom,T,T-sub,7,30
flower,pretty,I,I-eval,7,30
flower,petals,E,E-comp,7,30
flower,bees,S,S-par,6,30
flower,growing,E,E-beh,6,30
flower,yellow,E,E-perc,5,30
flower,pollen,E,E-comp,5,30
flower,red,E,E-perc,5,30
flying,moving,T,T-sup,22,30
flying,air,S,S-loc,15,30
flying,wings,I,I-cont,13,30
flying,throwing,I,I-cont,12,30
flying,falling,I,I-cont,10,30
flying,jumping,I,I-cont,7,30
flying,airplane,S,S-obj,6,30
flying,humans cannot do it,I,I-cont,6,30
food,eating,S,S-act,30,30
food,cooking,S,S-act,19,30
food,dinner,S,S-time,14,30
food,family,S,S-par,11,30
food,delicious,I,I-eval,11,30
food,groceries,T,T-sub,11,30
food,pizza,T,T-sub,8,30
food,vegetables,T,T-sub,7,30
food,hunger,I,I-cont,7,30
food,restaurants,S,S-loc,5,30
force_(physical),body,I,I-cont,16,30
force_(physical),strong,E,E-sys,13,30
force_(physical),push,T,T-sub,11,30
force_(physical),fighting,T,T-sub,8,30
force_(physical),rape,T,T-sub,8,30
force_(physical),people,S,S-par,7,30
fork,food,S,S-obj,28,30
fork,prongs,E,E-comp,27,30
fork,eating,S,S-fun,22,30
fork,dinner,S,S-time,15,30
fork,metal,E,E-comp,14,30
fork,silver,E,E-comp,14,30
fork,spoon,T,T-coor,9,30
fork,knife,T,T-coor,9,30
fork,utensil,T,T-sup,8,30
fork,plastic,E,E-comp,7,30
fork,steel,E,E-comp,6,30
frame,photography,S,S-obj,16,30
frame,painting,S,S-obj,13,30
frame,decoration,S,S-fun,11,30
frame,art,I,I-cont,10,30
frame,wooden,E,E-comp,8,30
frame,camera,S,S-obj,7,30
frame,looking,S,S-act,5,30
freedom,liberty,T,T-syn,29,30
freedom,happiness,I,I-emo,25,30
freedom,america,S,S-loc,21,30
freedom,expression,T,T-sub,21,30
freedom,do what you want,T,T-syn,18,30
freedom,no obstacles,T,T-syn,12,30
freedom,of speech,T,T-sub,8,30
gas,car,E,E-whol,28,30
gas,oil,I,I-cont,21,30
gas,gas station,S,S-loc,14,30
gas,pump,S,S-obj,12,30
gas,cooking,S,S-fun,10,30
gas,smelly,E,E-perc,9,30
gas,expensive,E,E-sys,9,30
gas,farts,T,T-sub,9,30
gas,flammable,E,E-sys,8,30
gas,leak,E,E-beh,8,30
gas,dangerous,E,E-sys,7,30
gas,war,I,I-cont,7,30
gas,vapor,T,T-sub,7,30
gas,science,E,E-whol,7,30
gas,air,T,T-sub,6,30
gas,explosive,E,E-sys,5,30
gas,environment,S,S-loc,5,30
gas,fuel,S,S-fun,5,30
girl,woman,T,T-coor,23,30
girl,female,E,E-sys,21,30
girl,mother,T,T-coor,16,30
girl,dress,S,S-obj,14,30
girl,pink,I,I-cont,10,30
girl,young,E,E-sys,8,30
girl,long hair,E,E-comp,8,30
girl,make up,E,E-perc,6,30
girl,not boy,I,I-cont,5,30
globe_(world),blue,E,E-perc,15,30
globe_(world),green,E,E-perc,14,30
globe_(world),lands,E,E-comp,13,30
globe_(world),maps,S,S-obj,13,30
globe_(world),spherical,E,E-perc,10,30
globe_(world),libraries,S,S-loc,6,30
globe_(world),climate,E,E-sys,6,30
gold,money,I,I-cont,15,30
gold,jewelry,I,I-cont,13,30
gold,silver,T,T-coor,11,30
gold,rings,I,I-cont,9,30
gold,earrings,I,I-cont,9,30
gold,wealth,I,I-cont,9,30
gold,rich,I,I-cont,9,30
gold,mine,S,S-loc,9,30
gold,yellow,E,E-perc,6,30
gold,greed,I,I-cont,6,30
gold,beautiful,I,I-eval,6,30
gold,gold rush,S,S-time,6,30
gold,metal,T,T-sup,6,30
gold,shiny,E,E-perc,6,30
gorilla,animal,T,T-sup,23,30
gorilla,big,E,E-perc,20,30
gorilla,ape,T,T-sup,19,30
gorilla,black,E,E-perc,17,30
gorilla,hairy,E,E-perc,14,30
gorilla,strong,E,E-sys,14,30
gorilla,jungle,S,S-loc,9,30
gorilla,scary,I,I-eval,8,30
gorilla,zoo,S,S-loc,8,30
gorilla,bananas,S,S-obj,8,30
gorilla,furry,E,E-perc,8,30
gorilla,knuckles,E,E-comp,7,30
gorilla,king kong,T,T-sub,7,30
gorilla,similar to humans,I,I-cont,6,30
gorilla,dangerous,E,E-sys,6,30
governance,rules,S,S-fun,22,30
governance,president,S,S-par,17,30
governance,leadership,S,S-fun,15,30
governance,justice,S,S-fun,15,30
governance,authority,E,E-sys,7,30
hand,fingers,E,E-comp,30,30
hand,holding,S,S-fun,21,30
hand,nail,E,E-comp,13,30
hand,rings,S,S-obj,12,30
hand,useful,E,E-sys,12,30
hand,five,E,E-comp,10,30
hand,touching,S,S-fun,10,30
hand,part,T,T-sup,8,30
hand,giving,S,S-fun,7,30
hand,handshake,S,S-fun,7,30
hand,work,S,S-fun,7,30
hand,helping,S,S-fun,6,30
hardness,rock,I,I-cont,11,30
hardness,tough,T,T-syn,10,30
hardness,firm,T,T-syn,9,30
hardness,durable,I,I-cont,8,30
hardness,difficult,T,T-syn,7,30
hardness,wood,I,I-cont,6,30
hardness,softness,T,T-ant,6,30
hardness,diamond,S,S-obj,6,30
hardness,solid,T,T-syn,5,30
hardness,strength,I,I-cont,5,30
hardness,rough,T,T-syn,6,30
harshness,mean,T,T-syn,22,30
harshness,rude,T,T-syn,17,30
harshness,cold,T,T-syn,10,30
harshness,degrading,I,I-cont,7,30
harshness,uncomfortable,I,I-emo,5,30
harshness,sharp,T,T-syn,5,30
harshness,hard,T,T-syn,5,30
harshness,blunt,T,T-syn,5,30
harshness,unkind,I,I-eval,5,30
harshness,emotion,T,T-sup,5,30
heart,love,I,I-cont,27,30
heart,organ,T,T-sup,23,30
heart,vital,E,E-sys,22,30
heart,blood,E,E-comp,19,30
heart,transplant,I,I-cont,12,30
heart,beats,E,E-beh,12,30
heart,broken,E,E-sys,9,30
heart,heart attack,E,E-beh,7,30
heart,center,T,T-syn,6,30
heart,emotions,I,I-cont,6,30
helping,giving,T,T-sub,23,30
helping,caring,I,I-cont,17,30
helping,others,S,S-par,13,30
helping,volunteering,T,T-sub,12,30
helping,charity,T,T-sub,9,30
helping,good,I,I-eval,8,30
helping,necessary,I,I-eval,5,30
helping,selflessness,I,I-cont,5,30
homeland,home,T,T-sup,11,30
homeland,family,S,S-par,10,30
homeland,ancestor,S,S-par,8,30
homeland,culture,I,I-cont,6,30
homeland,nationality,I,I-cont,8,30
homeland,place,T,T-sup,8,30
homeland,usa,T,T-sub,6,30
homeland,place of birth,T,T-syn,6,30
homeland,flag,S,S-obj,6,30
homeland,motherland,T,T-syn,6,30
homeland,childhood,S,S-time,6,30
homeland,pride,I,I-emo,5,30
homeland,security,I,I-cont,5,30
horse,riding,S,S-act,21,30
horse,hay,S,S-obj,20,30
horse,mane,E,E-comp,18,30
horse,animal,T,T-sup,18,30
horse,farm,S,S-loc,17,30
horse,brown,E,E-perc,15,30
horse,saddle,S,S-obj,15,30
horse,fast,E,E-sys,15,30
horse,beautiful,I,I-eval,14,30
horse,transportation,S,S-fun,13,30
horse,big,E,E-perc,11,30
horse,white,E,E-perc,9,30
horse,majestic,I,I-eval,9,30
horse,stable,S,S-loc,9,30
horse,powerful,E,E-sys,8,30
horse,racing,S,S-act,8,30
house,home,T,T-syn,22,30
house,living,S,S-act,16,30
house,roof,E,E-comp,12,30
house,windows,E,E-comp,10,30
house,bricks,E,E-comp,10,30
house,rooms,E,E-comp,8,30
house,family,S,S-par,8,30
house,kitchen,E,E-comp,8,30
house,bathroom,E,E-comp,8,30
house,building,T,T-sup,7,30
house,bedroom,E,E-comp,6,30
house,happy,I,I-emo,6,30
house,warmth,S,S-fun,5,30
icecream,cold,E,E-perc,25,30
icecream,summer,S,S-time,19,30
icecream,chocolate,E,E-comp,16,30
icecream,delicious,I,I-eval,15,30
icecream,treat,T,T-sup,14,30
icecream,milk,E,E-comp,14,30
icecream,cone,E,E-comp,14,30
icecream,sweet,E,E-sys,12,30
icecream,dessert,T,T-sup,11,30
icecream,flavor,E,E-perc,11,30
icecream,creamy,E,E-perc,8,30
icecream,sticky,E,E-perc,6,30
icecream,food,T,T-sup,6,30
icecream,melts,E,E-beh,6,30
icecream,child,S,S-par,5,30
icecream,bowl,S,S-obj,5,30
icecream,spoon,S,S-obj,5,30
icecream,dairy,T,T-sup,5,30
icecream,vanilla,E,E-comp,5,30
idea,thought,T,T-sup,23,30
idea,lightbulb,S,S-obj,14,30
idea,creativity,I,I-cont,14,30
idea,innovation,I,I-cont,11,30
idea,thinking,I,I-cont,10,30
idea,plan,T,T-sub,9,30
idea,mind,S,S-obj,8,30
idea,brain,S,S-obj,7,30
idea,concept,T,T-sup,6,30
institution,school,T,T-sub,13,30
institution,rules,E,E-comp,13,30
institution,government,T,T-sub,10,30
institution,old,E,E-sys,8,30
institution,mental,T,T-sub,8,30
institution,mental health,T,T-sub,8,30
institution,politics,I,I-cont,8,30
institution,hierarchy,E,E-comp,5,30
institution,money,S,S-obj,5,30
institution,official,E,E-sys,5,30
institution,university,T,T-sub,5,30
institution,higher education,T,T-sub,5,30
institution,structure,E,E-sys,5,30
institution,oppressive,I,I-eval,5,30
institution,building,S,S-obj,5,30
jail,bars,E,E-comp,17,30
jail,orange,S,S-other,17,30
jail,prison,T,T-syn,15,30
jail,cells,E,E-comp,11,30
jail,stripes,S,S-other,9,30
jail,crime,I,I-cont,9,30
jail,criminal,S,S-par,9,30
jail,barbed wire,E,E-comp,7,30
jail,place,T,T-sup,6,30
jail,police,S,S-par,6,30
jail,bad,I,I-eval,6,30
jail,incarceration,S,S-act,6,30
jail,cold,E,E-sys,6,30
jail,stuck,I,I-cont,5,30
jail,metal bars,E,E-comp,5,30
jeep,car,T,T-sup,28,30
jeep,muddy,E,E-perc,16,30
jeep,adventure,S,S-time,14,30
jeep,wheels,E,E-comp,14,30
jeep,big,E,E-perc,14,30
jeep,summer,S,S-time,10,30
jeep,wrangler,T,T-sub,9,30
jeep,rough terrain,S,S-loc,9,30
jeep,beach,S,S-loc,8,30
jeep,open,E,E-sys,8,30
jeep,army,S,S-par,7,30
jeep,no doors,E,E-perc,5,30
judgment,judge,S,S-par,14,30
judgment,decision,T,T-sup,9,30
judgment,stereotypes,I,I-cont,8,30
judgment,court,S,S-loc,8,30
judgment,negative,I,I-eval,8,30
judgment,assumption,I,I-cont,7,30
judgment,prejudice,I,I-cont,6,30
judgment,wrong,I,I-eval,5,30
judgment,thoughts,T,T-sup,5,30
judgment,perception,I,I-cont,5,30
judgment,justice,I,I-cont,5,30
judgment,opinion,T,T-sup,5,30
kid,playing,E,E-beh,20,30
kid,child,T,T-syn,15,30
kid,young,E,E-sys,13,30
kid,innocent,I,I-eval,10,30
kid,school,S,S-loc,10,30
kid,naive,I,I-eval,10,30
kid,development,S,S-act,8,30
kid,parents,S,S-par,8,30
kid,friends,S,S-par,8,30
kid,fun,I,I-eval,8,30
kid,baby,T,T-sub,5,30
kid,babysitting,S,S-act,5,30
kid,small,E,E-sys,5,30
kid,needs care,E,E-sys,5,30
kid,imagination,E,E-sys,5,30
kid,running,E,E-beh,5,30
kid,laughing,E,E-beh,5,30
kid,sister,S,S-par,5,30
kid,energy,E,E-sys,5,30
knowledge,power,I,I-cont,23,30
knowledge,learning,I,I-cont,16,30
knowledge,smart,I,I-cont,14,30
knowledge,book,S,S-obj,13,30
knowledge,experience,I,I-cont,11,30
knowledge,wisdom,I,I-cont,9,30
knowledge,information,E,E-comp,8,30
knowledge,intelligence,I,I-cont,8,30
knowledge,facts,E,E-comp,6,30
knowledge,school,S,S-loc,6,30
knowledge,education,I,I-cont,5,30
lion,king,T,T-sub,28,30
lion,dangerous,E,E-sys,26,30
lion,jungle,S,S-loc,23,30
lion,animal,T,T-sup,23,30
lion,roar,E,E-beh,17,30
lion,mane,E,E-comp,17,30
lion,cat,T,T-coor,14,30
lion,africa,S,S-loc,13,30
lion,yellow,E,E-perc,13,30
lion,strong,E,E-sys,10,30
lion,majestic,I,I-eval,13,30
lion,wild,E,E-sys,9,30
lion,golden,E,E-perc,8,30
lion,fur,E,E-comp,8,30
lion,beautiful,I,I-eval,7,30
lion,zoo,S,S-loc,6,30
lion,powerful,E,E-sys,6,30
location,place,T,T-syn,30,30
location,map,S,S-loc,25,30
location,where someone is,T,T-syn,12,30
location,where something is,T,T-syn,9,30
location,space,T,T-syn,7,30
location,destination,T,T-sub,5,30
location,lost,S,S-other,5,30
location,found,S,S-other,5,30
location,area,T,T-syn,5,30
machine,equipment,T,T-syn,14,30
machine,factory,S,S-loc,12,30
machine,engine,E,E-comp,12,30
machine,pieces,E,E-comp,12,30
machine,washing,T,T-sub,11,30
machine,metal,E,E-comp,8,30
machine,man,S,S-par,6,30
manhole,water,E,E-comp,16,30
manhole,city,S,S-loc,14,30
manhole,street,S,S-loc,14,30
manhole,darkness,E,E-perc,12,30
manhole,sewer,S,S-obj,10,30
manhole,dirty,E,E-perc,9,30
manhole,construction,S,S-act,9,30
manhole,worker,S,S-par,9,30
manhole,round,E,E-perc,7,30
manhole,underground,S,S-loc,7,30
manhole,lid,E,E-comp,7,30
manhole,heavy,E,E-sys,6,30
manhole,grate,E,E-comp,5,30
manner,how one acts,T,T-syn,23,30
manner,politeness,T,T-sub,10,30
manner,fancy,I,I-eval,8,30
manner,culture,I,I-cont,8,30
manner,way of being,T,T-syn,6,30
manner,formal,T,T-sub,5,30
manner,attitude,T,T-sub,5,30
manner,individual,S,S-par,5,30
market,trading,S,S-fun,17,30
market,economy,E,E-whol,16,30
market,supermarket,T,T-sub,14,30
market,stock market,T,T-sub,11,30
market,people,S,S-par,9,30
market,suits,S,S-obj,5,30
matches,fire,S,S-fun,30,30
matches,wooden,E,E-comp,21,30
matches,burning,S,S-fun,14,30
matches,light,S,S-obj,12,30
matches,box,S,S-loc,12,30
matches,red,E,E-perc,10,30
matches,flame,I,I-cont,9,30
matches,candle,S,S-obj,9,30
matches,campfire,S,S-obj,7,30
matches,smoking,S,S-act,6,30
maze,lost,I,I-cont,28,30
maze,labyrinth,T,T-syn,16,30
maze,corn,T,T-sub,15,30
maze,hedges,E,E-comp,10,30
maze,confusing,I,I-eval,8,30
maze,complicated,I,I-eval,7,30
maze,dead ends,E,E-comp,5,30
maze,find,S,S-act,5,30
maze,map,S,S-obj,5,30
maze,game,S,S-time,5,30
missile,war,S,S-time,28,30
missile,rocket,T,T-syn,27,30
missile,destruction,S,S-act,24,30
missile,weapon,T,T-sup,15,30
missile,launching,S,S-act,12,30
missile,flying,E,E-beh,11,30
missile,dangerous,I,I-eval,11,30
missile,fire,S,S-obj,9,30
missile,death,S,S-fun,8,30
missile,nuclear,T,T-sub,6,30
missile,killing,S,S-fun,5,30
missile,long,E,E-perc,5,30
money,green,E,E-perc,24,30
money,working,S,S-act,13,30
money,coins,T,T-sub,11,30
money,buying,S,S-fun,10,30
money,cash,T,T-sub,7,30
money,dollar,T,T-sub,7,30
money,bills,T,T-sub,6,30
money,spend,S,S-act,6,30
money,earn,S,S-act,6,30
money,wealth,I,I-cont,6,30
money,bank,S,S-loc,5,30
money,euro,T,T-sub,5,30
motion,movement,T,T-syn,28,30
motion,running,T,T-sub,13,30
motion,action,T,T-sup,10,30
motion,fast,E,E-perc,9,30
motion,slow,E,E-perc,8,30
motion,going,T,T-syn,6,30
motion,dancing,T,T-sub,5,30
motion,physics,E,E-whol,5,30
motion,planets,T,T-sub,5,30
motion,force,I,I-cont,5,30
motion,walking,T,T-sub,5,30
mouth,lips,E,E-comp,29,30
mouth,tongue,E,E-comp,21,30
mouth,eating,S,S-fun,20,30
mouth,teeth,E,E-comp,18,30
mouth,talking,S,S-fun,12,30
mouth,kissing,S,S-fun,11,30
mouth,open,E,E-perc,10,30
mouth,speaking,S,S-fun,8,30
mouth,chewing,S,S-fun,8,30
mouth,singing,S,S-fun,8,30
mouth,food,S,S-obj,7,30
mouth,face,E,E-whol,5,30
mouth,saliva,E,E-comp,5,30
mouth,taste,S,S-fun,5,30
mouth,feeding,S,S-fun,5,30
mouthwash,mint,E,E-perc,18,30
mouthwash,dentist,S,S-par,18,30
mouthwash,blue,E,E-perc,15,30
mouthwash,teeth,S,S-obj,14,30
mouthwash,clean,S,S-fun,13,30
mouthwash,breath,S,S-act,13,30
mouthwash,green,E,E-perc,10,30
mouthwash,hygiene,S,S-fun,11,30
mouthwash,liquid,E,E-perc,8,30
mouthwash,fresh,E,E-perc,8,30
mouthwash,crest,T,T-sub,8,30
mouthwash,sting,I,I-cont,8,30
mouthwash,spit,S,S-act,7,30
mouthwash,listerine,T,T-sub,6,30
mouthwash,refreshing,E,E-perc,5,30
mouthwash,burning,E,E-perc,5,30
mouthwash,toothpaste,S,S-obj,5,30
mouthwash,bathroom,S,S-loc,5,30
mouthwash,morning,S,S-time,5,30
movement,ideas,I,I-cont,10,30
movement,going,T,T-syn,9,30
movement,dancing,T,T-sub,9,30
movement,forward,E,E-perc,8,30
movement,walking,T,T-sub,7,30
movement,running,T,T-sub,7,30
movement,fast,E,E-perc,5,30
movement,slow,E,E-perc,5,30
movement,people,S,S-par,5,30
movement,action,T,T-sup,5,30
movement,direction,E,E-comp,5,30
news,tv,S,S-loc,23,30
news,cnn,T,T-sub,20,30
news,fox,T,T-sub,16,30
news,information,T,T-sup,16,30
news,coverage,I,I-cont,15,30
news,bad,I,I-eval,13,30
news,good,I,I-eval,13,30
news,evening,S,S-time,10,30
news,watching,S,S-act,10,30
news,newspaper,S,S-loc,9,30
newspaper,news,E,E-comp,27,30
newspaper,reading,S,S-act,17,30
newspaper,white,E,E-perc,16,30
newspaper,black,E,E-perc,16,30
newspaper,ink,E,E-comp,11,30
newspaper,information,E,E-comp,10,30
newspaper,journal,T,T-sup,9,30
newspaper,bias,E,E-sys,8,30
newspaper,media,T,T-sup,8,30
newspaper,politics,I,I-cont,6,30
newspaper,headlines,E,E-comp,5,30
newspaper,print,S,S-act,5,30
newspaper,telling,S,S-fun,5,30
newspaper,morning,S,S-time,5,30
newspaper,journalist,S,S-par,5,30
newspaper,knowledge,I,I-cont,5,30
newspaper,new york times,T,T-sub,5,30
object,thing,T,T-syn,24,30
object,something,T,T-syn,16,30
object,touch,E,E-sys,8,30
object,material,E,E-comp,6,30
object,tangible,E,E-sys,6,30
obstacle,overcome,S,S-act,15,30
obstacle,challenge,I,I-cont,13,30
obstacle,difficult,E,E-sys,10,30
obstacle,block,T,T-syn,9,30
obstacle,wall,T,T-sub,8,30
obstacle,problem,T,T-syn,8,30
obstacle,hard,E,E-sys,7,30
obstacle,climbing,S,S-act,7,30
obstacle,rock,T,T-sub,6,30
obstacle,annoying,I,I-eval,5,30
obstacle,physical,E,E-sys,5,30
octopus,ocean,S,S-loc,23,30
octopus,eight legs,E,E-comp,22,30
octopus,tentacles,E,E-comp,18,30
octopus,sea,S,S-loc,17,30
octopus,suction cups,E,E-comp,12,30
octopus,fish,T,T-sup,7,30
octopus,ugly,I,I-eval,7,30
octopus,scary,I,I-eval,7,30
octopus,animal,T,T-sup,5,30
onion,crying,I,I-cont,23,30
onion,white,E,E-perc,18,30
onion,food,T,T-sup,16,30
onion,vegetable,T,T-sup,15,30
onion,dirt,S,S-loc,14,30
onion,pungent,E,E-perc,9,30
onion,bad breath,I,I-cont,9,30
onion,layers,E,E-perc,7,30
onion,smelly,E,E-perc,7,30
opinion,idea,T,T-sup,22,30
opinion,thinking,I,I-cont,8,30
opinion,debate,I,I-cont,8,30
opinion,argument,I,I-cont,8,30
opinion,politics,I,I-cont,8,30
opinion,right,I,I-eval,5,30
opinion,wrong,I,I-eval,5,30
opinion,strong,E,E-sys,5,30
opinion,unique,E,E-sys,5,30
opinion,agreement,I,I-cont,5,30
opinion,disagreement,I,I-cont,5,30
opinion,topic,I,I-cont,5,30
opinion,discussion,S,S-time,5,30
opinion,not a fact,I,I-cont,5,30
opportunity,success,I,I-cont,16,30
opportunity,great,I,I-eval,12,30
opportunity,seeking,S,S-act,12,30
opportunity,gift,T,T-sup,5,30
organism,living,E,E-sys,21,30
organism,life,I,I-cont,19,30
organism,science,E,E-whol,16,30
organism,cells,E,E-comp,12,30
organism,plant,T,T-sub,11,30
organism,earth,S,S-loc,11,30
organism,bacteria,T,T-sub,9,30
organism,animal,T,T-sub,8,30
organization,planned,E,E-sys,13,30
organization,order,S,S-fun,10,30
organization,group,T,T-syn,10,30
organization,non profit,T,T-sub,8,30
organization,people,S,S-par,8,30
origin,start,T,T-syn,17,30
origin,birth,T,T-sub,15,30
origin,history,E,E-whol,13,30
origin,beginning,T,T-syn,12,30
origin,place,T,T-sup,11,30
origin,family,S,S-par,10,30
origin,life,E,E-whol,9,30
origin,nationality,T,T-syn,6,30
origin,creation,T,T-syn,6,30
partner,love,T,T-sub,19,30
partner,equality,I,I-cont,16,30
partner,friend,T,T-sup,14,30
partner,work,T,T-sub,12,30
partner,together,I,I-cont,11,30
partner,life,T,T-sub,11,30
partner,in crime,T,T-sub,11,30
partner,business,T,T-sub,8,30
partner,associate,T,T-sub,8,30
partner,gay,T,T-sub,7,30
partner,trust,I,I-cont,6,30
partner,companion,T,T-sup,5,30
partner,couple,S,S-fun,5,30
partner,marriage,S,S-time,5,30
path,walking,S,S-act,22,30
path,woods,S,S-loc,18,30
path,dirt,E,E-comp,18,30
path,trail,T,T-syn,15,30
path,hiking,S,S-act,14,30
path,road,T,T-sup,13,30
path,direction,S,S-fun,8,30
path,the road less travelled,T,T-syn,6,30
path,journey,S,S-time,6,30
peace,war,T,T-ant,28,30
peace,dove,I,I-cont,25,30
peace,calm,I,I-cont,22,30
peace,quiet,I,I-cont,16,30
peace,world,S,S-loc,9,30
peace,rest,I,I-cont,9,30
peace,love,T,T-coor,6,30
pen,writing,S,S-fun,28,30
pen,ink,E,E-comp,26,30
pen,black,T,T-sub,26,30
pen,quill,T,T-sub,14,30
pen,school,S,S-loc,14,30
pen,words,S,S-obj,13,30
pen,pointed end,E,E-comp,8,30
pen,long,E,E-perc,7,30
pen,red,T,T-sub,7,30
pen,blue,T,T-sub,7,30
pen,metal,E,E-comp,5,30
pen,plastic,E,E-comp,5,30
pepper,spicy,E,E-perc,28,30
pepper,hot,E,E-perc,24,30
pepper,green,E,E-perc,21,30
pepper,red,E,E-perc,21,30
pepper,sweet,E,E-perc,16,30
pepper,food,T,T-sup,13,30
pepper,black,E,E-perc,12,30
pepper,salt,T,T-coor,9,30
perfume,smell,E,E-perc,25,30
perfume,expensive,E,E-sys,22,30
perfume,spray,T,T-sub,14,30
perfume,women,S,S-par,11,30
perfume,bottle,S,S-loc,8,30
perfume,scent,T,T-syn,8,30
perfume,going out,S,S-time,7,30
perfume,nice,I,I-eval,6,30
perfume,attract,S,S-fun,6,30
perfume,trigger,S,S-fun,5,30
perfume,fancy,I,I-eval,5,30
perfume,odor,T,T-sup,5,30
person,human,T,T-sup,25,30
person,individual,T,T-syn,19,30
person,people,T,T-sup,18,30
person,friends,T,T-sub,10,30
person,stranger,T,T-sub,7,30
person,figure,T,T-sub,7,30
person,soul,E,E-comp,7,30
person,speaking,E,E-beh,6,30
person,gender,E,E-comp,6,30
person,know,S,S-act,5,30
person,mind,E,E-comp,5,30
person,living,E,E-beh,5,30
picture,camera,S,S-obj,25,30
picture,photograph,T,T-syn,16,30
picture,memories,S,S-fun,16,30
picture,frame,S,S-loc,14,30
picture,family,S,S-par,11,30
picture,taking,S,S-act,8,30
picture,colors,E,E-perc,7,30
picture,representation,T,T-sup,6,30
picture,emotions,I,I-cont,6,30
picture,beautiful,I,I-eval,5,30
picture,digital,E,E-sys,5,30
picture,art,E,E-whol,5,30
piglet,pink,E,E-perc,27,30
piglet,pig,T,T-sup,25,30
piglet,cute,I,I-eval,24,30
piglet,baby,T,T-sup,24,30
piglet,small,E,E-perc,15,30
piglet,mud,S,S-loc,14,30
piglet,bacon,I,I-cont,12,30
piglet,farm,S,S-loc,8,30
piglet,food,I,I-cont,6,30
place,home,T,T-sub,20,30
place,location,T,T-syn,17,30
place,country,T,T-sub,10,30
place,somewhere,T,T-syn,9,30
place,square,T,T-sub,8,30
place,park,T,T-sub,8,30
place,where people meet,T,T-syn,7,30
place,city,T,T-sub,7,30
place,spot,T,T-sub,7,30
place,area,T,T-syn,6,30
place,store,T,T-sub,6,30
plant,green,E,E-perc,28,30
plant,growing,E,E-beh,17,30
plant,flowers,E,E-comp,16,30
plant,sunlight,I,I-cont,13,30
plant,nature,E,E-whol,12,30
plant,water,I,I-cont,10,30
plant,garden,S,S-loc,10,30
plant,leaves,E,E-comp,8,30
plant,beautiful,I,I-eval,8,30
plant,oxygen,I,I-cont,8,30
plant,trees,T,T-sub,7,30
plant,pots,S,S-loc,5,30
plastic,material,T,T-sup,19,30
plastic,cheap,E,E-sys,14,30
plastic,substance,T,T-sup,13,30
plastic,not glass,T,T-syn,13,30
plastic,light,E,E-sys,10,30
plastic,unbreakable,E,E-sys,7,30
point,meeting,T,T-sub,16,30
point,math,S,S-time,11,30
point,period,T,T-sub,9,30
point,end,I,I-cont,9,30
point,view,T,T-sub,8,30
point,writing,S,S-act,8,30
possibility,chance,T,T-syn,16,30
possibility,could happen,E,E-beh,9,30
possibility,hope,I,I-cont,8,30
possibility,option,T,T-syn,8,30
possibility,maybe,T,T-syn,7,30
possibility,future,S,S-time,7,30
possibility,opportunity,T,T-syn,6,30
possibility,open door,I,I-cont,6,30
possibility,ability,I,I-cont,5,30
possibility,choice,I,I-cont,5,30
poverty,world,S,S-loc,16,30
poverty,street,S,S-loc,14,30
poverty,war,S,S-time,9,30
poverty,sad,I,I-eval,8,30
poverty,need,I,I-cont,8,30
poverty,money,S,S-obj,8,30
poverty,beggar,S,S-par,7,30
poverty,famine,I,I-cont,5,30
president,obama,T,T-sub,18,30
president,leader,S,S-fun,15,30
president,white house,S,S-loc,11,30
president,elections,S,S-time,10,30
president,important,E,E-sys,10,30
president,country,S,S-loc,9,30
president,voting,S,S-act,8,30
president,democracy,I,I-cont,8,30
president,bush,T,T-sub,6,30
president,in charge,E,E-beh,5,30
president,nation,S,S-loc,5,30
president,powerful,E,E-sys,5,30
president,lincoln,T,T-sub,5,30
president,responsible,E,E-sys,5,30
president,government,E,E-whol,5,30
provider,giving,E,E-beh,21,30
provider,services,T,T-sub,14,30
provider,money,T,T-sub,12,30
provider,food,T,T-sub,10,30
provider,worker,T,T-sup,9,30
provider,parents,T,T-sub,8,30
provider,health care,T,T-sub,7,30
provider,protect,S,S-fun,7,30
provider,need,I,I-cont,7,30
provider,safety,S,S-fun,7,30
provider,caregiver,T,T-syn,7,30
provider,source,T,T-syn,5,30
provider,father,T,T-sub,5,30
provider,selfless,E,E-sys,5,30
purpose,reason,I,I-cont,24,30
purpose,life,S,S-time,16,30
purpose,destiny,I,I-cont,12,30
purpose,motivation,I,I-cont,12,30
purpose,meaning,E,E-comp,9,30
purpose,desire,T,T-sub,6,30
purpose,aspiration,T,T-syn,5,30
purpose,goal,T,T-syn,5,30
purpose,necessary,E,E-sys,5,30
radio,music,S,S-fun,30,30
radio,car,S,S-loc,26,30
radio,communication,S,S-fun,20,30
radio,talk,S,S-fun,18,30
radio,news,S,S-fun,15,30
radio,entertainment,S,S-fun,12,30
radio,station,E,E-comp,9,30
radio,old,E,E-sys,8,30
radio,Nineties,S,S-time,5,30
rank,military,T,T-sub,15,30
rank,class,T,T-syn,14,30
rank,organization,E,E-whol,9,30
rank,numbers,S,S-obj,8,30
rank,status,T,T-sup,7,30
rank,order,T,T-syn,6,30
rank,list,T,T-syn,6,30
rank,first,T,T-sub,6,30
rank,high,E,E-sys,5,30
rank,low,E,E-sys,5,30
rank,level,E,E-comp,5,30
rank,value,E,E-comp,5,30
reading,looking,I,I-cont,24,30
reading,imagining,I,I-cont,19,30
reading,writing,T,T-coor,16,30
reading,understanding,I,I-cont,15,30
reading,comprehending,I,I-cont,13,30
reading,lines,S,S-obj,11,30
reading,envisioning,I,I-cont,7,30
reading,studying,I,I-cont,7,30
reason,logic,E,E-sys,23,30
reason,intelligence,I,I-cont,21,30
reason,judgment,I,I-cont,11,30
reason,explanation,T,T-syn,8,30
reason,justification,T,T-syn,7,30
reason,because,T,T-syn,7,30
reason,excuses,T,T-sub,5,30
rhino,horn,E,E-comp,30,30
rhino,africa,S,S-loc,23,30
rhino,grey,E,E-perc,18,30
rhino,animal,T,T-sup,18,30
rhino,safari,S,S-time,17,30
rhino,zoo,S,S-loc,16,30
rhino,dangerous,E,E-sys,9,30
rhino,big,E,E-perc,8,30
rhino,strong,E,E-sys,7,30
rhino,charge,E,E-beh,7,30
rhino,aggressive,E,E-sys,6,30
rhino,angry,E,E-sys,5,30
rhino,four legs,E,E-comp,5,30
rhino,wild,E,E-sys,5,30
rhino,beady eyes,E,E-comp,5,30
river,water,E,E-comp,30,30
river,flow,E,E-sys,15,30
river,fish,S,S-par,13,30
river,stones,E,E-comp,10,30
river,pebble,E,E-comp,10,30
river,fresh,E,E-sys,9,30
river,cold,E,E-sys,8,30
river,running,E,E-beh,8,30
river,transportation,S,S-fun,8,30
river,calm,E,E-sys,8,30
river,rafting,S,S-act,6,30
river,blue,E,E-perc,5,30
river,bridge,S,S-obj,5,30
route,path,T,T-syn,14,30
route,road,T,T-syn,14,30
route,direction,E,E-sys,13,30
route,travel,S,S-fun,12,30
route,map,S,S-loc,12,30
route,destination,I,I-cont,8,30
route,bus,T,T-sub,7,30
route,street,S,S-loc,7,30
route,going,S,S-act,7,30
route,lost,I,I-cont,6,30
route,pathway,T,T-syn,5,30
route,turning,S,S-act,5,30
route,follow,S,S-act,5,30
rubbish,trash,T,T-syn,30,30
rubbish,waste,T,T-syn,19,30
rubbish,garbage,T,T-syn,17,30
rubbish,bin,S,S-loc,14,30
rubbish,crap,T,T-syn,11,30
rubbish,dirty,E,E-perc,11,30
rubbish,recycling,S,S-act,10,30
rubbish,paper,E,E-comp,7,30
rubbish,can,E,E-comp,5,30
rubbish,plastic,E,E-comp,5,30
rubbish,bottles,E,E-comp,5,30
seagull,bird,T,T-sup,25,30
seagull,beach,S,S-loc,21,30
seagull,loud,E,E-sys,17,30
seagull,wings,E,E-comp,17,30
seagull,flying,E,E-beh,16,30
seagull,white,E,E-perc,14,30
seagull,eats fish,E,E-beh,9,30
seagull,dirty,E,E-sys,7,30
seagull,elegant,E,E-sys,5,30
seagull,steals food,E,E-beh,5,30
seaweed,green,E,E-perc,29,30
seaweed,beach,S,S-loc,27,30
seaweed,food,T,T-sup,21,30
seaweed,ocean,S,S-loc,16,30
seaweed,sushi,I,I-cont,16,30
seaweed,slimy,E,E-perc,14,30
seaweed,smelly,E,E-perc,9,30
seaweed,fish,S,S-par,8,30
seaweed,plant,T,T-sup,8,30
seaweed,underwater,S,S-loc,6,30
sight,eyes,I,I-cont,27,30
sight,glasses,I,I-cont,26,30
sight,seeing,S,S-fun,16,30
sight,perception,T,T-sup,12,30
sight,light,I,I-cont,12,30
sight,senses,T,T-sup,9,30
sight,future,I,I-cont,9,30
sight,view,T,T-syn,6,30
signature,sign ,S,S-act,27,30
signature,document,S,S-loc,25,30
signature,writing,S,S-act,24,30
signature,official,E,E-sys,22,30
signature,papers,S,S-loc,14,30
signature,pen,S,S-obj,11,30
signature,name,I,I-cont,8,30
situation,problem,T,T-syn,16,30
situation,state of being,T,T-sup,11,30
situation,event,T,T-coor,10,30
situation,action,T,T-coor,8,30
situation,bad,I,I-eval,8,30
situation,good,I,I-eval,8,30
situation,circumstance,T,T-syn,5,30
situation,sticky,E,E-sys,5,30
situation,happening,E,E-beh,5,30
skin,tan,E,E-perc,23,30
skin,soft,E,E-perc,21,30
skin,white,E,E-perc,19,30
skin,freckles,E,E-perc,17,30
skin,lotion,S,S-obj,16,30
skin,smooth,E,E-perc,8,30
skin,human,E,E-sys,7,30
skin,sunburn,I,I-cont,6,30
skin,black,E,E-perc,6,30
skin,dermatologists,S,S-par,5,30
smoking_the_activity_of,addiction,T,T-sup,23,30
smoking_the_activity_of,bad,I,I-eval,21,30
smoking_the_activity_of,kills,E,E-beh,20,30
smoking_the_activity_of,deadly,E,E-sys,17,30
smoking_the_activity_of,smell,E,E-perc,12,30
smoking_the_activity_of,cigarette,S,S-obj,9,30
smoking_the_activity_of,cancer,I,I-cont,8,30
space,air,E,E-comp,13,30
space,open,E,E-perc,12,30
space,empty,E,E-perc,7,30
space,private,E,E-sys,5,30
spoon,fork,T,T-coor,25,30
spoon,soup,S,S-obj,21,30
spoon,knife,T,T-coor,18,30
spoon,eating,S,S-fun,16,30
spoon,silver,E,E-comp,15,30
spoon,food,S,S-obj,11,30
spoon,metal,E,E-comp,9,30
spoon,cereal,S,S-obj,9,30
spoon,utensil,T,T-sup,8,30
spoon,measuring,S,S-fun,7,30
spoon,icecream,S,S-obj,7,30
spoon,silverware,T,T-sup,5,30
spoon,smooth surface,E,E-perc,5,30
spoon,cutlery,T,T-sup,5,30
spoon,feeding,S,S-fun,5,30
spoon,plastic,E,E-comp,5,30
spoon,round,E,E-perc,5,30
success,money,I,I-cont,28,30
success,happiness,I,I-emo,25,30
success,no worries,I,I-cont,16,30
success,gold star,S,S-obj,12,30
success,accomplishment,T,T-syn,10,30
success,power,I,I-cont,9,30
success,completion,I,I-cont,8,30
success,family,S,S-par,8,30
success,suits,S,S-obj,7,30
sun,heat,S,S-fun,16,30
sun,light,S,S-fun,15,30
sun,sunburn,I,I-cont,14,30
sun,sunset,E,E-beh,12,30
sun,yellow,E,E-perc,12,30
sun,big,E,E-sys,10,30
sun,beach,S,S-loc,9,30
sun,happy,I,I-emo,8,30
sun,bright,E,E-perc,7,30
sun,important,E,E-sys,7,30
sun,life,S,S-fun,7,30
sun,star,T,T-sup,5,30
surface,top,T,T-sub,18,30
surface,smooth,E,E-perc,17,30
surface,space,T,T-sup,13,30
surface,rough,E,E-perc,10,30
surface,outer part,T,T-syn,10,30
surface,table,T,T-sub,9,30
surface,flat,E,E-perc,9,30
surface,seeing,S,S-act,7,30
surface,not deep,E,E-perc,5,30
surface,area,T,T-sup,5,30
surface,layer,T,T-sub,5,30
swan,white,E,E-perc,30,30
swan,beautiful,I,I-eval,27,30
swan,graceful,I,I-eval,26,30
swan,bird,T,T-sup,26,30
swan,swim,E,E-beh,20,30
swan,mean,E,E-sys,19,30
swan,flying,E,E-beh,18,30
swan,long neck,E,E-comp,11,30
swan,wings,E,E-comp,11,30
swan,lake,S,S-loc,9,30
swan,peaceful,I,I-eval,5,30
swan,large,E,E-sys,5,30
sweater,winter,S,S-time,23,30
sweater,warm,E,E-sys,23,30
sweater,comfortable,I,I-eval,17,30
sweater,colors,E,E-perc,17,30
sweater,clothing,T,T-sup,16,30
sweater,autumn,S,S-time,15,30
sweater,knitted,E,E-sys,14,30
sweater,wool,E,E-comp,12,30
sweater,fire,S,S-obj,9,30
sweater,nice,I,I-eval,6,30
switch,change,I,I-cont,25,30
switch,light,T,T-sub,21,30
switch,exchange,T,T-syn,15,30
switch,swap,T,T-syn,12,30
switch,trade,T,T-syn,8,30
switch,new,E,E-sys,8,30
switch,turn,S,S-act,8,30
switch,on,E,E-sys,6,30
switch,off,E,E-sys,6,30
switch,electricity,E,E-whol,5,30
tablet,ipad,T,T-sub,16,30
tablet,technology,E,E-whol,16,30
tablet,writing,S,S-act,11,30
tablet,small,E,E-perc,8,30
tablet,computer,T,T-coor,8,30
tablet,electronic,E,E-sys,7,30
tablet,portable,E,E-sys,7,30
tamer,lion,S,S-par,25,30
tamer,circus,S,S-loc,19,30
tamer,whip,S,S-obj,14,30
tamer,control,S,S-fun,12,30
tamer,animals,S,S-par,11,30
tamer,wild,S,S-other,9,30
tamer,domesticated,S,S-other,8,30
tamer,brave,E,E-sys,5,30
tamer,costume,E,E-comp,5,30
tamer,zoo,S,S-loc,5,30
tank,war,S,S-time,26,30
tank,big,E,E-perc,23,30
tank,military,E,E-sys,18,30
tank,destruction,S,S-fun,14,30
tank,green,E,E-perc,12,30
tank,heavy,E,E-sys,12,30
tank,metal,E,E-comp,9,30
tank,army,E,E-whol,8,30
target,arrows,S,S-obj,23,30
target,goal,T,T-syn,20,30
target,bull's eye,T,T-syn,20,30
target,red,E,E-perc,18,30
target,white,E,E-perc,16,30
target,archery,E,E-whol,15,30
target,aim,S,S-act,13,30
target,shooting,S,S-act,11,30
target,gun,S,S-obj,10,30
target,practice,I,I-cont,8,30
target,bow,S,S-obj,7,30
target,darts,S,S-obj,5,30
target,achievement,T,T-syn,5,30
target,hit,S,S-act,5,30
target,hunting,S,S-act,5,30
technology,computers,T,T-sub,23,30
technology,social networks,E,E-comp,20,30
technology,science,T,T-coor,18,30
technology,knowledge,T,T-sub,17,30
technology,digital,E,E-sys,17,30
technology,information,E,E-comp,17,30
technology,tablets,T,T-sub,14,30
technology,addictive,I,I-eval,12,30
technology,digital natives,S,S-par,12,30
technology,automated,E,E-sys,11,30
tentacle,octopus,E,E-whol,28,30
tentacle,slippery,E,E-perc,25,30
tentacle,purple,E,E-perc,24,30
tentacle,suction cups,E,E-comp,23,30
tentacle,ocean,S,S-loc,15,30
tentacle,slimy,E,E-perc,13,30
tentacle,wet,E,E-perc,9,30
tentacle,water,S,S-obj,8,30
terrorist,attacks,E,E-beh,25,30
terrorist,islam,I,I-cont,22,30
terrorist,death,I,I-cont,22,30
terrorist,kamikaze,T,T-sub,18,30
terrorist,sad,I,I-eval,16,30
terrorist,bad,I,I-eval,16,30
terrorist,religion,I,I-cont,15,30
terrorist,fear,I,I-emo,11,30
thermometer,temperature,I,I-cont,28,30
thermometer,mercury,E,E-comp,21,30
thermometer,hot,E,E-sys,18,30
thermometer,fever,I,I-cont,17,30
thermometer,weather,I,I-cont,14,30
thermometer,measurement,S,S-fun,12,30
thermometer,red,E,E-perc,9,30
thermometer,sick,I,I-cont,9,30
thermometer,degrees,E,E-comp,9,30
thermometer,blue,E,E-perc,7,30
thermometer,cold,E,E-perc,7,30
thermometer,pointed end,E,E-perc,7,30
thermometer,farenheit,I,I-cont,7,30
thermometer,heat,I,I-cont,6,30
thermometer,sickness,I,I-cont,5,30
time,clock,I,I-cont,17,30
time,watch,I,I-cont,16,30
time,different zones,E,E-sys,14,30
time,measurement,I,I-cont,14,30
time,hours,E,E-comp,12,30
time,minutes,E,E-comp,12,30
time,seconds,E,E-comp,10,30
time,schedule,S,S-obj,9,30
tire,car,E,E-whol,30,30
tire,rubber,E,E-comp,28,30
tire,wheel,S,S-obj,21,30
tire,flat,E,E-perc,15,30
tire,driving,S,S-act,13,30
tire,round,E,E-perc,12,30
tire,bike,E,E-whol,8,30
toy,playing,S,S-fun,22,30
toy,child,S,S-par,21,30
toy,fun,I,I-eval,16,30
toy,christmas,S,S-time,15,30
toy,kid,S,S-par,15,30
toy,baby,S,S-par,14,30
toy,stuff animal,T,T-sub,13,30
toy,barbies,T,T-sub,9,30
toy,colorful,E,E-perc,9,30
toy,object,T,T-sup,8,30
toy,learning,S,S-fun,7,30
toy,ball,T,T-sub,6,30
toy,store,S,S-loc,6,30
toy,imagination,I,I-cont,6,30
trainer,coaching,E,E-beh,23,30
trainer,helping,E,E-beh,16,30
trainer,supporting,E,E-beh,14,30
trainer,teacher,T,T-sup,12,30
trainer,education,E,E-whol,12,30
trainer,yelling,E,E-beh,9,30
trainer,power,I,I-cont,8,30
trainer,control,I,I-cont,6,30
trainer,experienced,E,E-sys,5,30
tree,green,E,E-perc,26,30
tree,life,I,I-cont,22,30
tree,oxygen,S,S-fun,17,30
tree,nature,E,E-whol,13,30
tree,wood,E,E-comp,10,30
tree,forest,E,E-whol,10,30
tree,earth,S,S-loc,9,30
tree,leaves,E,E-comp,8,30
tree,old,E,E-sys,8,30
tree,growth,E,E-beh,8,30
tree,park,S,S-loc,7,30
tree,air,S,S-obj,7,30
tree,fruit,E,E-comp,6,30
tree,shade,S,S-fun,6,30
tree,bark,E,E-comp,5,30
tree,flowers,E,E-comp,5,30
tree,roots,E,E-comp,5,30
tree,beautiful,I,I-eval,5,30
tree,trunk,E,E-comp,5,30
tree,branches,E,E-comp,5,30
tree,climbing,S,S-act,5,30
tree,strong,E,E-sys,5,30
tree,brown,E,E-perc,5,30
trumpet,music,S,S-fun,30,30
trumpet,loud,E,E-perc,26,30
trumpet,jazz,I,I-cont,20,30
trumpet,instrument,T,T-sup,15,30
trumpet,band,S,S-par,12,30
trumpet,brass,T,T-sup,12,30
trumpet,horns,T,T-sub,7,30
trumpet,gold,E,E-perc,6,30
turtle,shell,E,E-comp,29,30
turtle,green,E,E-perc,27,30
turtle,slow,E,E-sys,25,30
turtle,animal,T,T-sup,22,30
turtle,hard,E,E-perc,17,30
turtle,swims,E,E-beh,7,30
turtle,wrinkly,E,E-perc,7,30
turtle,reptile,T,T-sup,7,30
understanding,empathy,I,I-cont,13,30
understanding,time,I,I-cont,11,30
understanding,sympathetic,I,I-cont,9,30
understanding,family,I,I-cont,7,30
understanding,comprehension,I,I-cont,7,30
understanding,knowledge,I,I-cont,6,30
war,death,I,I-cont,26,30
war,guns,E,E-comp,25,30
war,destructive,E,E-sys,19,30
war,kill,I,I-cont,16,30
war,bombs,E,E-comp,13,30
war,conflict,T,T-sup,11,30
war,fighting,S,S-act,9,30
war,shooting,S,S-act,8,30
war,enemies,S,S-par,8,30
war,human,E,E-sys,7,30
war,soldiers,S,S-par,7,30
war,territory,S,S-fun,6,30
war,religion,S,S-fun,6,30
war,sadness,I,I-emo,5,30
water_rise(tide),ocean,S,S-loc,18,30
water_rise(tide),high tide,T,T-syn,14,30
water_rise(tide),low tide,T,T-syn,14,30
water_rise(tide),moon,S,S-obj,13,30
water_rise(tide),fishing,S,S-act,7,30
weapon,gun,T,T-sub,27,30
weapon,knife,T,T-sub,22,30
weapon,pistol,T,T-sub,20,30
weapon,bomb,T,T-sub,16,30
weapon,wrong,I,I-eval,12,30
weapon,negative,I,I-eval,10,30
weapon,america,S,S-loc,10,30
weapon,war,S,S-time,8,30
weapon,officer,S,S-par,7,30
wheel,car,E,E-whol,30,30
wheel,round,E,E-perc,26,30
wheel,spinning,E,E-beh,20,30
wheel,tires,E,E-comp,19,30
wheel,bycicle,E,E-whol,9,30
wheel,rolls,E,E-beh,8,30
wheel,rubber,E,E-comp,6,30
wheel,invention,T,T-sup,6,30
yolk,egg,E,E-whol,30,30
yolk,yellow,E,E-perc,30,30
yolk,chicken,I,I-cont,16,30
yolk,egg white,T,T-coor,12,30
yolk,scrambled,E,E-sys,10,30
yolk,breakfast,S,S-time,9,30
yolk,baby chick,I,I-cont,9,30
yolk,baking,S,S-fun,8,30
yolk,cooking,S,S-fun,8,30
yolk,round,E,E-perc,8,30
yolk,eating,S,S-act,5,30
yolk,yummy,E,E-perc,5,30
yolk,cholesterol,I,I-cont,5,30
yolk,hard boiled,S,S-act,5,30
zebra,black,E,E-perc,30,30
zebra,white,E,E-perc,30,30
zebra,stripes,E,E-comp,27,30
zebra,africa,S,S-loc,23,30
zebra,animal,T,T-sup,14,30
zebra,endangered,E,E-sys,13,30
zebra,lives in groups,E,E-beh,8,30
zebra,horse,T,T-coor,8,30
zebra,mane,E,E-comp,7,30
zebra,zoo,S,S-loc,7,30
